PC1,PC2,cluster
1.037367455076003,0.1139682896396496,0
-1.7491561101004254,-0.17006846054542354,2
2.1160564830855675,-0.27040151691008596,0
2.211333067680036,-0.6959572492484447,0
0.6016511974072485,0.47216693481337696,0
1.5272043083405722,-0.04409242798506797,0
-2.15406591348482,-0.7990031315310723,1
0.3776780120318826,-0.3166082927457738,0
-1.9219732692914755,-0.25455917130449035,1
-1.3239848613690475,0.49395775089582644,2
-0.69177432935695,0.8264825610272745,2
1.941653542697098,0.3102440647690966,0
2.349023887198849,0.008007960542517118,0
0.22246215448785256,0.48970400102080974,2
0.9093426645023441,0.20578164042734648,0
-1.2191960154260497,0.3955906597022686,2
-0.7252293849895594,1.0079626790607963,2
-0.35125903461996777,-0.9991547457828382,2
1.1940092746649424,0.021158266851215596,0
2.3561470961783986,-1.0436060064417558,0
1.7254844611492943,-1.6279333368005704,0
0.47170566258350327,0.7375188702487016,2
0.7621623170418619,0.1887065920531439,0
-0.5239216370785691,-0.5788455747370463,2
0.7217591360629443,0.5362379788390459,0
1.1810250305336505,-1.026639851112485,0
-0.3182522900015427,-1.0850204083134813,2
-0.9443904488595994,0.8701706132999572,2
-1.2424315185016233,0.8173900525616262,2
-1.535979034587903,0.2756871196541065,2
0.6324669663960355,-0.9008161270219787,0
-0.8931093467065284,1.4027905378882237,2
-0.17650662385890487,0.7204782625585283,2
2.2005384854485297,-1.3156477160183897,0
2.3402072831364387,-1.027562616420619,0
-1.203361991876784,0.4043187319812992,2
2.1479914620727523,-0.7888314538335154,0
-2.0215726938693033,-0.2168386099617084,1
-0.8776744923778956,1.3647022500982013,2
-0.42471724601249244,0.7992288477692966,2
-0.46540695111058017,0.5145249603539641,2
-0.8441095754749285,1.3332249761270036,2
-1.2476811183318899,0.8233557693633959,2
1.0427315608969903,-0.13881886034345606,0
2.1152387724042474,-0.6734656870389734,0
2.609689307809532,-0.07754227078801411,0
3.1449558320019926,-0.8226977217235784,0
0.11401177920579066,1.059981129677485,2
1.5996109433439891,0.05339171171804854,0
2.093416252108237,0.4984491446364904,0
-0.9022744302416384,1.2388314681152308,2
-0.5626081313200473,0.7341580690495927,2
-0.3327818632257465,0.7095168351162195,2
0.6886733815547017,0.40147284459452026,0
0.6985588013469844,0.3603329825285045,0
-0.05292269808160819,-0.30728835059710224,2
0.17193783763622097,0.8767734029107191,2
-0.23509157523902688,0.7820004878205059,2
0.5462290195556769,0.10393878650464512,0
0.5964973361212651,0.5654519070462367,0
-0.4630268500452353,0.9248987972713437,2
-1.3128080253367183,-1.1933862245203102,1
0.060278188575269794,0.48959807067612915,2
-0.317100974066534,-0.34603730105813035,2
1.8236498207089757,0.08807330816385443,0
0.15699860788787864,0.8265848039888832,2
-0.707309763693535,0.7305257661858171,2
0.0914810052989485,0.9120559665433157,2
-0.05595902260320381,-0.16990740736429746,2
0.28838937566160455,-0.11252512038057093,0
1.011310998367026,0.02165809538583546,0
0.2963911462050974,-0.04467617217807461,0
-2.3405928448147044,-1.1898175510037963,1
-0.9102534605243519,1.1718928187063893,2
0.5681103811380402,0.694189728457039,0
-0.8165984313440651,0.9663614353925882,2
-0.1599087250736027,1.28586579745197,2
-0.4026775525401627,-0.7943973716098847,2
-0.45699523073642134,0.7981624582644522,2
-1.2797155295789224,0.7324808595774971,2
1.2633084941723045,-0.9162454580896083,0
-1.5341769739305582,0.12973502792829414,2
-1.0937954996550812,0.880418253108324,2
1.965201395675836,0.33175107250149327,0
-0.44620471325144884,-0.43500339719783204,2
3.3411187939748457,-0.7887857854219928,0
2.6394360835769697,-0.8508731949491325,0
1.598312238542885,0.6198180976040747,0
0.43579874161065446,-1.232530292316452,0
0.30786329543237917,-0.07424076920473431,0
2.396832328291719,-0.04398676452732711,0
1.4149028448726113,-0.7495378788422795,0
0.8847123420848688,-0.2642022896708031,0
0.7713104109037922,0.22293085763731196,0
-0.6812770333216354,0.97472812752902,2
2.246116248007417,0.009079508713582015,0
-0.9261138370552376,1.1708591426071622,2
1.134579000096307,0.07067708542413201,0
-2.2175108656172577,-0.39556437436917935,1
1.524684324261299,-0.2872398071769744,0
0.3917504731151067,0.8991599778660821,2
0.9775177560538529,-0.15098761619656834,0
-0.8107461537568473,1.154209633133911,2
1.0780592122486896,0.1862904376085799,0
-2.1526028317275347,-0.2853457126302046,1
0.4064735836950805,-0.007399028921530544,0
-1.2576700598213435,0.47669231275283686,2
-1.2119866148088132,0.6942694128858105,2
0.5245193407369609,0.20348168310166778,0
0.096004751208943,-0.48328127254947734,2
1.061385102241272,0.1253894067902922,0
-2.276870233173478,-1.8571670255708521,1
-0.34956987787673266,-0.014576685631216918,2
1.7760010678516975,0.15448664030310505,0
1.1043779924993713,-0.07543920567087657,0
0.4510938231838108,-0.40755208644335317,0
0.83716256001445,0.2765670510027235,0
-0.10658585907028344,0.9070867641086715,2
-1.5590659383641239,0.3886108627941895,2
-1.604854081636983,0.3560123755786753,2
-0.025536130277958854,0.42250337941683536,2
-1.0459228059545025,1.202051713243317,2
0.6172077709115896,0.3052722281805963,0
-0.14671614753315937,-0.04400159605167184,2
-0.7910597184153122,1.3322668026806874,2
0.3726373908601528,-0.6075222754051048,0
-0.874690005718114,1.3318199827464572,2
1.2177980394004506,-0.7801321942384597,0
-1.5798532208222422,-0.495274454146574,1
2.8648354661621585,-0.2891778012123608,0
2.468454293504495,-0.4095823457715736,0
-1.1976480446419473,0.9713917494245919,2
1.0618368044588393,-0.8754475229684124,0
0.995463116397063,0.3756710333115968,0
0.9056423957401378,-0.60209565419633,0
1.8184563796011433,-0.17210623220871346,0
0.5966987522151965,-0.048291395889532865,0
1.4959608254707792,-0.8652545993415035,0
0.600574554469531,-0.6914111928592612,0
-0.6934794954681659,1.0926477677179214,2
1.3077568738416887,0.5722153709582289,0
-1.8428036061792215,0.11158270720860915,1
0.6013587204004345,0.6100083084680483,0
1.6881372326093291,0.008439654862498314,0
0.07117687453961752,0.42878343888262577,2
-0.0755404800756843,0.72661072412869,2
0.22663502033930955,0.7739762466747554,2
-0.967112580352093,1.1279197935137484,2
1.029133697336126,0.48248891482962564,0
1.3533536695604353,0.22432756410082033,0
-1.2846738847970507,0.7702554758918482,2
-0.8321935417945062,-0.6467577255557659,2
0.8253534907347544,0.21962738518320193,0
0.9502170409824975,-0.15123288412638505,0
0.04448793042952773,-0.1630387276752995,2
-0.4018671446490762,0.5684835658862785,2
-1.457603750416539,-0.3215977943104874,2
0.19235368288655796,-0.04778927579310643,2
0.13962476065913532,0.1613130295388314,2
0.6672986171986067,-0.6322697440928436,0
1.9967405030792214,-0.2946930207681765,0
1.454298043674345,0.12785373385170215,0
0.5510311604702749,0.40814114203353685,0
3.250432095693246,-0.4115686520762991,0
0.30165377845332597,0.8017029312599372,2
1.341056055383085,-0.59086831804037,0
1.7321453734140662,0.12662610835835217,0
1.0869528651320082,0.5080063086988091,0
-1.0451497637287253,0.9656146381641162,2
-0.9035188798824813,0.7244004855524043,2
0.32751847595018835,0.854070089733784,2
-2.525721280122682,-1.2322210255995696,1
0.5946073052531449,0.4111832901375823,0
0.4031790684574276,0.02884361962961936,0
-0.6233322412315344,0.3710859206993142,2
0.25191743374815984,0.7142687429922369,2
-1.2591887456562871,0.5887326840331272,2
1.7704102780614448,0.12699555548064523,0
-0.4374504695551734,0.9995219018836986,2
0.37315045225693655,0.2195286517977663,2
0.8628345612336786,-0.0296287740420175,0
1.083602910537602,-0.021323010957922797,0
0.19843352610899886,0.6157812728302984,2
-0.9788080660906495,1.071030399567233,2
1.0135066907182246,0.3885962662036544,0
-1.0014160668064502,1.1047488517848878,2
-0.7223925685734421,0.4791884264354149,2
0.33929572487884413,0.2893041195873723,2
0.17966241479528156,0.6324213673450515,2
-0.08653525619361559,-0.09707883587970102,2
-0.2753982823512323,0.3840954545426653,2
-0.564315300635096,1.101057783807584,2
-0.5266093383709858,0.8421453479159029,2
1.5480653119749392,0.3099998831198522,0
2.18323001383476,-0.16313650496785662,0
-0.9952102775425802,1.2000491118160432,2
0.5575722027153837,0.07969810001077061,0
-0.3365009232386809,-0.07313023718638853,2
-0.10721562964745282,-0.6520915445706004,2
-0.9625925240693346,-0.9081732401676516,1
-0.09546631004980062,-0.08495069408174408,2
-0.06903203848735265,0.9312773201640443,2
-1.2249790184777978,0.9305892781423512,2
0.7957310239181574,0.18117166591650052,0
1.5487199288996074,-1.4511837034020547,0
-1.6808732276134049,-0.5585332887021821,1
0.9774242418694254,-0.20392690831117244,0
2.7860964913577297,-0.5873214364352932,0
-0.18512231617735597,0.8975841124324386,2
-1.0290938611190015,1.1353876347301664,2
-0.14720817259134525,0.533443530079048,2
2.0477130611969567,-0.4162963550000547,0
-1.701302915493718,-0.4823258990566412,2
0.5217639866442151,0.011857714178136842,0
-0.9206172787611205,0.812057655487096,2
-0.15907005208127564,0.7088181179393084,2
-1.1310350150623723,0.8836794626694897,2
-1.0474565192121665,1.0227364616851098,2
-0.9014361915468665,0.6712512795209898,2
-1.3307216725018696,0.4454552043687255,2
-1.2445072429472215,0.10059656180206035,2
1.7663179598250354,0.30776815449861067,0
-0.156067470462021,0.228913497773244,2
1.6966803734833673,0.10217415901603773,0
-0.6677068482573527,0.9955721364682595,2
-0.2083438496984536,1.3298330837002532,2
-0.33990939609020043,0.375464828978264,2
-2.0317190721407345,-0.9249896878659732,1
1.1845799294699544,0.20126756925291756,0
1.0431172037943703,0.4256312947333723,0
0.6183450662803103,0.394318629166303,0
-0.2666214120391826,0.7412621990850701,2
-1.1800135273102232,0.9684774126997842,2
-0.7870289524358185,0.36712688418721,2
-0.1413897090711446,0.8057953579228506,2
1.5351608130324628,0.14964769635429814,0
-1.3881278944221573,0.5706975256670064,2
-0.42944429084264035,0.1945433606267936,2
-0.4375944928523872,0.11652087117059541,2
1.6740170764216198,0.25206759474065465,0
-0.2412481896024142,-0.26475265182098306,2
-0.5824345539544872,-0.5863739755294981,2
-0.18037906167169107,0.24396512037212362,2
0.5871395700081697,0.3994289016059631,0
-0.9194090177245877,0.8556732518723924,2
0.9983950820966794,0.4025745964986307,0
2.0780751540219917,-0.2103634826067296,0
-1.0357401343706016,0.9449172937216499,2
0.21077558212481812,0.5956064560375789,2
1.8567104642368897,-0.5426396127090384,0
1.5718895441027336,0.12626764985180616,0
2.629325063125595,-0.4423370034743994,0
1.3141947086932282,-0.4919435367275687,0
0.5416523728453158,-0.2817193156431037,0
1.6297721015106093,-0.23658401622553357,0
1.0113270831170753,-0.1507692804910434,0
1.5512501238115408,0.08657613726178054,0
-0.7430737930197628,0.8589456381662589,2
-0.03225249568866041,0.3518477025113428,2
-1.4862383307275875,0.26733415237744046,2
2.225957325481609,-0.6178477863374642,0
2.093399024675109,-0.2725267150226323,0
1.4599469124224254,0.15232612101991808,0
-1.096681517415055,0.8852499132312668,2
0.2293441763757779,0.5179483449573441,2
0.7678991101112548,0.6522731473954074,0
-1.073271927608728,0.32375826018955756,2
-0.43171121066048035,0.8734554986790294,2
-0.2031171467026224,1.04119225571545,2
-0.7442836481763945,1.6226861158560142,2
1.961774753563958,-0.7969104083541758,0
2.8397390861505327,-0.46131882106921723,0
-0.07736838150822276,-0.21652970187811094,2
0.4560096637336744,-0.06714064328570075,0
-0.2241814858911707,0.21966463220988958,2
-1.5334447210110929,0.54436750757825,2
0.9558561999619352,0.20830714111514154,0
-0.3673542907146829,0.881385926886076,2
0.4074275545262749,-0.6772192593510131,0
1.0116801580150712,0.27274908966770306,0
-1.3090728355174908,0.7279650876886188,2
2.0499866785744576,-1.3266081534969245,0
2.229154789093592,-0.7295493981765228,0
2.516415513588595,-0.5369697060387352,0
-1.351979986164551,0.667375995661152,2
-1.4422228470923055,0.409840316903152,2
1.3125104785860522,-0.3480936930737846,0
-0.004907896267565575,0.8136417129774439,2
-1.4102614251627426,0.4741907111013115,2
1.4423681213401465,0.17348921355357944,0
-0.9436309981031805,1.210931980315703,2
0.871409551759908,-0.174078185910874,0
0.5382776090106562,0.7118077192034274,2
-2.061291817439713,-0.1814785145622116,1
1.3756071197108637,-0.24378959065163178,0
-0.9070915046860172,0.7099634386821251,2
-2.734199038180027,-1.5898405583486555,1
-0.4216833411337938,-0.3949346238956452,2
-0.9544533220624724,1.1551412050552419,2
-1.2523381049456017,0.8185462087167323,2
-2.2555748634073947,-0.5501919543688065,1
0.2654320714893771,-0.5640534212907731,0
-0.5187330736547003,0.7128259365782517,2
1.8541423025592947,-0.15296777677946394,0
0.7350536781536119,0.7549977410368814,0
-0.699011382445407,-0.8913077863473813,2
-0.7754212580602333,0.3328807144038482,2
-1.028409546580926,0.9849387471744874,2
-1.8072681893399385,0.010286691445500633,1
0.3443681844348391,0.6315216465381372,2
-1.946485741247167,-1.456453115577489,1
-0.1980854044916067,-0.015474512582100083,2
1.739466815336897,-1.4258229709941905,0
-0.4909889255800324,1.0639674915906714,2
-0.3454342229330805,-1.492836937660353,1
-1.236754301767745,0.7314847247024724,2
0.9868133406434021,0.19198265032029388,0
0.4875530408788187,-0.3111351919106977,0
0.09715194184407369,-0.6817954545320998,0
1.8370886311881798,-0.05881544710699752,0
-0.7094311365722071,0.8591711988281416,2
1.441396612973248,0.3709462402714388,0
-0.7069284587220002,0.6914056445953851,2
-1.8550042152933053,-0.6359146656149137,1
-2.007175367906888,-0.027468879442153673,1
0.19247675119270852,0.26245422649183076,2
-1.0255956897058474,0.9177905936928161,2
-0.42037554862754245,-0.007666965649264463,2
1.2471338349011245,-0.11700303267930591,0
-0.2218282318658201,0.6060690947560929,2
-1.1460261198441657,1.027152538023389,2
1.0727967045766187,0.07737123004203507,0
-0.6422871703083051,-0.5564780410944992,2
1.0395592095243216,0.14820508338235322,0
1.6092186330593796,-0.35498084491098175,0
1.8767856188112646,-0.026198776534774756,0
1.4481883315570254,-0.03202393226561449,0
0.22886433215504745,0.16709961849661994,2
-0.8739485227192787,0.7602728749468628,2
-0.8426998675998628,0.5916990968318702,2
0.5200586483365006,0.4971055287276698,0
1.5334439276909357,-0.010887790394738072,0
-0.9730226502204157,0.5748335591860614,2
-0.6389674939116002,1.1489224817234411,2
-0.5140626089418316,-0.7380340972775096,2
0.46904576097992584,0.32223165594532555,0
-1.2082988029700668,0.7929658716516979,2
-0.2544971096932112,0.31833540217976464,2
1.8578705995592828,-0.0473846721967494,0
1.3956458753318177,0.11355199554533532,0
0.6525475868759499,0.6369498066821287,0
1.4434662262243363,-0.06813485769589116,0
-1.0271596208232516,1.0348967711984107,2
0.17350642091471116,-0.15434055970323232,2
1.5617208926626083,0.4512375841461872,0
0.7015369754856187,-1.5379803314106766,0
-0.16683869236900686,0.4212629370961209,2
-0.42943030693896084,-0.36991885042068223,2
1.133488499702529,-1.53560336553612,0
1.1148384222744534,0.5180044910715659,0
-1.0201622734453135,1.1905925713827015,2
-1.6591312328712728,-0.20945244315046382,2
0.9804131886959939,0.6199192101378909,0
-2.3575844169122693,-0.8379453811810993,1
1.0903786379265143,-0.10371485179161839,0
-1.1137853786525975,0.4005345720068534,2
1.246028886210848,-0.49331341835638143,0
0.74227349185439,-0.4805359127943943,0
-1.2793077571743736,-0.42812191920764864,2
-2.8396311933870844,-3.055821455758275,1
0.6514292292202243,0.33746097255988716,0
0.539765454543351,0.3215680344775657,0
-0.5107216977270199,0.23902077550061973,2
1.238218406537371,0.11979247534075893,0
-2.8454541587163233,-1.8274486933285092,1
-0.03535427316244812,0.49759752196292245,2
-1.3187887787679278,0.5937583885337088,2
2.700764401605251,-0.5209577429812261,0
0.18938338625261492,0.2803331943915233,2
1.3611685982978499,0.5079487867437039,0
-1.1723424266377869,0.897989532645471,2
2.5501372150351194,-0.49075882532397996,0
0.025995712504060263,-0.42492312639455115,2
-1.4105355781881135,0.48225494858964685,2
-0.8812890417402112,0.9005853259356393,2
-0.04095377712912265,0.4369331285049433,2
-2.1449664486508384,-0.5156880932097597,1
-1.1806645752393268,0.7429869714838487,2
-0.30621398066289873,1.087159865842269,2
1.0070600177601043,0.14288572070386354,0
0.04749572947777097,-0.2806896384396063,2
1.079484586233579,0.32912285635468924,0
0.09167712637516612,0.7808228249918319,2
-1.8640847285201219,0.17748040482298721,1
-0.17177945938870118,0.14371960609392426,2
1.1477875632555408,-0.9373759430297086,0
0.8277338730043252,-1.852726826625421,0
0.6253682052386982,0.40825074276088325,0
0.8681052336885432,0.46415718198412215,0
0.13230337316599217,0.3727905669530175,2
2.1827705985196793,-0.27135509962145987,0
-1.1235147523121398,0.9978297853456762,2
-1.6923670819993266,0.2806678266168557,2
0.5566442764619923,0.22757193517461055,0
-0.5893154826934633,0.7338941400507426,2
-1.3490362566778007,0.5978955731501142,2
0.17710267764908222,0.27143121511181906,2
-1.3969059591036612,0.3318713550082311,2
-0.7421088265374043,0.9306679683493894,2
-1.1397491311870147,0.8998625447341322,2
-1.0129936159020287,1.1272451238821586,2
0.056315125928402814,-0.1324698986506513,2
1.066055365635608,-0.15666301952100747,0
-0.01238379722737906,0.8047331120045507,2
0.10200005183880713,0.6672898443052487,2
-1.1647899499521595,0.7226048387885027,2
-0.638818398309081,0.434575861522343,2
1.1162073770227308,0.5435926709233364,0
-1.498982950182179,-2.1428841231624327,1
-0.9941326032059871,1.1358496038039558,2
0.8262774668704956,-1.2743809235921133,0
-0.4740572332514496,-0.3447586046378779,2
0.5768481470832418,-0.41653712576153573,0
-3.731735081732958,-4.088364012967282,1
2.0138115486055743,-0.009574301013547015,0
1.7432438258731184,-0.5008223743468311,0
-1.3380833281968911,0.5663424688384536,2
-1.1873646808075775,0.5486454371664643,2
-0.5013333789697669,0.7621310349496487,2
0.3972100150475257,0.3128687211242771,0
-1.5740655316849967,0.2778507446858989,2
1.2813299130748483,-0.4146633956225176,0
0.7077474749702489,-0.30674471475465154,0
-1.7215099324860093,0.3423451558569048,2
0.13171807606424502,0.76437317724118,2
-0.868246454455636,0.3208654707042289,2
-1.628881242382401,0.4433266145577624,2
-1.1918884599751682,-1.05060095660655,1
1.8233981706897706,-0.22146728274203833,0
0.97814687783553,-0.4083183701983798,0
-0.5864924281108669,1.3155028054977809,2
0.21951977187991395,0.05860242155596012,2
-0.20235128333994865,0.01334205925555958,2
1.3417011278213817,0.04808481115066236,0
0.17385090793437974,-0.30850810062994066,0
2.0536549671430238,-0.6518425371954722,0
-0.04930506131790025,-0.48544064031909057,2
2.231925739750103,-0.9777849140979993,0
0.2216305583381944,0.32215601221541945,2
0.19017987002177766,0.6593089188251,2
-1.208388704783361,-0.5516511043034055,2
-0.7924435261526035,0.9148543183566744,2
-0.9373789397351142,-1.055370373014702,2
0.8976971334415667,-1.0531159247651476,0
1.6934095186383566,-0.5605780420903175,0
-0.031729320920769064,-0.21427900410539064,2
-0.8765028289239923,0.7565439163369018,2
-0.8603129495035027,0.09034516649689195,2
2.5045133252694143,-0.8653529154258949,0
-0.6102553250502599,0.5639441687497735,2
-1.5867107042957107,0.18024723269961426,2
-0.01601130474998086,0.31650728105198866,2
0.44124556170226925,0.2684744592071185,0
-0.35697232185635985,-0.024144663310357275,2
1.3795995818569904,-0.11679314961754024,0
2.3450926065310593,-1.0039963746381684,0
-0.9848498954333916,1.099972040263528,2
0.7044287439503067,0.26611501072645216,0
0.9847914725330624,-1.361263544391492,0
-2.2722453193014056,-1.6375842230201314,1
-1.1385131919476366,0.9609596114377588,2
-1.3060951141475514,0.7078971921017978,2
1.1962271320790385,-0.5026058046656756,0
-0.8642050953475141,0.22773030020922225,2
-1.3189399752132371,0.7228749548658302,2
-0.521791745420026,0.6958649047486074,2
0.4354635573957739,-0.20225981176298372,0
-0.5143082776607834,0.5701329477188166,2
1.2856047471366836,0.31136742190469385,0
0.8492082048691376,-0.003445488781885621,0
1.280473653324036,-0.6515408981850767,0
-0.9032588486064765,0.3002711274800803,2
-0.5816212751630171,0.4195669839328242,2
-0.9372452545823629,0.1025463757907506,2
-2.5555023198611537,-1.2092689124476346,1
2.337776979920419,-0.1604298700026329,0
0.013515761721479955,-0.12948756037624934,2
-0.6560349551284339,0.9790550665439218,2
-1.2803456387891814,0.6297157902231323,2
-1.4799060556917591,0.5964830077906512,2
-0.952867019425442,0.48791007324299795,2
-1.228241672091706,0.4018473816089211,2
-0.1336440940294096,0.22165837457167384,2
-1.1263647922169424,0.9501050548646911,2
1.423945071789121,-1.8807912622581384,0
0.4835057664934064,0.3427400433466372,0
-0.9015576506750893,0.6373859764741175,2
0.587927720885764,0.5757984622250929,0
-0.9937902495560728,0.9686106345313453,2
-1.6053150065876698,-0.5346936443907009,1
1.0196876323617012,-0.4899480902312855,0
0.13745259342925709,0.7992409583814503,2
-1.172613819626783,0.8607733697819283,2
-1.1133821364651042,1.0382677254683659,2
1.6545218001136353,-0.08462712055853339,0
0.12316790133181892,0.7383932301676066,2
-0.661163527854754,0.5401397533160301,2
-0.35406314541073064,0.2545654482812807,2
0.683957076166878,0.5308671422617521,0
-0.4640969662293576,0.36865171450178735,2
0.6257331664518491,0.20774660060316877,0
-0.27338979978737304,0.25723856029700237,2
-0.6673648644553166,0.8270398985163263,2
-0.026858599916630543,-0.9825652136077779,2
0.6215138200071659,-0.7786481303119028,0
0.8781322190844716,0.4659131966924838,0
-1.1488910663215486,0.7979012247384684,2
-0.4302567439754466,0.6664352314470906,2
0.8642151126787359,-0.2424460392453817,0
-0.23767238938940136,0.861799051301867,2
-0.11010441744100266,-1.8383592150000587,0
1.0047988595221236,-0.0714890017852823,0
-0.708733247048594,0.2472434326673555,2
1.5475740558753535,-0.33522854689871234,0
-1.104304324908415,-1.2213391315841853,1
-0.5172839521193082,0.8493669651822194,2
-0.10109846576491031,-0.8416442091147008,2
-1.1261907513861706,0.7618913041456938,2
1.144259919070191,0.16297390557819802,0
1.4414475443067998,-0.9331959741793275,0
-0.030217835458017914,0.3462943286409551,2
0.022696500557910483,0.61883792512368,2
2.6885475429283945,-0.6424266136406303,0
1.2457232094491577,-0.8024996131876416,0
-1.9512356876450108,-1.148803591384141,1
-1.1636216575832894,0.46927275736532514,2
-1.4881057153486468,0.5299114656951418,2
1.2328843607816127,-0.21135522546309032,0
-0.247583496431316,0.5878826436752259,2
1.851450979450728,-0.18627836165643186,0
-0.7019273944971273,-0.6687755313055785,2
-0.33183054555317787,0.07166733144728707,2
1.2156773350495647,-1.4124935376942782,0
-1.5187612403393844,0.5991651344357537,2
-0.8016158342264599,-2.189000106826125,1
0.3765429269836281,0.35264707890993763,2
-1.0799286114781683,1.0526876610760323,2
3.770064345089227,-1.256226047305492,0
-1.310970575203532,0.7127343843491707,2
0.9290428247032309,0.3032909229129679,0
0.2667581651605164,0.16845997498943516,2
0.40331659821086113,-0.2403770083992813,0
1.417480038131003,-0.31906379346957014,0
0.2955437179932249,0.6177341490091893,2
1.1109554065800176,-1.2764280744912149,0
-1.5022324129311875,-0.46227589201478186,2
0.24858424212277974,-0.2894475499294054,0
0.7460669144333615,-0.21021386761318392,0
-1.5713873164283751,-0.37614265566410143,2
-1.3812045305883658,0.503978808234128,2
-0.6340067112114718,-0.2827696056566938,2
-0.511022848160976,0.7652853983374791,2
-2.135417361823501,-0.3073631398785875,1
1.126631164341384,0.41834976850805267,0
-0.5893740622319248,-0.06730566111309018,2
-1.2366203897239885,0.5128308046810984,2
1.4889191506142117,-0.15548827875912868,0
-0.46034547105806234,-0.1506884084577374,2
0.22854091003706845,0.6594689550697245,2
0.40753248645592355,-0.45255124826171844,0
-1.5679872609117274,0.06103219766712305,2
-2.1916977050276154,-0.33113213308255157,1
-0.32357168564686284,0.1882195169047169,2
-0.9352350348807684,0.22370452335859528,2
-0.9083666316034089,1.3114183476121426,2
1.004500493149156,-0.4404686129721863,0
-0.11464682578140618,0.08002970561651707,2
-0.7906417353658793,0.8293734095996348,2
0.09780852190863804,0.08072527504391348,2
1.5175186359381523,-0.3655199961353607,0
-0.6889805705087616,0.039536331157496364,2
2.3886453540700683,-0.5389946753757607,0
-0.6537761581896429,0.9100079662452867,2
-1.4094316808528933,0.5138160192589571,2
-1.728016061972665,-0.7919929154092697,1
0.0014484111654627912,-3.40371871326495,1
1.114902227565856,-0.7987996983819083,0
-0.6094841792340429,0.496102486425854,2
-1.551087858030419,-2.1390349063569456,1
-2.081274875078354,-0.4315817894172027,1
-0.6990501251018932,1.004860066924477,2
0.4066823058834817,-0.80514779095756,0
-2.016292251945474,-0.23679167647029184,1
-0.9803427769420295,1.2506771041730886,2
0.14468507009310522,-1.9038750821510744,0
1.697245625087606,-0.07295743611601707,0
-1.2303886388556664,0.8085146572486815,2
1.0442777387579882,-0.33363482885924045,0
-1.0016822490157993,0.5690633636761844,2
0.18172159527782508,-0.5651453919248088,0
0.21137811378450316,-1.4510901574579045,0
-2.2427466535714338,-4.693364651093219,1
0.7236841785439261,-2.230789155854781,0
2.251290163933461,-0.4478808506684368,0
-1.2872117058473536,-2.2700516180381607,1
-1.288629148238961,0.4912158506897025,2
-0.36881391255733126,0.3480008787758269,2
0.2845459895114286,-1.120021275711614,0
0.9707563828996252,-0.29900769440642777,0
-1.825606094353004,-0.871393770706555,1
-1.9909516383832973,-1.1734570920179244,1
-0.4949894473180502,-0.9365280559721555,2
-1.6248178955922536,-1.2149596174750668,1
-0.7997004115424711,-0.9754633263814123,2
1.7324494744946353,-0.6621688955926945,0
0.5610625371848811,-2.293515938311535,0
-1.1364300430455951,-2.2823844356888956,1
-0.990071863695606,-1.5717908855183609,1
-1.2443218515704337,0.6486301056288266,2
0.014785271897138607,0.396582056246231,2
1.0739983927977268,0.44039584324607367,0
-0.37681153122763106,0.5919190039427393,2
-0.6124098363364995,1.321578809217884,2
-1.4298603251688513,0.4824700349449745,2
0.3921385465871465,0.35705188443963876,0
-1.0151266275938662,1.2543084502919375,2
-0.6167221678767065,0.5010766053150866,2
-0.005732059658485931,0.5675936584473467,2
1.2644230997706805,0.3578015455442895,0
1.7035672253834924,0.22113856650262412,0
-1.056184270440863,0.4310097653181626,2
-0.05574011811548973,0.709873685524498,2
-0.9641943423305441,0.36542640015618594,2
-0.9422892122234486,-2.290865498815753,1
-0.624859184867105,-0.4019598527124097,2
0.5911461526119233,-1.5310147260044404,0
0.15631774444889152,0.6174723010040578,2
-3.724583207634081,-4.275705509835851,1
1.1313505071326035,0.3300519811268561,0
2.1587026138763696,-0.4605768106187479,0
0.7296233928403146,-0.5690634027223948,0
-3.808576043177583,-3.967916044179971,1
-1.4637483630932921,-0.11670759534621392,2
0.7766176589498648,-2.129417005627513,0
2.0175196242371825,0.10579462633428056,0
1.562205620321009,-0.6666581047665895,0
-1.1217468707119147,0.9107219391680825,2
-0.4736039586994204,0.36716127607040056,2
-0.9865557955768015,0.8388307739061751,2
0.9417356452676736,-0.025409155509425345,0
-0.7018817371125988,0.6307074559199483,2
-2.2327994157605473,-0.5040348369560019,1
-0.6698573566127629,0.9126771238784737,2
-0.7892064030968834,-1.8778505482664083,1
-0.6997707942862561,-1.4236279078175416,1
-2.501692726661149,-4.926662133022575,1
-2.8723892702911007,-4.576326165129933,1
-0.8576762071225046,-2.788910664645384,1
0.24790057788359746,0.16172108628769058,2
0.0913567502306238,-0.24067122685085063,2
-0.3037592986635562,-0.025815672520266997,2
0.39130087561812055,0.30693404535997054,0
0.9943420768649163,0.2267882762384782,0
0.9324892720341339,-0.052381292535865924,0
-0.47383341667486667,-0.17922684947863252,2
-2.089944590574483,-0.3984691635002411,1
0.22664978234180105,-1.4685506028831135,0
-1.35827438298725,-1.6569355539135717,1
-3.7752896556162527,-4.0106074175355575,1
-2.338971921272273,-5.111012026301349,1
-0.43953225337314794,-0.3908306965959686,2
-1.8625010902316694,-4.3709342369297275,1
