user,gender,ammount_fbf_school,BT_Interactions S-H,BT_Average Duration S-H,BT_Unique people S-H,BT_Outsiders S-H,BT_Interactions O-S-H,BT_Average Duration O-S-H,BT_Unique people O-S-H,BT_Outsiders O-S-H,Calls_Duration S-H,Calls Made S-H,Calls Received S-H,Calls Missed As Caller S-H,Calls Missed As Callee S-H,Clls Unique People S-H,Calls Duration O-S-H,Calls Made O-S-H,Calls Received O-S-H,Calls Missed As Caller O-S-H,Calls Missed As Callee O-S-H,Calls Unique People O-S-H,sms sent S-H,sms sent O-S-H,sms received S-H,sms received O-S-H,unique people S-H,unique people O-S-H,conversation S-H,conversation O-S-H,cluster
0,0,19,903,2667.77,265,62,538,1405.2,118,95,204,3,2,0,0,2,52,0,4,0,0,1,2,60,4,70,2,1,3,15,0
2,0,7,177,2542.37,57,14,59,2166.1,12,37,0,0,0,0,0,0,0,0,0,0,0,0,0,0,0,0,0,0,0,0,2
3,0,18,819,2073.26,281,101,436,2502.52,122,207,339,3,4,0,0,3,336,6,3,0,1,4,42,105,38,109,3,3,26,34,0
4,0,30,453,2151.66,150,40,809,2123.36,135,101,435,6,7,2,0,6,733,7,10,4,0,4,20,62,13,56,4,7,12,30,0
5,0,26,1448,2056.49,231,74,650,2413.85,86,101,0,0,0,0,1,1,128,1,2,0,2,1,8,13,5,13,1,2,6,8,0
6,1,18,1640,2233.9,343,70,268,7540.3,91,64,155,3,1,0,1,2,249,5,3,0,1,3,26,20,21,13,2,2,18,20,0
7,1,6,154,2096.1,85,25,8,1725.0,2,6,0,0,0,0,0,0,0,0,0,0,0,0,0,0,0,0,0,0,0,0,1
8,0,6,238,4972.69,65,67,139,10092.09,8,106,85,2,2,0,0,2,116,1,1,1,0,2,2,11,3,14,2,3,3,7,0
9,0,2,132,1981.82,0,132,206,2912.62,0,206,0,0,0,0,0,0,0,0,0,0,0,0,1,0,0,0,1,0,1,0,1
10,0,8,684,1575.88,150,43,140,595.71,46,79,0,0,0,0,0,0,0,0,0,0,0,0,0,0,0,0,0,0,0,0,2
11,0,9,329,1618.54,48,125,1424,1660.11,44,248,0,0,0,0,0,0,2,0,1,0,0,1,0,1,0,1,0,1,0,2,2
12,0,21,1894,1704.17,362,86,1606,2124.84,246,176,141,2,2,1,0,2,210,3,3,4,0,3,33,35,38,35,3,2,21,14,0
13,0,78,1941,1366.0,452,86,1251,1814.87,254,152,84,3,1,1,1,3,1541,7,4,4,7,6,28,40,26,38,6,7,16,31,0
14,0,0,1294,1572.33,291,38,723,1641.08,189,46,33,1,0,0,0,1,0,0,0,0,0,0,9,6,9,3,1,1,4,4,2
15,0,62,965,2542.69,249,61,343,3157.43,128,104,155,1,4,0,1,2,313,3,5,2,0,5,0,15,0,19,0,5,0,9,0
16,0,7,210,2267.14,19,46,653,3720.37,22,83,0,0,0,0,0,0,4,1,0,0,0,1,0,0,0,0,0,0,0,0,2
17,0,11,912,1820.39,248,138,257,2205.06,44,209,36,1,1,0,0,1,0,0,0,0,0,0,0,0,0,0,0,0,0,0,2
18,0,9,1015,1751.23,179,21,15,2100.0,4,11,0,0,0,0,0,0,0,0,0,0,0,0,39,20,40,18,2,3,18,13,2
19,0,10,703,1704.84,244,105,365,3435.62,43,292,930,4,7,0,0,1,3223,12,4,0,0,2,5,12,6,2,2,2,3,4,0
20,0,0,489,2236.81,143,81,194,5455.67,35,118,582,8,14,0,3,2,1382,10,27,2,0,1,151,162,246,250,2,2,69,91,0
21,1,0,121,3128.93,37,39,123,7446.34,9,76,580,14,7,3,0,1,1382,27,10,0,2,1,238,248,142,160,1,1,66,90,0
22,0,13,1231,1740.29,191,113,874,3106.75,93,183,40,1,0,1,0,1,153,1,2,0,1,2,4,1,4,0,2,1,4,1,2
23,0,8,732,2032.38,208,83,397,3882.62,59,140,0,0,0,0,0,0,87,7,1,1,0,2,21,23,17,21,1,2,14,16,0
24,0,0,187,1832.09,58,123,87,1844.83,1,85,81,0,1,1,0,1,199,1,0,0,0,1,3,6,3,5,1,1,2,4,2
25,0,12,1423,1690.37,324,46,1080,1163.33,235,115,0,0,0,0,0,0,215,2,2,0,0,3,2,9,2,14,2,3,3,9,0
27,0,21,980,1973.27,192,10,123,5095.12,45,11,105,2,2,1,0,2,110,2,2,1,0,2,26,22,29,26,4,4,21,25,0
28,0,14,220,2440.91,82,1,106,1734.91,41,16,0,0,0,0,0,0,259,3,5,0,2,2,5,2,6,2,1,2,4,3,2
29,0,30,1518,1689.33,314,109,219,2235.62,5,209,0,0,0,0,0,0,0,0,0,0,0,0,2,0,1,0,1,0,2,0,2
30,0,24,856,2160.63,216,121,132,1043.18,26,99,0,0,0,0,0,0,0,0,0,0,0,0,0,0,0,0,0,0,0,0,2
32,1,11,882,1704.42,204,38,55,1723.64,7,47,0,0,0,0,0,0,0,0,0,0,0,0,0,0,0,0,0,0,0,0,2
33,0,25,212,769.81,63,53,145,2689.66,35,79,48,1,0,0,0,1,331,3,5,0,0,2,13,39,14,43,2,2,6,16,0
34,0,8,1405,2327.4,281,113,443,1178.33,64,358,0,0,0,0,0,0,0,0,0,0,0,0,0,0,0,0,0,0,0,0,2
35,0,3,988,1362.75,299,110,358,1129.61,97,149,0,0,0,0,0,0,2,0,1,0,0,1,1,7,0,8,1,1,1,5,2
36,1,33,525,1667.43,145,14,436,2857.57,115,20,925,5,6,1,1,2,4694,12,14,0,3,4,28,187,22,165,3,5,22,63,0
37,0,39,272,1632.35,100,79,626,1836.9,139,69,1058,13,6,1,0,3,4841,25,12,3,0,3,21,99,31,119,3,6,18,46,0
38,0,32,550,2160.55,160,59,88,2809.09,16,59,5,1,0,0,0,1,0,0,0,0,0,0,0,0,0,0,0,0,0,0,2
39,0,33,1083,1638.23,169,42,337,2480.12,88,90,850,7,3,0,1,1,4642,20,14,0,3,2,33,52,28,42,6,4,32,42,0
40,0,0,83,1807.23,0,83,214,1686.45,4,208,0,0,0,0,0,0,0,0,0,0,0,0,0,0,0,0,0,0,0,0,1
41,1,10,1593,2543.88,256,74,392,4118.88,73,165,0,0,0,0,0,0,0,0,0,0,0,0,0,0,0,0,0,0,0,0,2
42,0,13,1192,1806.04,305,93,239,2371.13,77,92,0,0,0,0,0,0,100,1,1,0,0,1,2,0,1,0,1,0,1,0,2
43,0,14,321,1560.75,107,167,404,1279.46,17,387,0,0,0,0,0,0,2,1,0,0,0,1,0,8,1,7,1,1,1,5,2
44,0,7,1357,2159.91,251,63,704,4048.3,87,112,0,0,0,0,0,0,0,0,0,0,0,0,0,0,0,0,0,0,0,0,2
45,0,2,505,1378.81,134,70,263,2750.19,22,226,0,0,0,0,0,0,0,0,0,0,0,0,0,0,0,0,0,0,0,0,2
46,1,26,446,1705.16,161,69,533,2202.44,109,92,493,0,7,0,0,1,163,2,4,0,0,2,23,6,20,5,3,2,11,2,0
47,0,10,435,2064.14,134,55,910,2580.33,109,80,1895,22,10,2,0,2,2084,15,20,0,1,3,23,5,33,20,3,3,20,15,0
48,1,16,1646,2382.5,318,90,895,3472.29,198,293,1075,8,9,3,1,2,3350,20,16,6,0,2,77,91,49,55,1,2,45,46,0
49,0,38,1800,1904.83,433,66,357,4630.25,135,73,2581,19,11,1,3,4,3516,18,28,0,8,5,97,75,135,115,6,4,81,64,0
50,0,10,1690,1522.54,398,111,514,2325.88,136,257,159,0,1,0,0,1,0,0,0,0,0,0,2,3,2,2,1,1,1,3,2
51,1,14,883,1300.91,315,83,715,3177.06,174,162,368,2,2,3,0,2,87,1,7,0,0,1,30,32,25,29,2,2,22,23,0
52,0,65,1522,1408.34,404,125,2421,2482.65,253,386,46,1,2,1,1,3,548,8,4,0,0,10,12,10,17,12,4,6,8,11,0
53,1,6,658,2193.92,233,76,445,2777.53,153,156,0,0,0,0,0,0,0,0,0,0,0,0,0,0,0,0,0,0,0,0,2
54,1,23,1693,1409.27,261,24,278,2079.5,79,147,0,0,0,0,0,0,0,0,0,0,0,0,1,2,1,1,1,1,1,1,2
55,0,15,881,1466.63,203,56,699,1564.81,150,66,0,0,0,0,0,0,0,0,0,0,0,0,0,25,0,26,0,2,0,5,2
57,0,7,1311,2288.56,329,76,1009,1961.74,69,40,36,0,2,0,0,2,2,0,1,0,1,2,6,3,8,7,2,3,3,7,0
58,0,22,866,3062.36,194,79,567,3436.51,58,117,0,0,0,0,0,0,357,3,3,0,0,3,13,10,8,4,3,2,9,4,0
59,0,7,171,2315.79,49,35,236,5647.88,51,45,206,2,0,0,0,1,27,0,1,0,12,1,2,6,6,4,1,2,3,2,2
61,1,19,2063,2074.7,354,99,340,2998.24,99,144,0,0,0,0,0,0,0,0,0,0,0,0,10,16,11,14,1,1,5,6,2
62,0,3,333,2900.9,70,127,728,5893.68,44,257,0,0,0,0,0,0,67,1,0,0,0,1,3,2,4,2,1,1,1,1,2
63,0,8,1066,1710.79,222,38,258,2160.47,80,135,320,2,2,0,0,1,71,0,2,0,0,1,8,2,10,3,2,1,6,3,0
64,0,16,1030,2145.44,286,48,1087,3450.41,123,82,77,0,2,0,0,2,3,0,1,0,0,1,0,12,1,22,1,4,1,10,0
65,0,15,895,2568.94,231,101,326,1497.24,63,219,0,0,0,0,0,0,70,0,1,0,0,1,2,0,1,0,1,0,2,0,2
66,1,8,32,731.25,6,26,73,1828.77,15,35,134,1,1,0,1,1,20,1,0,0,0,1,0,1,0,1,0,1,0,1,1
67,0,6,636,2154.72,161,140,382,1829.84,20,358,0,0,0,0,0,0,864,1,4,0,1,1,1,21,1,16,1,1,1,4,2
68,1,17,289,1137.72,115,47,120,2477.5,39,29,35,0,1,0,0,1,2,1,0,0,0,1,2,4,1,4,1,2,2,5,2
69,0,32,851,1679.08,279,66,1337,3257.37,186,165,454,5,9,2,1,4,352,4,4,0,0,4,12,6,8,7,4,3,12,5,0
70,0,0,680,1447.94,163,101,1033,1911.52,170,273,0,0,0,0,0,0,130,0,1,0,0,1,1,7,2,6,1,1,2,8,2
71,0,12,219,1746.58,35,178,602,1733.72,56,423,0,0,0,0,0,0,41,1,0,0,0,1,2,0,1,0,1,0,1,0,2
72,0,19,2046,2121.85,380,105,656,1588.72,93,89,0,0,0,0,0,0,143,1,0,0,0,1,4,2,4,1,1,1,4,1,2
73,0,13,728,1610.85,217,11,407,3373.71,70,11,0,0,0,0,0,0,143,0,1,0,0,1,2,10,5,12,1,2,3,3,2
74,1,30,799,2185.23,174,31,175,2230.29,27,119,43,5,0,0,0,1,14,1,1,0,0,1,9,6,7,7,2,1,6,2,0
75,1,65,699,1356.22,210,58,697,1848.64,129,111,197,1,0,0,3,1,152,0,2,0,0,1,6,20,17,23,3,3,12,19,0
76,0,15,815,1791.53,208,38,193,2541.45,48,70,0,0,0,0,0,0,48,1,1,0,0,2,7,11,6,16,2,2,7,13,0
77,0,1,18,566.67,2,16,48,1525.0,11,34,0,0,0,0,0,0,0,0,0,0,0,0,0,0,0,0,0,0,0,0,1
78,0,16,1282,2157.1,256,41,586,2522.87,85,107,0,0,0,0,0,0,0,0,0,0,0,0,0,0,0,0,0,0,0,0,2
79,0,18,1418,1673.06,347,101,665,1648.42,179,147,0,0,0,0,0,0,542,3,3,1,0,2,4,8,6,7,1,1,3,3,0
80,0,22,675,1769.78,189,101,400,1426.5,38,323,0,0,0,0,0,0,72,0,1,0,1,1,0,0,0,0,0,0,0,0,2
81,0,62,1379,1129.95,355,121,1209,2144.67,213,181,0,0,0,1,0,1,36,1,0,0,0,1,0,0,1,0,1,0,1,0,2
82,0,2,268,1473.13,111,6,87,2382.76,8,79,81,1,0,0,1,1,199,0,1,0,0,1,3,5,3,6,1,1,2,4,2
83,0,20,724,1403.04,189,40,988,2861.23,97,99,0,0,0,0,0,0,61,0,1,0,0,1,0,2,0,1,0,1,0,1,2
84,0,6,762,2133.86,258,61,95,5002.11,19,69,0,0,0,0,0,0,0,0,0,0,0,0,0,0,0,0,0,0,0,0,2
85,0,25,734,1132.97,156,13,320,2709.38,52,33,1796,11,3,0,0,3,520,7,1,0,0,2,37,10,26,8,4,2,11,2,0
86,0,3,364,1395.33,126,46,73,731.51,31,35,0,0,0,0,0,0,0,0,0,0,0,0,0,0,0,0,0,0,0,0,2
87,0,13,1057,1446.93,325,125,157,1486.62,81,40,0,0,0,0,0,0,0,0,0,0,0,0,0,0,0,0,0,0,0,0,2
88,0,34,2135,1993.91,391,97,1567,1646.46,237,156,140,7,1,0,0,3,373,4,7,1,0,6,10,15,7,12,3,5,6,13,0
89,0,0,133,1723.31,49,40,147,4551.02,8,110,24,1,0,0,0,1,45,0,2,0,0,1,7,1,8,2,1,1,3,1,2
90,1,25,1412,1761.54,372,85,745,3364.83,124,123,4836,20,19,2,0,3,6087,14,22,1,0,3,240,155,279,173,6,6,78,64,0
91,0,13,595,2484.71,184,70,785,2965.22,75,80,4001,18,15,0,1,1,2530,16,11,0,0,2,269,159,231,147,2,2,65,49,0
92,0,0,2035,2252.58,359,102,1235,1802.43,252,273,188,0,4,0,0,3,200,2,3,2,1,4,4,16,3,17,4,3,5,9,0
93,1,8,615,2223.41,181,22,33,1009.09,22,8,0,0,0,0,2,1,587,2,0,0,0,1,92,96,134,126,1,1,24,16,0
94,0,13,933,2397.11,196,15,282,3467.02,89,30,45,2,0,2,0,1,228,0,1,0,0,1,3,6,7,10,2,1,3,2,0
95,0,10,1616,2272.65,300,95,987,2038.6,176,211,345,4,9,0,0,4,1331,6,12,0,0,4,18,13,29,25,6,6,17,18,0
96,1,61,151,1068.87,49,42,1103,1612.33,185,91,374,6,3,0,0,4,567,11,3,1,0,4,8,20,5,19,2,4,4,17,0
97,0,15,1368,1711.4,335,94,94,2955.32,44,37,162,1,4,0,0,2,89,2,0,0,0,1,33,6,21,8,3,2,16,7,0
98,0,2,952,1376.47,289,128,274,2902.55,49,206,1698,6,3,1,1,2,207,1,1,0,0,2,8,4,8,2,1,1,3,2,0
99,0,24,1254,1954.78,273,82,234,2321.79,66,151,0,0,0,0,0,0,0,0,0,0,0,0,0,3,0,4,0,1,0,2,2
100,1,40,1974,2728.27,326,66,1025,3570.73,224,74,197,4,1,0,2,3,146,4,3,0,0,5,18,48,23,54,6,9,16,30,0
101,0,0,587,1000.17,220,88,734,1804.09,130,213,0,0,0,0,0,0,0,0,0,0,0,0,0,0,0,0,0,0,0,0,2
102,0,6,777,1913.13,208,119,385,2088.31,99,158,2,0,1,0,1,1,420,5,7,0,0,1,25,39,24,37,2,1,12,12,0
103,0,1,84,3071.43,0,84,118,3213.56,0,118,0,0,0,0,0,0,0,0,0,0,0,0,0,0,0,0,0,0,0,0,1
104,1,39,624,2168.27,209,60,347,4268.3,56,180,194,5,0,1,0,2,1679,5,0,1,0,1,43,82,42,73,3,3,26,20,0
105,0,8,1629,1926.34,268,119,800,3061.12,134,144,0,0,0,0,0,0,240,3,4,1,0,3,0,18,0,13,0,2,0,6,2
106,0,15,890,2256.07,235,72,239,2425.1,27,132,1020,2,11,0,0,3,756,7,1,0,2,3,19,1,27,0,2,1,8,1,0
107,1,27,1060,1482.17,334,88,435,1238.62,135,134,0,0,0,0,0,0,0,0,0,0,1,1,0,0,0,0,0,0,0,0,2
108,0,42,918,1929.41,277,78,557,2026.75,99,149,184,1,0,0,0,1,437,6,3,0,0,2,15,2,16,2,4,3,9,4,0
110,1,3,53,12860.38,0,53,71,8945.07,1,70,0,0,0,0,0,0,0,0,0,0,0,0,0,0,0,0,0,0,0,0,1
111,0,25,716,2146.09,253,56,198,3065.15,41,61,146,2,2,0,1,2,298,5,0,0,4,2,5,0,6,1,2,1,4,1,0
112,1,8,379,2829.82,126,30,250,1382.4,6,244,0,0,0,0,0,0,0,0,0,0,0,0,0,0,0,1,0,1,0,1,2
113,1,6,742,1643.53,200,25,186,2159.68,44,122,0,0,0,0,0,0,0,0,0,0,0,0,0,0,0,0,0,0,0,0,2
114,0,7,1878,2093.29,314,60,141,8087.23,48,46,22,0,1,0,0,1,0,0,0,0,0,0,49,9,65,8,2,2,17,7,0
115,0,30,618,1427.18,212,43,66,2622.73,15,46,26,0,1,1,0,1,0,0,0,0,0,0,25,38,22,32,1,1,12,25,2
116,0,5,687,1588.21,268,99,420,2692.86,101,159,380,4,10,0,3,2,74,0,2,0,0,2,5,16,3,11,1,2,5,13,0
117,0,11,7,3214.29,0,7,20,3480.0,1,19,0,0,0,0,0,0,532,2,2,0,1,1,0,0,0,0,0,0,0,0,1
118,0,31,1385,1903.97,158,31,104,2255.77,46,19,43,0,1,0,0,1,0,0,0,0,0,0,0,4,3,3,1,2,3,4,2
119,0,7,1282,2370.28,243,78,1150,2028.0,198,148,57,2,2,0,0,2,252,4,1,0,0,2,36,53,39,41,2,3,26,16,0
120,0,3,1291,2161.35,206,87,213,3942.25,32,145,128,2,1,0,0,1,72,3,2,0,0,1,12,37,15,43,2,2,14,26,0
121,0,12,738,2105.69,215,32,92,3283.7,25,59,26,1,0,1,0,1,2454,3,0,0,0,1,10,17,10,18,3,1,6,7,0
122,0,33,1196,2114.05,148,63,838,1604.18,148,85,3,0,1,0,0,1,192,1,2,1,0,2,1,63,2,60,2,2,3,12,0
123,1,18,948,1214.24,298,86,967,1992.04,132,122,0,0,0,0,0,0,0,0,0,0,0,0,6,3,3,1,2,1,3,3,2
124,0,0,350,2186.57,110,65,96,2871.88,5,91,0,0,0,0,0,0,0,0,0,0,0,0,0,0,0,0,0,0,0,0,2
125,0,1,375,1620.8,70,76,156,1357.69,3,153,0,0,0,0,0,0,0,0,0,0,0,0,0,0,0,0,0,0,0,0,2
126,0,5,454,1517.18,181,130,270,2367.78,44,219,39,1,2,0,0,1,0,0,0,0,0,0,8,2,8,2,1,1,6,2,2
127,0,4,850,1778.47,241,135,350,1807.71,32,298,0,0,0,0,0,0,0,0,0,0,0,0,0,0,0,0,0,0,0,0,2
128,0,20,958,1534.76,282,65,394,2719.8,88,132,0,0,0,2,0,1,199,2,0,0,1,2,10,5,13,5,3,3,9,4,0
129,0,8,536,2502.43,157,29,266,1643.23,34,41,17,1,0,0,0,1,3,1,0,0,2,1,3,2,1,5,1,2,3,4,2
130,0,18,1638,1630.4,331,63,606,1864.85,178,123,0,0,0,0,0,0,0,0,0,0,0,0,0,0,0,0,0,0,0,0,2
131,1,24,151,1533.77,60,26,465,1845.81,98,34,61,1,0,0,0,1,1052,1,3,0,0,2,10,6,7,5,2,2,3,4,0
132,1,16,1424,1670.65,384,111,386,1912.69,89,166,0,0,0,0,0,0,0,0,0,0,0,0,0,0,0,0,0,0,0,0,2
133,0,21,991,1711.91,248,19,166,1033.73,71,38,488,5,6,1,2,4,102,1,0,0,0,1,38,21,40,13,4,3,18,6,0
135,1,23,34,7861.76,3,30,96,5446.88,3,93,0,0,0,0,0,0,2,0,1,1,0,1,0,3,0,1,0,1,0,2,1
136,0,18,1826,1997.15,285,112,1117,3515.4,97,219,432,1,6,0,0,3,10298,8,14,0,1,4,141,177,133,193,4,4,73,81,0
137,1,27,1662,1879.6,288,92,562,4322.78,129,79,237,4,1,0,0,1,10248,7,8,6,0,2,130,191,136,169,3,4,70,86,0
138,0,12,540,1550.56,93,147,291,2230.93,30,252,0,0,0,0,0,0,0,0,0,0,0,0,0,0,0,0,0,0,0,0,2
139,0,31,951,2513.25,176,14,117,4420.51,48,15,38,1,0,0,0,1,2078,5,4,0,0,1,20,52,34,49,3,2,17,22,0
140,0,16,1616,2512.13,277,88,382,2427.49,67,235,4,2,0,0,0,1,131,5,1,0,0,2,11,14,10,12,2,2,9,11,0
141,0,12,274,1908.39,93,53,266,1607.14,66,67,61,1,0,0,0,1,6,0,1,0,0,1,49,71,54,70,3,3,27,32,0
144,0,16,1146,1785.08,262,40,1037,2379.75,124,124,284,3,2,0,1,2,742,9,7,0,1,2,28,21,28,26,2,4,17,11,0
145,0,2,1120,1354.02,290,95,188,2794.15,12,176,2536,3,1,2,0,1,1921,2,1,0,4,1,2,12,4,12,1,1,5,8,0
146,1,25,721,2112.48,147,27,171,2629.82,70,40,2536,1,3,0,2,1,2095,3,2,4,0,3,20,49,17,62,4,4,18,42,0
147,0,18,846,1320.57,213,13,378,1073.02,82,9,243,4,0,0,0,1,473,9,3,0,0,1,7,7,10,8,1,1,4,4,0
148,0,31,1364,2006.52,246,61,447,5985.23,76,74,0,0,0,0,0,0,0,0,0,0,0,0,0,2,0,0,0,1,0,2,2
149,0,0,2122,2098.44,396,92,692,3699.71,81,362,38,0,1,0,0,1,134,1,3,3,0,2,17,46,17,39,1,2,10,20,0
150,0,2,86,3627.91,8,78,196,2300.51,2,194,0,0,0,0,0,0,0,0,0,0,0,0,0,0,0,0,0,0,0,0,1
151,1,30,1539,1683.04,304,79,707,3531.68,132,86,0,0,0,0,0,0,28,1,1,0,0,2,3,44,4,47,1,2,1,18,0
152,0,14,1555,2105.59,320,67,485,2904.74,117,148,301,10,8,0,1,1,148,3,1,0,0,2,24,41,17,48,2,2,11,21,0
153,0,4,725,1060.14,196,117,330,1807.27,47,244,72,0,2,0,1,1,10,2,0,0,0,1,1,6,1,6,1,1,1,3,2
154,1,24,1246,1936.76,313,49,567,1958.73,182,52,0,0,0,0,0,0,0,0,0,0,0,0,3,11,1,11,1,1,2,8,2
155,0,15,1311,2176.66,261,137,428,1481.07,44,360,0,0,0,0,0,0,3,1,0,0,0,1,8,4,8,7,2,2,5,5,2
156,0,8,822,2292.7,232,71,467,5095.5,71,62,0,0,0,0,0,0,0,0,0,0,0,0,0,0,0,0,0,0,0,0,2
157,1,23,1246,2216.05,284,92,597,2816.08,152,164,35,3,0,0,0,2,81,1,0,0,0,1,7,17,8,15,3,3,5,9,0
158,1,39,1471,2212.98,321,47,581,3032.53,182,127,575,2,5,0,2,3,561,4,2,0,0,2,20,1,22,2,3,1,13,2,0
160,0,4,239,1310.46,32,109,828,1425.36,31,268,0,0,0,0,0,0,0,0,0,0,0,0,0,0,0,0,0,0,0,0,2
161,0,10,66,1272.73,25,24,129,4062.79,34,33,60,0,1,0,0,1,0,0,0,0,0,0,1,1,6,5,1,1,2,2,2
163,0,12,1031,2658.39,302,42,360,2679.17,121,89,25,0,1,0,0,1,0,0,0,0,0,0,18,16,26,19,5,4,16,18,0
164,1,8,1118,2083.9,287,25,294,2082.65,113,59,11,1,0,0,0,1,0,0,0,0,0,0,100,46,83,32,3,3,41,26,0
165,1,10,447,1776.51,183,12,360,2740.83,69,37,18,0,1,0,0,1,47,1,1,0,0,1,3,2,2,3,2,1,5,2,2
167,0,7,1610,1803.17,257,70,218,1274.31,102,40,0,0,0,0,0,0,26,1,3,2,1,1,0,3,0,3,0,1,0,1,2
168,0,6,1092,1376.1,248,4,101,1217.82,80,0,0,0,0,0,0,0,0,0,0,0,0,0,0,0,0,0,0,0,0,0,2
169,0,14,529,2915.5,189,40,114,9657.89,30,57,116,0,2,0,0,1,887,10,0,2,2,2,4,2,3,3,1,1,1,2,2
170,0,0,1442,1749.03,262,14,239,2991.21,52,102,0,0,0,0,0,0,0,0,0,0,0,0,16,16,17,17,3,2,7,7,2
171,0,32,474,1567.72,204,19,178,879.78,50,80,329,4,1,0,0,2,19,1,0,0,0,1,25,9,22,10,2,2,17,8,0
172,0,7,1571,1993.06,296,82,316,2761.71,103,123,864,4,5,0,0,2,1816,2,7,0,0,3,35,66,44,76,2,3,12,39,0
173,0,32,1134,2111.38,297,75,508,2868.9,138,149,504,3,2,0,1,3,895,3,8,0,0,4,4,11,3,11,3,2,4,8,0
174,1,23,965,2862.28,122,94,360,2546.67,61,240,339,0,3,0,0,2,20,1,0,0,0,1,0,12,3,21,1,4,1,12,0
176,1,63,1528,1778.01,349,84,1914,2094.67,221,200,198,2,2,0,0,2,1921,7,10,0,0,4,451,656,389,575,5,10,121,180,0
177,1,20,1758,2557.34,326,73,519,3185.55,76,146,0,0,0,0,0,0,34,2,0,0,0,1,4,16,3,13,1,2,1,5,2
178,0,25,1161,1970.8,245,11,215,1890.7,85,87,87,2,2,2,0,3,527,0,2,0,0,2,27,32,36,18,4,4,17,17,0
179,0,9,1078,1502.78,357,101,784,2823.21,180,146,258,3,3,1,2,4,19,1,0,0,0,1,37,42,37,41,4,3,23,28,0
180,0,19,1666,1759.66,320,61,900,2276.33,205,158,98,0,3,0,0,1,352,0,5,0,0,3,9,12,10,11,2,1,4,3,0
181,0,24,1043,2091.95,319,33,249,5466.27,53,71,0,0,0,0,0,0,0,0,0,0,0,0,0,0,0,0,0,0,0,0,2
182,0,18,901,2252.5,257,18,245,7224.49,71,43,0,0,0,0,0,0,0,0,0,0,0,0,0,1,0,0,0,1,0,1,2
183,1,22,1238,2086.43,344,79,640,3571.88,170,115,2,1,0,0,0,1,5,0,2,0,0,1,3,2,1,2,1,2,4,3,2
184,0,6,11,1936.36,0,11,73,1976.71,1,70,0,0,0,0,0,0,0,0,0,0,0,0,0,0,0,0,0,0,0,0,1
185,0,10,830,1966.63,266,107,366,1911.48,66,251,500,9,7,1,0,3,204,1,5,0,0,2,0,0,3,0,2,0,3,0,0
186,0,62,420,1243.57,150,33,624,1289.9,119,140,99,1,1,0,1,1,45,1,2,0,0,2,5,1,5,4,1,2,2,4,0
187,1,12,476,2262.61,142,48,152,4338.16,26,114,0,0,0,0,0,0,0,0,0,0,0,0,4,2,5,1,1,1,7,1,2
188,0,17,819,2194.14,246,60,861,2427.18,158,112,53,0,1,0,0,1,17,0,1,0,0,1,14,0,18,0,2,0,5,0,2
189,1,16,812,2339.41,222,23,163,1803.68,33,57,0,0,0,0,0,0,0,0,0,0,0,0,0,0,0,0,0,0,0,0,2
190,0,53,1240,1824.44,353,64,1497,1584.37,225,101,128,5,4,0,1,5,405,5,3,1,1,6,6,10,8,7,3,3,7,6,0
191,0,9,995,1597.99,336,93,485,3339.59,120,81,0,0,0,0,0,0,23,0,1,0,0,1,0,1,0,1,0,1,0,1,2
192,0,20,1159,1679.9,338,67,295,630.51,113,72,41,0,1,0,0,1,0,0,0,0,0,0,29,5,23,6,2,1,17,5,2
193,0,25,836,2081.7,327,42,252,4642.86,54,83,63,0,2,0,1,2,0,0,0,0,0,0,43,37,40,33,3,2,20,24,0
194,0,18,726,1664.88,279,88,352,5858.52,43,107,70,2,0,0,0,1,39,0,1,0,0,1,29,36,37,40,3,3,19,21,0
195,1,19,1663,2706.67,316,72,311,3189.07,43,110,70,0,2,0,0,1,0,0,0,0,0,0,6,6,7,9,1,1,5,3,2
196,1,16,1315,2703.88,242,47,258,6177.91,83,47,0,0,0,0,0,0,0,0,0,0,0,0,0,0,0,0,0,0,0,0,2
197,1,0,1252,2372.2,109,110,581,1819.1,128,319,153,1,1,0,0,1,344,3,3,0,0,1,7,14,3,16,2,2,4,11,0
198,0,9,1198,2876.04,220,38,354,3112.71,54,129,0,0,0,0,0,0,0,0,0,0,0,0,0,0,0,0,0,0,0,0,2
199,0,9,733,1436.97,207,86,144,2222.92,22,113,28,0,1,0,0,1,0,0,0,0,0,0,2,0,2,0,1,0,2,0,2
200,0,32,748,1484.36,222,86,261,3183.91,53,172,0,0,0,0,0,0,104,2,1,0,1,1,9,11,8,9,2,2,5,6,2
201,0,21,1534,1876.08,343,73,332,3093.98,124,66,0,0,0,0,0,0,10,1,1,0,0,1,6,7,4,8,1,1,3,3,2
203,0,7,951,2075.39,286,65,68,1936.76,17,50,41,1,0,0,0,1,0,0,0,0,0,0,19,6,21,5,1,1,10,5,2
204,0,10,377,2841.64,145,55,266,2295.11,51,153,54,1,0,0,0,1,48,0,1,0,0,1,0,5,0,5,0,1,0,4,2
205,0,15,1180,2175.76,304,107,358,1652.51,102,142,0,0,0,0,0,0,0,0,0,0,0,0,3,0,4,0,1,0,2,0,2
206,0,6,575,1914.26,193,66,555,3128.11,77,122,295,1,5,1,0,1,0,0,0,0,0,0,0,0,0,0,0,0,0,0,2
207,0,28,2294,1693.16,372,82,831,1482.31,164,184,134,6,2,0,3,3,388,10,7,0,1,3,5,7,6,5,2,2,5,5,0
208,0,33,1407,1991.04,354,90,435,7315.86,69,165,654,4,7,0,2,5,613,3,16,0,0,6,12,22,13,33,5,5,11,20,0
209,0,9,1035,1851.3,213,86,343,2970.26,54,212,0,0,0,0,0,0,0,0,0,0,0,0,0,0,0,0,0,0,0,0,2
210,0,9,613,2300.16,139,71,580,1984.14,32,112,574,2,14,0,1,3,38,1,0,0,0,1,2,1,4,7,1,2,2,5,0
211,1,20,859,1739.93,206,14,125,2239.2,57,33,0,0,0,0,0,0,9,1,0,0,0,1,3,2,4,3,3,1,4,1,2
212,0,13,207,1427.54,109,22,223,1156.95,16,51,90,1,2,0,0,1,47,1,1,0,0,1,10,3,9,2,1,1,3,2,2
213,0,12,231,1880.52,92,3,73,2934.25,4,23,0,0,0,0,0,0,0,0,0,0,0,0,8,16,5,15,1,1,1,6,1
214,0,6,447,1680.54,127,128,213,998.59,5,206,44,1,0,0,0,1,113,3,1,0,0,1,4,5,4,6,1,1,0,7,2
215,0,8,1768,1816.8,357,38,1029,1571.72,91,139,17,0,1,0,0,1,0,0,0,0,0,0,1,0,2,1,2,1,2,1,2
216,0,7,1258,1648.81,240,118,194,1315.98,11,180,0,0,0,0,0,0,0,0,0,0,0,0,0,0,0,0,0,0,0,0,2
217,1,45,462,2559.09,159,92,567,1555.56,137,112,0,0,0,0,0,0,74,1,2,0,0,3,15,11,18,14,6,3,10,5,0
218,1,23,760,2040.0,192,9,121,7680.99,45,3,231,2,2,0,1,1,1138,3,4,0,0,2,107,130,86,120,3,3,36,52,0
219,0,60,118,1985.59,64,6,41,2685.37,14,24,0,0,0,0,0,0,0,0,0,0,0,0,0,0,0,1,0,1,0,1,1
220,0,17,796,1166.46,241,16,892,2547.98,121,53,269,3,1,0,1,4,207,3,1,0,0,2,8,2,9,4,2,3,5,3,0
221,0,66,1121,1718.64,267,58,1384,2369.87,168,70,340,7,5,1,1,4,1874,28,10,17,1,18,20,34,29,45,7,9,20,30,0
222,0,9,1943,1855.89,263,53,481,2782.33,72,165,0,0,0,0,0,0,338,4,1,0,0,1,2,0,2,0,1,0,1,0,2
223,0,5,543,2538.67,177,62,427,5888.99,50,166,0,0,0,0,0,0,0,0,0,0,0,0,0,0,0,0,0,0,0,0,2
224,0,4,591,2724.87,172,26,508,4360.63,98,91,0,0,0,0,0,0,30,0,2,0,0,1,2,8,0,6,1,1,1,2,2
225,1,11,1198,2442.32,161,75,347,1953.89,82,192,975,6,3,1,0,5,1384,9,9,1,2,5,4,41,10,45,5,5,9,29,0
226,0,28,305,1206.89,122,2,58,2017.24,32,10,0,0,0,0,0,0,0,0,0,0,0,0,0,0,0,0,0,0,0,0,2
227,0,19,1128,1925.0,114,42,246,2470.73,36,174,102,1,1,0,0,2,0,0,0,0,0,0,8,26,5,13,4,4,7,13,0
228,0,14,1129,2012.58,302,73,155,2692.26,20,129,29,0,1,0,0,1,0,0,0,0,0,0,0,0,0,0,0,0,0,0,2
229,0,13,843,2177.94,201,46,577,2257.54,93,132,0,0,0,0,0,0,0,0,0,0,0,0,6,4,4,4,2,1,4,2,2
230,0,5,962,1767.57,210,64,187,2515.51,52,85,0,0,0,0,0,0,0,0,0,0,0,0,0,0,0,0,0,0,0,0,2
231,0,8,1408,1672.16,323,58,202,1878.71,55,133,0,0,0,0,0,0,0,0,0,0,0,0,0,0,0,0,0,0,0,0,2
232,0,1,788,2889.97,197,52,118,10014.41,14,101,0,0,0,0,0,0,0,0,0,0,0,0,0,4,0,4,0,1,0,3,2
233,0,14,383,2739.95,108,71,185,1321.62,3,181,0,0,0,0,0,0,0,0,0,0,0,0,0,0,1,0,1,0,1,0,2
234,0,11,261,1934.48,78,42,110,3354.55,6,104,0,0,0,0,0,0,0,0,0,0,0,0,4,0,4,0,1,0,2,0,2
235,1,24,1704,2166.02,368,70,1308,2573.39,225,125,181,2,2,0,0,2,454,3,2,0,3,2,12,25,11,29,4,4,11,12,0
236,0,34,353,1459.21,168,30,536,2741.98,134,43,0,0,0,0,1,1,7,1,0,0,0,1,9,1,4,0,2,1,3,1,2
237,0,10,1042,2862.96,288,82,579,2429.02,96,297,134,0,4,0,0,2,479,3,7,0,0,1,22,91,31,106,2,2,12,31,0
238,0,16,1800,1656.5,374,73,208,2777.88,51,149,0,0,0,0,0,0,0,0,0,0,0,0,0,4,0,3,0,1,0,2,2
239,1,17,1221,1833.66,303,108,859,1962.4,177,346,17,1,0,0,0,1,0,0,0,0,0,0,2,0,1,0,1,0,2,0,2
240,0,15,485,3278.97,151,29,308,9702.27,55,33,25,1,0,0,0,1,0,0,0,0,0,0,4,1,7,0,1,1,2,1,2
241,0,11,132,1209.09,51,4,25,1068.0,15,8,0,0,0,0,0,0,0,0,0,0,0,0,0,0,0,0,0,0,0,0,1
242,0,15,1100,2165.18,281,66,438,2567.81,62,350,48,0,1,0,0,1,158,3,2,0,0,1,18,55,15,46,2,2,11,22,0
243,0,16,1891,2303.23,313,60,688,1675.29,141,135,1218,6,2,0,2,3,14,2,0,0,0,2,13,4,7,3,1,2,2,6,0
244,0,15,1839,1816.97,367,29,328,2480.49,102,191,93,2,1,0,1,2,95,2,0,0,0,2,1,6,2,7,1,3,1,3,0
246,0,9,991,2343.39,199,61,291,3224.74,54,199,53,1,0,0,0,1,0,0,0,0,0,0,15,0,12,0,1,0,3,0,2
247,1,3,752,1746.94,186,95,182,5146.15,23,154,0,0,0,0,0,0,0,0,0,0,0,0,0,0,0,0,0,0,0,0,2
248,0,8,827,1635.31,117,31,171,1721.05,60,77,46,0,1,0,0,1,5,0,1,0,0,1,0,0,0,0,0,0,0,0,2
249,0,23,872,3155.16,199,51,584,5299.83,67,103,0,0,0,0,0,0,0,0,0,0,0,0,9,3,13,1,1,1,7,2,2
250,0,4,1125,1294.93,368,124,760,1258.42,163,189,198,4,2,0,0,1,84,6,3,0,0,2,17,19,17,23,2,2,12,16,0
251,0,5,727,1574.28,95,45,192,1156.25,13,179,0,0,0,0,0,0,0,0,0,0,0,0,0,0,0,0,0,0,0,0,2
252,0,7,529,2020.04,170,93,134,3398.51,8,121,244,1,1,0,0,1,122,2,0,0,1,2,1,0,1,0,1,0,1,0,2
253,0,5,455,1785.49,185,36,136,3258.09,54,54,0,0,0,0,0,0,55,0,1,0,0,1,0,11,0,17,0,2,0,10,2
254,0,21,2113,2019.5,390,86,583,1522.13,127,279,196,9,4,1,0,4,54,6,4,0,1,3,10,9,6,8,4,2,8,6,0
256,0,13,364,2095.88,112,20,133,2557.89,45,46,0,0,0,0,0,0,190,3,1,2,0,3,6,0,6,1,2,1,4,1,2
258,0,10,500,1191.0,176,10,70,1122.86,46,17,317,4,0,1,0,1,188,0,4,1,2,1,1,0,0,0,1,0,1,0,2
259,0,14,628,1522.45,183,12,723,1486.72,139,55,2,1,0,0,0,1,30,0,1,0,0,1,7,0,5,0,2,0,2,0,2
260,1,17,1246,2225.2,291,72,365,3660.82,23,309,90,1,1,0,0,1,558,2,5,1,0,1,4,4,4,6,1,1,3,4,0
261,0,11,588,1710.2,155,70,342,2064.91,45,195,5,0,1,0,0,1,0,0,0,0,0,0,0,0,0,0,0,0,0,0,2
262,1,34,805,1635.65,231,61,1535,2937.46,193,107,169,6,0,0,1,2,498,6,1,0,0,6,4,3,2,1,1,2,2,3,0
263,1,71,875,1368.0,306,66,1671,2274.69,241,55,1104,13,3,0,3,10,846,17,3,0,0,11,8,12,5,6,2,4,5,8,0
264,0,2,1288,2329.19,319,45,184,1462.5,96,71,0,0,0,0,0,0,0,0,0,0,0,0,0,0,0,0,0,0,0,0,2
265,1,11,691,2270.62,223,91,419,2755.13,64,209,99,0,2,0,0,1,75,0,2,0,1,2,7,0,6,0,2,0,7,0,2
266,0,23,524,1895.04,143,59,669,2337.67,99,91,431,5,4,0,0,3,1129,5,14,1,1,3,17,36,17,38,4,3,16,12,0
267,0,27,1806,1467.61,312,95,533,1736.96,142,188,256,6,1,0,0,2,1003,7,6,0,0,3,5,5,8,8,4,3,9,8,0
268,0,44,1138,1670.56,345,70,809,2761.56,161,135,534,6,6,0,1,4,2545,12,14,0,0,5,43,36,41,48,4,7,33,34,0
269,0,20,1123,1495.99,231,23,340,4388.82,49,51,417,2,4,0,2,4,574,5,3,0,0,1,6,12,11,8,4,5,8,10,0
271,0,0,579,2002.59,187,29,212,1366.98,78,72,63,1,1,0,0,1,73,1,0,0,0,1,24,9,23,13,1,1,12,11,0
272,0,33,1389,1947.73,310,28,641,2044.77,186,55,228,4,1,0,0,1,560,8,4,0,0,2,13,24,13,31,4,5,7,11,0
273,0,14,986,1713.29,217,26,539,1891.84,120,65,142,4,4,1,0,2,307,2,1,0,0,2,7,9,4,6,2,2,6,6,0
274,1,22,1702,1874.03,244,61,485,2794.02,89,293,0,0,0,0,0,0,144,3,2,1,0,3,47,218,40,223,3,2,34,122,0
275,1,15,606,2279.21,225,103,251,2279.28,33,210,0,0,0,0,0,0,0,0,0,0,0,0,0,5,0,4,0,1,0,4,2
276,0,15,1105,1999.55,285,25,548,3081.02,68,30,0,0,0,0,0,0,0,0,0,0,0,0,4,8,7,13,1,2,6,8,2
277,1,15,324,3343.52,94,16,85,2749.41,26,58,0,0,0,0,0,0,0,0,0,0,0,0,0,0,0,0,0,0,0,0,2
278,0,0,1512,2052.18,356,44,288,2991.67,82,84,370,9,7,1,0,2,283,15,9,1,0,3,52,115,54,95,2,2,32,46,0
279,0,11,1426,1546.49,305,95,405,2842.96,86,242,182,2,0,0,0,1,2396,1,3,0,0,1,441,1007,442,970,1,1,54,100,0
280,0,51,1079,1626.78,326,61,1039,1884.6,208,115,95,1,2,0,0,2,1207,5,4,0,0,4,6,17,8,18,1,5,2,11,0
281,1,9,1263,1771.02,226,33,309,1307.77,47,124,0,0,0,0,0,0,0,0,0,0,0,0,0,0,0,0,0,0,0,0,2
282,0,18,1925,2083.01,253,38,431,1625.29,86,106,31,2,3,0,0,1,0,0,0,0,0,0,2,2,2,5,2,2,2,4,2
283,0,15,1811,1722.14,380,50,987,2137.99,219,118,0,0,0,0,0,0,510,1,4,3,0,3,5,7,5,7,2,2,5,3,0
284,1,12,728,1364.84,205,30,118,1212.71,30,78,0,0,0,0,0,0,0,0,0,0,0,0,2,0,1,0,1,0,2,0,2
285,0,14,697,2791.68,238,58,392,3378.83,66,171,0,0,0,0,0,0,31,0,2,0,0,1,0,2,0,2,0,1,0,2,2
286,0,12,819,1314.29,226,112,1044,3248.56,146,127,0,0,0,0,0,0,0,0,0,0,0,0,3,3,3,3,1,1,2,1,2
287,0,11,1662,1914.26,250,116,745,2683.09,110,405,0,0,0,0,0,0,0,0,0,0,0,0,0,0,0,0,0,0,0,0,2
288,0,29,594,3135.86,187,27,218,4879.82,70,77,160,0,5,0,2,2,4328,4,13,3,4,6,56,100,53,108,4,3,29,29,0
289,0,2,904,2053.54,246,97,1168,1874.49,138,292,3229,38,23,0,1,2,3311,44,17,0,0,2,101,65,87,55,2,2,38,29,0
290,0,17,1080,1636.67,212,14,124,3225.0,74,16,76,1,0,0,0,1,0,0,0,0,0,0,9,5,8,7,1,2,3,4,2
291,1,24,1299,2037.18,275,33,151,3397.35,63,34,0,0,0,0,0,0,19,0,1,1,0,2,4,31,4,34,4,4,7,14,0
292,0,7,1709,2323.64,320,41,146,863.01,77,22,28,1,0,0,0,1,0,0,0,0,0,0,3,4,1,0,1,2,4,4,2
293,1,11,317,1853.0,125,95,153,4611.76,2,149,0,0,0,0,0,0,0,0,0,0,0,0,0,0,0,0,0,0,0,0,2
294,0,37,911,1601.43,286,48,642,2203.27,151,121,76,1,2,0,1,2,0,0,0,0,0,0,42,37,29,30,2,1,16,18,0
295,0,15,654,1301.38,199,122,569,2354.13,87,184,35,0,1,0,0,1,50,0,2,0,0,2,0,0,0,0,0,0,0,0,2
296,1,12,690,1518.7,204,22,121,2333.06,55,11,0,0,0,0,0,0,0,0,0,0,0,0,116,233,154,361,1,1,22,21,0
297,0,18,947,1422.39,294,112,537,2262.57,87,206,270,8,6,0,0,2,155,4,1,0,0,1,10,3,6,2,1,1,9,4,0
298,1,2,404,1179.95,165,104,181,2587.29,20,160,0,0,0,0,0,0,0,0,0,0,0,0,0,0,0,0,0,0,0,0,2
299,0,21,1139,1836.08,297,14,191,1699.48,65,13,159,4,1,0,1,2,1157,8,5,0,0,3,120,215,107,216,5,4,36,59,0
300,1,65,677,2392.47,178,27,633,3140.28,102,90,423,5,9,0,0,2,1786,22,6,0,0,3,37,64,38,51,4,4,24,39,0
301,0,35,872,2133.72,300,39,1235,2551.82,165,79,844,16,11,2,0,4,1972,6,32,0,0,2,35,41,36,43,4,3,21,30,0
302,0,4,1077,2018.66,205,38,78,13553.85,8,70,0,0,0,0,0,0,0,0,0,0,0,0,0,0,0,0,0,0,0,0,2
303,0,3,471,1948.41,121,40,93,2825.81,19,63,0,0,0,0,0,0,0,0,0,0,0,0,0,0,0,0,0,0,0,0,2
304,0,16,901,2102.66,251,19,311,2518.65,96,97,77,2,2,0,0,4,0,0,0,0,0,0,77,33,88,39,6,4,40,22,0
306,0,33,1640,1838.96,315,62,643,3762.83,52,115,0,0,0,0,0,0,636,0,1,0,1,1,6,0,4,1,1,1,3,1,2
307,0,7,589,1612.56,150,51,106,1579.25,18,83,0,0,0,0,0,0,0,0,0,0,0,0,0,0,0,0,0,0,0,0,2
308,1,20,1824,1826.48,348,82,415,1645.3,127,207,516,4,2,0,0,2,252,0,3,0,0,2,30,27,21,21,3,2,9,4,0
309,0,7,1911,2411.77,333,59,268,1511.19,68,164,0,0,0,0,0,0,0,0,0,0,0,0,0,0,0,0,0,0,0,0,2
310,0,11,373,1794.37,123,45,582,1899.48,126,89,10,0,1,0,0,1,108,2,4,0,0,3,17,4,15,8,3,3,11,6,0
311,1,22,1508,2209.22,374,36,965,2365.49,181,116,0,0,0,0,1,1,54,1,0,0,0,1,5,9,4,10,2,2,2,5,2
313,0,9,86,1901.16,0,86,258,2698.84,1,257,0,0,0,0,0,0,0,0,0,0,0,0,0,0,0,0,0,0,0,0,1
314,0,7,662,1351.81,200,123,475,1388.84,20,428,128,1,2,0,0,1,283,4,6,0,0,2,25,57,21,56,2,2,18,37,0
315,0,31,818,1709.05,195,74,215,1301.86,25,183,0,0,0,0,0,0,0,0,0,0,0,0,3,0,3,0,1,0,1,0,2
316,0,7,11,1418.18,0,11,33,1827.27,0,33,0,0,0,0,0,0,0,0,0,0,0,0,0,0,0,0,0,0,0,0,1
317,0,15,817,1508.81,246,30,43,1876.74,17,25,0,0,0,0,0,0,94,0,1,0,0,1,6,3,5,5,1,2,4,3,2
318,0,5,702,2327.78,218,79,607,1818.78,87,110,0,0,0,0,0,0,0,0,0,0,0,0,0,0,0,0,0,0,0,0,2
319,0,0,474,2517.72,111,67,199,2700.0,29,164,0,0,0,0,0,0,0,0,0,0,0,0,0,0,0,0,0,0,0,0,2
320,1,11,75,4480.0,0,75,67,1468.66,1,66,0,0,0,0,0,0,0,0,0,0,0,0,0,0,0,0,0,0,0,0,1
321,1,0,137,6335.04,48,58,138,12856.52,2,107,919,2,1,0,0,1,920,2,1,1,0,1,18,6,12,6,2,1,9,5,0
323,0,25,554,1567.69,160,31,536,1694.78,106,266,0,0,0,0,0,0,7,2,0,0,0,1,0,3,0,1,0,1,0,2,2
324,0,72,961,1604.89,281,50,1255,1868.84,190,90,180,1,0,1,0,1,460,5,13,0,8,6,16,32,16,28,5,6,11,23,0
325,0,7,1784,2127.91,414,69,764,2524.08,147,177,82,2,2,0,0,2,211,1,0,0,0,1,2,0,6,4,1,2,4,3,0
326,1,13,489,1995.09,150,2,38,2684.21,28,8,0,0,0,1,0,1,54,0,1,0,0,1,0,9,1,9,1,1,1,4,2
327,0,9,910,2062.09,181,25,178,992.7,55,60,0,0,0,0,0,0,54,2,0,0,1,1,0,1,0,0,0,1,0,1,2
328,0,7,638,1860.66,177,83,250,5275.2,33,174,0,0,0,0,1,1,0,0,0,0,0,0,0,0,0,0,0,0,0,0,2
329,0,4,60,6360.0,8,33,130,8443.85,7,62,0,0,0,0,0,0,0,0,0,0,0,0,0,0,0,0,0,0,0,0,1
330,1,32,1342,2375.41,291,54,423,3567.38,70,165,52,2,1,0,2,2,0,0,0,0,0,0,1,5,4,7,2,2,3,4,2
332,0,6,24,4275.0,13,2,20,3795.0,2,13,0,0,0,0,0,0,0,0,0,0,0,0,0,5,0,4,0,2,0,4,1
334,0,15,1542,1579.96,260,7,187,1551.34,89,35,31,1,3,0,0,1,0,0,0,0,0,0,20,0,21,0,1,0,8,0,2
335,1,9,552,1894.57,191,6,120,6390.0,51,22,370,7,9,0,0,1,260,8,13,0,1,1,72,106,66,126,2,2,44,55,0
336,0,21,1183,2862.3,259,67,271,4455.72,105,133,0,0,0,0,0,0,0,0,0,0,0,0,1,0,2,1,1,1,1,1,2
337,0,5,88,2894.32,34,23,28,2217.86,2,26,702,1,3,0,1,1,421,5,2,1,1,1,1,15,1,14,1,1,2,10,1
338,1,12,890,2607.3,236,62,94,2447.87,37,52,0,0,0,0,0,0,0,0,0,0,0,0,0,0,0,0,0,0,0,0,2
339,0,19,1182,2239.09,309,53,292,4995.21,105,99,175,3,5,1,0,3,20,0,1,0,0,1,2,22,4,21,2,3,3,10,0
340,0,3,156,2796.15,58,46,401,2427.68,63,116,1,0,1,0,0,1,147,0,2,0,0,1,27,21,27,29,1,1,16,16,0
341,0,12,941,2303.72,146,4,101,7595.05,38,8,117,1,3,0,0,2,69,3,0,0,0,2,8,2,7,1,1,1,3,1,0
342,1,51,923,2153.63,284,65,676,2450.59,105,229,545,2,6,0,1,5,146,1,3,0,0,3,22,13,23,11,5,6,18,15,0
343,0,8,412,2157.52,88,81,818,3130.93,36,203,121,0,5,1,0,1,0,0,0,0,0,0,0,0,0,0,0,0,0,0,2
344,0,24,1520,2517.24,276,92,663,2312.67,152,212,293,1,5,0,1,3,93,1,4,0,3,4,9,11,8,16,2,3,4,6,0
345,0,14,482,1956.85,133,68,425,2659.06,45,117,0,0,0,0,0,0,3,1,0,0,0,1,1,0,2,0,1,0,1,0,2
346,0,17,50,1332.0,0,50,157,3470.06,3,154,0,0,0,0,0,0,246,1,0,0,0,1,0,0,0,0,0,0,0,0,1
347,0,8,114,4602.63,4,107,118,4024.58,0,118,0,0,0,0,0,0,0,0,0,0,0,0,0,0,0,0,0,0,0,0,1
348,0,18,503,2131.01,174,18,876,1929.79,148,77,30,0,1,0,0,1,65,0,1,0,0,1,0,3,2,5,1,3,1,5,2
349,0,5,1229,1795.61,251,44,301,1768.11,96,54,0,0,0,0,0,0,0,0,0,0,0,0,0,0,0,0,0,0,0,0,2
350,0,24,1109,1564.65,248,29,95,1250.53,30,49,0,0,0,0,0,0,3,0,1,0,0,1,2,6,2,6,1,2,1,4,2
351,0,30,651,2097.7,175,107,263,5319.01,55,142,29,1,0,0,0,1,915,9,4,2,1,4,24,20,17,10,3,5,6,9,0
352,0,18,861,1396.86,238,42,392,1417.35,110,174,53,0,2,0,0,1,0,0,0,0,0,0,2,1,2,1,1,1,1,1,2
353,0,12,1352,2061.61,340,79,155,4215.48,15,137,0,0,0,0,0,0,0,0,0,0,0,0,0,0,0,0,0,0,0,0,2
354,1,16,959,1961.73,284,99,290,2824.14,64,167,342,8,8,0,2,1,1057,10,1,0,4,1,10,6,14,5,1,1,4,4,0
355,1,10,659,1785.89,152,5,107,1982.24,50,5,0,0,0,0,0,0,58,1,0,0,0,1,6,0,3,2,1,1,2,2,2
356,0,19,922,2381.45,308,91,352,1637.22,46,274,505,12,4,1,2,3,166,4,1,0,0,1,17,5,13,1,2,1,4,3,0
357,1,19,772,2131.09,228,50,433,2364.67,104,78,1130,0,11,0,0,3,112,1,3,1,0,2,20,99,21,90,3,2,16,20,0
358,1,48,1036,2070.17,275,65,820,1795.24,180,208,812,1,4,0,2,2,3526,8,2,0,2,2,13,34,13,27,4,5,14,17,0
359,0,18,1521,2044.38,290,22,784,3010.33,132,95,86,1,2,0,0,1,330,3,4,0,1,2,13,29,16,22,3,3,8,16,0
360,0,14,557,1321.72,190,32,485,1140.0,133,137,0,0,0,1,0,1,366,4,6,0,0,2,1,2,1,3,1,2,1,3,2
361,0,1,723,2027.8,162,54,215,3135.35,35,170,0,0,0,0,0,0,0,0,0,0,0,0,1,0,2,0,1,0,3,0,2
362,0,5,468,1357.05,165,79,265,911.32,36,220,0,0,0,0,0,0,0,0,0,0,0,0,2,0,3,0,2,0,3,0,2
363,0,10,1411,1616.73,304,72,455,3029.01,64,161,63,0,1,0,0,1,94,0,1,0,0,1,3,10,4,13,2,1,3,6,0
364,0,6,920,1561.3,241,69,948,788.92,174,215,2,1,0,1,0,1,556,9,7,0,0,4,24,40,26,42,2,3,12,14,0
365,1,13,547,1759.41,176,42,302,2089.07,43,63,0,0,0,0,0,0,0,0,0,0,0,0,0,1,0,2,0,1,0,1,2
366,0,0,1051,1252.52,318,83,771,954.47,125,193,0,0,0,0,0,0,0,0,0,0,0,0,1,0,1,0,1,0,1,0,2
367,0,7,593,2692.92,160,10,27,2444.44,16,11,53,0,1,0,0,1,0,0,0,0,0,0,4,4,3,2,3,2,5,4,2
368,1,16,966,1836.34,281,39,531,2592.09,148,55,0,0,0,0,0,0,0,0,0,0,0,0,10,17,13,19,4,4,10,19,0
369,0,3,530,1509.62,218,71,144,4737.5,42,88,0,0,0,0,0,0,0,0,0,0,0,0,0,0,0,0,0,0,0,0,2
370,0,13,236,1772.03,93,62,680,1018.24,148,89,0,0,0,0,0,0,0,0,0,0,0,0,9,11,6,7,1,1,3,4,2
371,1,50,1122,1747.33,326,58,838,2373.51,187,123,161,2,1,0,0,3,125,1,1,0,0,2,26,38,22,47,6,8,20,38,0
372,0,21,1321,1856.32,405,45,684,3095.18,108,109,110,1,2,0,0,2,424,2,5,0,0,4,22,4,20,4,4,2,16,3,0
373,0,60,1205,2587.47,260,34,1492,1913.2,169,130,278,0,5,0,0,2,150,0,3,0,0,2,1,3,1,4,1,1,1,2,0
374,0,23,690,1758.26,203,68,603,2026.37,127,188,439,6,9,0,0,3,244,1,6,0,0,3,7,6,12,9,2,2,11,7,0
375,0,9,582,1691.24,216,64,452,3528.98,69,109,0,0,0,0,0,0,0,0,0,0,0,0,0,0,0,0,0,0,0,0,2
376,0,19,921,2341.69,240,20,109,9877.98,38,25,22,1,0,0,0,1,0,0,0,0,0,0,58,8,42,8,1,1,13,6,2
378,0,30,2218,1989.77,342,65,1005,2032.84,186,270,48,0,6,2,1,3,244,7,4,6,0,3,4,16,5,13,2,4,6,7,0
379,0,8,741,2020.65,193,2,119,3005.04,58,0,141,5,2,0,1,2,46,2,2,0,0,1,30,34,34,27,1,2,5,11,0
380,0,0,1174,1449.66,369,65,185,1863.24,30,146,0,0,0,0,0,0,776,1,0,0,0,1,2,2,4,2,1,1,3,3,2
381,0,27,116,2288.79,51,20,213,2112.68,74,46,28,1,1,0,0,2,375,2,0,0,8,1,0,2,0,2,0,2,0,2,2
382,0,5,470,2166.38,158,3,102,8147.06,28,6,231,2,2,1,0,1,1100,3,3,0,0,1,81,84,96,99,2,1,32,36,0
383,1,8,1647,2672.68,340,51,583,3224.87,145,227,197,0,3,3,0,2,58,1,2,0,0,1,9,8,5,8,3,3,6,6,0
384,0,4,1170,1651.03,353,97,331,1461.93,32,277,0,0,0,0,0,0,0,0,0,0,0,0,0,0,0,0,0,0,0,0,2
385,0,29,161,1406.83,64,10,98,2412.24,31,23,0,0,0,0,0,0,0,0,0,0,0,0,0,0,0,0,0,0,0,0,2
386,0,8,1663,2314.31,316,53,644,2844.88,150,318,207,2,1,0,0,2,115,0,3,1,1,3,2,12,1,14,2,1,3,6,0
387,0,11,34,1500.0,2,32,92,1398.91,0,92,0,0,0,0,0,0,0,0,0,0,0,0,0,0,0,0,0,0,0,0,1
388,0,20,1370,2251.31,330,78,165,3640.0,22,138,174,6,0,0,0,3,30,2,0,0,0,1,36,16,37,12,3,3,20,9,0
389,0,3,757,1497.62,281,34,137,1215.33,11,126,0,0,0,0,0,0,0,0,0,0,0,0,0,1,0,2,0,1,0,2,2
390,0,17,727,1179.78,247,85,276,2359.78,24,94,486,3,2,0,1,1,142,0,4,0,0,1,49,48,49,51,2,2,32,25,0
391,0,7,527,2133.59,155,41,111,7310.81,47,39,0,0,0,0,0,0,598,1,1,0,0,1,51,79,57,105,2,2,19,27,0
392,0,19,384,1582.03,151,17,61,875.41,2,58,0,0,0,0,0,0,7,0,2,0,0,1,0,1,0,3,0,1,0,2,2
393,0,26,1,300.0,1,0,11,1336.36,2,2,0,0,0,0,0,0,0,0,0,0,0,0,0,0,0,4,0,2,0,2,1
394,1,15,1618,2214.77,318,40,593,2068.13,83,68,388,8,3,0,1,3,0,0,0,0,0,0,2,5,8,3,4,1,7,2,0
395,1,16,825,1797.45,216,35,519,1975.14,101,229,6,1,0,0,0,1,68,0,1,0,1,2,5,8,4,7,3,2,4,5,0
396,0,17,833,1984.75,235,18,429,1492.31,110,11,16,1,0,0,0,1,3,0,1,0,0,1,1,0,0,0,1,0,1,0,2
397,0,6,1494,1628.71,316,34,770,2447.92,124,114,147,5,2,0,0,2,237,1,3,0,0,3,12,5,15,5,2,2,7,4,0
398,0,26,18,600.0,0,18,12,2900.0,0,12,0,0,0,0,0,0,0,0,0,0,0,0,0,0,0,0,0,0,0,0,1
399,0,13,1688,1857.41,362,72,167,2096.41,34,122,0,0,0,2,0,1,0,0,0,0,0,0,17,5,17,5,2,1,7,1,2
400,0,9,472,1277.54,187,69,128,1968.75,33,88,0,0,0,0,0,0,0,0,0,0,0,0,0,0,0,0,0,0,0,0,2
401,0,56,964,2531.95,276,36,1412,3123.87,225,62,786,4,5,1,0,4,1896,10,19,5,1,10,17,65,21,73,6,8,14,45,0
402,0,22,1311,1323.57,238,49,239,2982.43,29,204,56,2,2,0,2,1,67,2,2,0,0,1,3,1,1,1,1,1,3,1,2
403,0,24,1724,1773.9,292,84,1082,2476.52,116,327,235,2,5,0,0,2,45,1,3,0,0,3,10,7,7,8,3,2,5,6,0
404,1,10,699,1571.67,217,60,156,8171.15,32,117,0,0,0,0,0,0,0,0,0,0,0,0,0,0,0,0,0,0,0,0,2
405,1,31,1461,1851.54,319,45,682,1944.72,174,144,1013,20,28,3,1,4,1143,13,13,1,0,4,37,39,49,32,2,3,21,16,0
406,0,26,565,2210.44,199,22,82,2751.22,42,22,77,0,2,0,0,2,217,1,3,0,0,1,3,3,1,4,1,1,3,2,2
407,0,11,1492,1951.81,230,40,59,2542.37,10,46,0,0,0,0,0,0,0,0,0,0,0,0,0,0,0,0,0,0,0,0,2
408,0,8,928,2067.35,179,68,265,3413.21,66,77,0,0,0,0,0,0,0,0,0,0,0,0,1,0,0,0,1,0,1,0,2
409,0,8,466,1787.12,188,111,311,2132.8,29,264,0,0,0,0,0,0,0,0,0,0,0,0,8,18,3,20,3,2,5,7,2
410,0,10,60,2965.0,5,55,58,1205.17,2,56,0,0,0,0,0,0,0,0,0,0,0,0,0,0,0,0,0,0,0,0,1
411,0,20,526,1724.14,187,57,238,1150.84,68,89,0,0,0,0,0,0,0,0,0,0,0,0,0,0,0,0,0,0,0,0,2
412,0,11,1783,2131.97,320,57,507,3050.89,87,179,0,0,0,0,0,0,23,0,1,0,0,1,0,2,0,2,0,1,0,3,2
413,0,15,1024,1814.06,151,105,398,1536.18,63,301,560,0,3,0,0,1,127,2,2,0,0,3,8,10,8,14,3,3,3,8,0
414,1,10,604,2014.57,210,13,134,3353.73,51,35,0,0,0,0,0,0,0,0,0,0,0,0,17,17,21,17,3,2,15,13,2
415,1,31,971,2794.23,238,65,666,2615.32,153,113,120,2,2,0,0,3,0,0,0,0,0,0,16,25,13,22,5,4,10,6,0
416,1,23,1644,2694.53,301,64,303,2896.04,68,200,18,0,1,0,0,1,51,0,1,0,0,1,0,10,0,8,0,2,0,6,2
417,0,2,136,2565.44,0,136,354,2674.58,3,351,0,0,0,0,0,0,0,0,0,0,0,0,0,0,0,0,0,0,0,0,1
418,0,0,977,1624.05,252,7,428,1480.37,134,42,85,0,2,0,0,2,38,0,1,0,0,1,2,0,3,0,1,0,1,0,2
419,0,9,180,6708.33,58,28,125,15556.8,10,69,430,4,8,1,2,1,474,5,1,1,4,2,50,42,42,39,2,3,15,16,0
420,0,1,135,1806.67,52,8,101,938.61,19,17,7511,10,20,4,0,2,3165,10,6,4,0,2,14,5,15,6,3,1,10,2,0
421,0,22,996,1647.59,313,53,565,2184.96,125,131,179,2,3,0,0,2,0,0,0,0,0,0,13,3,14,6,3,1,6,4,0
422,0,0,1179,2159.54,307,73,440,6132.95,120,118,0,0,0,0,0,0,155,2,3,0,0,2,6,14,4,10,4,5,6,10,0
423,0,23,1505,2025.65,310,31,347,1254.47,137,53,0,0,0,0,0,0,46,4,1,1,2,2,2,3,3,4,1,2,1,2,2
424,0,30,803,1763.76,232,61,1102,2569.6,184,141,869,11,5,0,2,3,2547,23,10,1,7,4,13,11,10,12,5,3,14,15,0
425,0,2,1075,2406.7,229,54,185,3982.7,29,142,0,0,0,0,0,0,0,0,0,0,0,0,0,0,0,0,0,0,0,0,2
426,0,8,134,1867.16,13,120,218,1758.72,6,212,0,0,0,0,0,0,0,0,0,0,0,0,0,0,0,0,0,0,0,0,2
427,0,5,1774,2153.61,361,12,604,2188.91,42,149,54,1,2,0,0,1,211,0,1,0,0,1,7,2,5,2,2,2,8,3,0
428,0,3,419,1507.88,232,66,358,3030.17,83,149,295,5,1,0,1,1,0,0,0,0,0,0,0,0,0,0,0,0,0,0,2
429,0,8,458,1817.03,125,41,141,3691.49,22,118,0,0,0,0,0,0,0,0,0,0,0,0,0,0,0,0,0,0,0,0,2
430,0,2,475,1607.37,162,114,338,1807.1,26,309,44,0,1,0,0,1,113,1,3,0,0,1,4,6,4,5,1,1,0,7,2
431,0,20,477,2296.86,188,14,75,8104.0,30,29,0,0,0,0,0,0,0,0,0,0,0,0,0,0,0,0,0,0,0,0,2
432,0,18,704,1909.94,233,51,430,3701.16,92,89,0,0,0,0,0,0,0,0,0,0,0,0,1,0,2,0,1,0,1,0,2
433,0,2,759,2067.59,260,65,149,4044.97,47,83,0,0,0,0,0,0,0,0,0,0,0,0,0,0,0,0,0,0,0,0,2
434,0,1,828,1935.51,156,61,350,3957.43,72,194,0,0,0,0,0,0,0,0,0,0,0,0,0,0,0,0,0,0,0,0,2
435,0,6,1146,1908.12,170,10,154,2302.6,48,86,71,3,0,0,0,1,7,1,0,0,0,1,4,3,4,4,1,1,7,3,2
436,0,24,1050,2484.57,136,49,221,3419.46,67,132,10,3,0,0,0,3,5949,5,5,2,0,2,4,16,3,17,2,3,4,16,0
437,0,17,1308,1567.89,364,120,337,1233.83,88,202,0,0,0,0,0,0,0,0,0,0,0,0,6,3,6,2,2,2,8,4,2
438,0,14,1315,2419.62,306,32,296,6163.18,100,122,206,0,2,0,0,1,0,0,0,0,0,0,6,1,2,2,1,2,3,2,2
439,1,14,1071,3292.16,126,23,172,2218.6,76,53,0,0,0,0,0,0,0,0,0,0,0,0,0,0,0,0,0,0,0,0,2
440,0,22,373,1667.29,155,52,261,2151.72,48,133,0,0,0,0,0,0,84,1,2,0,0,1,1,0,1,0,1,0,1,0,2
441,0,13,1890,1689.21,379,64,696,2866.38,184,200,2,0,1,0,0,1,596,3,4,1,4,3,4,13,3,17,2,3,4,7,0
442,0,9,271,2465.31,74,0,4,525.0,4,0,2,0,1,0,0,1,0,0,0,0,0,0,8,2,9,2,1,1,3,1,1
443,1,10,1050,1849.43,232,53,340,2673.53,65,206,0,0,0,0,0,0,0,0,0,0,0,0,0,0,0,0,0,0,0,0,2
444,0,49,744,1538.31,145,9,66,1472.73,40,15,170,4,3,2,0,2,2536,3,6,0,0,3,5,11,7,16,3,2,7,7,0
445,0,8,156,1284.62,53,62,151,2084.11,13,132,28,1,0,0,0,1,127,2,0,0,0,1,2,3,2,2,1,1,2,1,2
446,0,14,276,1711.96,117,59,261,4054.02,12,142,2375,4,3,0,0,2,514,0,11,2,0,2,10,0,10,2,2,2,4,2,0
447,0,2,0,0.0,0,0,5,2400.0,0,5,0,0,0,0,0,0,0,0,0,0,0,0,0,0,0,0,0,0,0,0,1
448,0,23,1520,2044.54,385,56,1163,2578.5,79,191,385,4,2,1,0,4,140,3,1,0,2,2,36,80,37,75,4,3,18,36,0
449,0,12,1173,1627.37,346,24,490,5256.12,110,33,1402,10,15,0,2,1,823,14,12,1,0,2,27,12,19,3,2,1,18,11,0
450,0,7,373,2752.28,105,21,192,2418.75,28,146,0,0,0,0,0,0,0,0,0,0,0,0,0,0,0,0,0,0,0,0,2
451,0,4,338,1865.68,93,122,188,1753.72,11,176,0,0,0,0,0,0,0,0,0,0,0,0,1,0,1,0,1,0,1,0,2
453,0,6,637,2011.46,268,78,269,1837.92,73,150,125,0,2,0,0,1,0,0,0,0,0,0,1,0,1,0,1,0,1,0,2
455,0,11,1707,2116.7,237,57,301,1758.14,86,65,31,3,2,0,0,1,10,2,1,2,0,2,1,6,0,3,1,2,1,5,0
456,0,3,267,2132.58,117,37,68,7125.0,8,60,0,0,0,0,0,0,0,0,0,0,0,0,0,0,0,0,0,0,0,0,2
457,0,34,378,1562.7,135,23,725,1681.66,157,118,14,1,0,0,0,1,300,2,14,1,1,3,11,20,8,17,6,6,9,17,0
459,0,2,598,1864.21,201,54,154,6979.87,27,62,90,1,1,0,0,1,640,5,4,0,1,3,4,10,4,11,1,3,3,11,0
460,0,7,158,2589.87,54,73,269,2309.67,0,269,0,0,0,0,0,0,0,0,0,0,0,0,0,0,0,0,0,0,0,0,2
461,0,10,1160,1908.62,263,48,835,2748.5,150,99,0,0,0,0,0,0,179,2,0,1,0,2,1,3,0,5,1,2,1,3,2
462,0,19,546,2030.77,150,15,382,2015.18,79,25,0,0,0,0,0,0,0,0,0,0,0,0,0,4,0,4,0,1,0,2,2
463,0,5,166,2385.54,45,99,187,5055.08,2,185,0,0,0,0,0,0,0,0,0,0,0,0,0,0,0,0,0,0,0,0,2
464,1,20,65,1223.08,20,38,54,1055.56,3,48,72,1,0,0,0,1,0,0,0,0,0,0,8,1,7,0,1,1,4,1,1
465,0,12,2067,2058.93,292,31,497,2946.88,101,129,322,2,8,0,0,1,400,5,15,0,1,2,40,20,77,32,1,1,37,27,0
466,0,34,1464,1494.67,209,18,254,3237.4,30,85,400,3,1,0,0,2,233,8,2,0,0,5,1,12,3,11,2,4,3,10,0
467,0,14,2675,1553.38,338,80,439,1418.0,90,322,15,1,0,0,0,1,0,0,0,0,0,0,0,0,0,0,0,0,0,0,2
468,0,4,550,1435.64,239,87,205,3046.83,15,175,50,4,1,0,2,2,35,1,0,0,0,1,2,5,2,8,1,2,1,9,2
469,1,29,863,1820.51,238,13,229,1365.07,94,33,0,0,0,0,2,1,0,0,0,0,0,0,16,5,17,5,1,1,6,1,2
470,1,21,788,3133.63,227,32,873,1683.51,165,140,413,2,18,1,0,4,1273,3,18,0,1,3,2,4,2,5,1,1,2,9,0
471,1,13,391,1420.97,179,13,244,2666.8,69,61,35,1,0,0,0,1,340,1,5,0,0,2,3,1,4,2,2,1,3,2,0
472,0,72,405,1480.74,160,43,935,2165.13,156,82,177,3,3,1,0,3,194,4,4,0,1,7,27,56,32,54,5,8,20,31,0
473,0,8,962,1495.95,241,4,202,1534.16,53,18,189,0,2,0,0,1,156,0,3,0,1,1,1,3,2,2,1,1,2,3,2
474,0,23,975,2072.62,243,26,424,1238.21,144,26,346,4,2,0,1,3,1186,11,5,0,6,4,86,45,80,37,7,5,59,30,0
475,0,12,1200,1583.0,304,58,309,1045.63,29,272,0,0,0,0,0,0,0,0,0,0,0,0,22,32,25,38,1,1,12,25,2
476,1,27,2005,1818.55,277,19,1004,3805.88,183,40,0,0,0,0,2,1,0,0,0,0,7,2,2,6,3,10,1,1,4,2,2
477,1,11,171,1801.75,87,3,62,3203.23,24,38,0,0,0,0,0,0,0,0,0,0,0,0,0,16,0,16,0,1,0,4,2
478,0,19,793,1696.34,221,99,339,1479.65,26,308,35,1,1,1,0,1,0,0,0,0,0,0,0,0,0,0,0,0,0,0,2
479,0,18,793,1695.59,192,0,105,1777.14,29,0,39,0,4,1,0,1,0,0,0,0,0,0,4,0,6,0,1,0,2,0,2
480,0,13,627,1870.33,212,7,112,1441.07,65,24,151,3,1,0,0,1,4055,7,2,0,0,1,27,34,22,21,2,1,7,14,0
481,1,0,1038,2047.98,227,35,224,2803.12,42,164,9,0,1,2,0,2,587,0,2,0,0,1,308,489,223,332,4,3,55,40,0
482,0,19,1118,1287.21,167,36,126,988.1,33,64,0,0,0,0,0,0,2293,4,0,0,0,1,3,17,2,10,1,2,2,7,2
483,0,14,1116,2678.23,235,41,131,6563.36,31,88,0,0,0,0,0,0,133,0,1,0,0,1,0,0,0,0,0,0,0,0,2
484,1,15,449,1882.85,143,15,130,2418.46,46,52,0,0,0,0,0,0,0,0,0,0,0,0,9,0,14,0,1,0,5,0,2
485,0,101,1091,1564.62,269,21,1074,2597.21,213,18,451,8,4,0,1,10,425,6,2,0,1,5,36,84,29,82,7,8,26,38,0
486,1,57,709,1417.07,191,31,390,1491.54,113,83,0,0,0,0,0,0,0,0,0,0,2,1,0,3,0,4,0,2,0,2,2
487,0,31,724,1613.12,183,17,75,2448.0,4,66,0,0,0,0,0,0,0,0,0,0,0,0,0,0,0,0,0,0,0,0,2
488,0,8,545,1661.28,162,28,640,1793.44,116,91,0,0,0,0,0,0,0,0,0,0,0,0,7,12,16,13,1,1,7,8,2
489,0,9,604,1958.44,188,38,453,2466.23,84,219,0,0,0,0,0,0,170,0,2,0,0,1,7,26,6,21,3,2,4,7,0
490,0,18,629,1442.29,187,12,141,3289.36,38,94,36,1,1,0,0,1,2,1,0,0,0,1,1,1,1,1,1,1,1,2,2
491,0,11,734,2746.59,240,66,329,6979.33,77,79,365,5,2,0,0,2,659,17,4,0,0,4,4,10,4,11,2,3,4,9,0
492,0,26,1061,1417.72,256,12,648,2415.28,122,42,630,8,7,1,1,3,1324,7,11,1,0,4,59,59,48,55,5,5,31,27,0
493,0,3,1333,2032.48,162,24,710,3129.3,45,188,0,0,0,0,0,0,0,0,0,0,0,0,0,0,0,0,0,0,0,0,2
494,0,14,1040,2782.5,314,29,607,1605.27,73,129,34,1,0,0,0,1,0,0,0,1,0,1,20,6,19,7,4,3,15,9,0
495,0,1,165,1420.0,71,26,87,2948.28,19,66,6499,17,10,1,5,2,3294,6,10,0,4,2,9,8,7,9,2,2,8,4,0
496,0,13,60,1200.0,38,0,46,965.22,9,0,0,0,0,0,0,0,0,0,0,0,0,0,0,0,0,0,0,0,0,0,1
497,1,9,389,1435.99,129,79,379,2046.97,53,307,0,0,0,0,0,0,0,0,0,0,0,0,0,0,0,0,0,0,0,0,2
498,0,2,437,2286.04,126,59,187,1719.79,24,161,0,0,0,0,0,0,0,0,0,0,0,0,0,0,0,0,0,0,0,0,2
499,1,25,805,1911.8,180,18,261,2235.63,71,104,140,0,3,0,0,1,651,6,3,1,0,3,10,26,9,16,3,4,7,28,0
500,0,2,189,3061.9,73,55,180,4086.67,10,170,0,0,0,0,0,0,46,2,1,0,0,2,0,1,0,1,0,1,0,1,2
501,0,2,564,3280.85,121,64,96,6928.12,21,71,0,0,0,0,0,0,0,0,0,0,0,0,0,0,0,0,0,0,0,0,2
502,0,19,820,1953.29,245,86,264,1600.0,40,155,134,1,1,1,0,1,20,0,1,0,0,1,0,0,0,0,0,0,0,0,2
503,0,49,757,2181.24,189,16,312,2465.38,60,47,0,0,0,0,0,0,585,3,3,3,1,2,1,14,4,7,3,5,4,7,0
504,0,12,638,1289.34,212,55,305,1487.21,54,212,93,2,1,0,0,1,24,0,1,0,0,1,0,0,0,0,0,0,0,0,2
505,0,25,1771,1891.3,336,92,424,2104.95,91,286,98,3,4,0,0,1,333,0,2,0,0,2,16,7,15,10,2,5,10,8,0
506,0,16,1064,2381.11,338,28,304,4060.86,51,93,95,0,3,0,0,1,180,1,6,0,0,2,12,5,16,11,1,2,7,5,0
507,1,19,1041,2196.54,222,12,207,3262.32,76,46,200,6,5,0,0,2,427,5,5,0,0,1,19,15,15,19,2,1,12,20,0
508,0,10,828,2115.58,181,8,301,1321.59,111,25,0,0,0,0,0,0,30,0,2,0,0,1,0,0,0,0,0,0,0,0,2
509,0,16,1059,2669.69,225,16,150,3216.0,51,76,0,0,0,0,0,0,0,0,0,0,0,0,0,4,2,3,1,1,2,4,2
510,0,19,274,2018.98,94,45,137,1594.16,18,107,35,1,1,0,1,1,16,0,1,0,1,1,0,0,0,0,0,0,0,0,2
511,0,0,40,772.5,0,40,69,491.3,0,69,0,0,0,0,0,0,0,0,0,0,0,0,0,0,0,0,0,0,0,0,1
512,1,45,995,2225.73,221,73,1248,1962.02,267,153,86,0,4,0,1,2,974,7,0,0,0,3,90,267,90,240,5,7,30,56,0
513,0,9,780,1771.54,189,6,580,1275.0,128,22,0,0,0,0,0,0,73,1,1,0,0,2,12,0,13,1,2,1,7,1,2
514,0,11,1610,1723.42,332,32,399,1075.94,88,235,0,0,0,0,0,0,15,1,1,0,0,1,0,0,0,0,0,0,0,0,2
515,0,2,565,2282.12,165,27,144,2620.83,35,104,0,0,0,0,0,0,0,0,0,0,0,0,0,0,0,0,0,0,0,0,2
516,0,1,191,1787.43,63,90,284,3119.37,6,269,0,0,0,0,0,0,0,0,0,0,0,0,0,0,0,0,0,0,0,0,2
517,0,6,330,1690.0,94,74,207,4614.49,25,114,244,1,1,0,0,1,0,0,0,0,0,0,0,0,0,0,0,0,0,0,2
518,0,5,1035,1715.36,207,6,235,1391.49,67,37,0,0,0,0,0,0,0,0,0,0,0,0,0,0,0,0,0,0,0,0,2
519,0,16,1071,2223.81,244,27,176,2524.43,20,146,0,0,0,0,0,0,43,1,0,0,0,1,0,10,3,12,2,2,3,4,2
520,0,14,1322,2638.5,195,31,197,4503.05,29,133,0,0,0,0,0,0,0,0,0,0,0,0,0,0,0,0,0,0,0,0,2
521,1,64,477,2306.92,173,0,327,3939.45,105,0,151,4,2,1,0,2,2009,9,11,1,0,2,31,40,28,38,3,2,24,29,0
522,0,9,1714,2074.45,227,67,254,1931.1,69,150,7,0,2,0,0,2,6322,5,5,0,1,3,0,8,0,7,0,1,0,8,0
523,0,11,634,2323.82,225,40,250,2306.4,34,80,0,0,0,0,0,0,0,0,0,0,0,0,3,0,2,0,1,0,1,0,2
524,1,51,1083,2362.33,261,33,1067,2822.31,160,126,0,0,0,0,0,0,93,1,2,0,1,2,4,21,4,28,1,2,1,10,0
525,1,28,995,1245.53,298,37,560,3411.43,66,65,0,0,0,0,0,0,0,0,0,0,0,0,0,0,0,0,0,0,0,0,2
526,0,4,199,1858.79,96,11,25,8904.0,2,23,0,0,0,0,1,1,0,0,0,0,0,0,0,0,3,0,1,0,1,0,1
527,0,9,503,2346.92,127,43,269,1816.73,15,251,109,3,0,1,0,1,271,6,3,0,0,2,17,32,18,27,2,3,16,16,0
528,1,21,1254,2203.35,253,67,758,2181.93,104,112,17,0,1,0,0,1,0,0,0,0,0,0,3,1,1,3,3,2,3,3,2
529,1,13,481,1868.61,167,87,270,3263.33,41,82,0,0,0,0,0,0,0,0,0,0,0,0,0,0,0,0,0,0,0,0,2
530,0,9,1183,1617.16,305,69,274,4763.87,16,138,0,0,0,0,0,0,0,0,0,0,0,0,0,0,0,0,0,0,0,0,2
531,0,7,571,1651.31,226,82,799,1347.18,173,240,200,3,4,0,0,2,75,3,4,0,1,2,19,40,19,37,3,2,13,27,0
532,0,39,511,1266.93,195,52,1627,2111.62,231,147,86,0,1,0,0,1,0,0,0,0,0,0,2,4,1,3,1,2,1,5,2
533,0,11,460,1738.04,149,115,219,1020.55,42,166,0,0,0,0,1,1,0,0,0,0,0,0,8,0,10,0,1,0,4,0,2
534,0,21,898,1377.06,267,11,347,1269.16,107,80,0,0,0,0,0,0,220,4,3,0,0,1,0,2,0,1,0,1,0,2,2
535,0,9,818,3049.14,244,65,663,2760.18,129,143,20,1,0,0,0,1,0,0,0,0,0,0,18,20,13,15,3,2,9,14,0
536,0,6,1030,1989.9,245,44,124,2049.19,58,59,0,0,0,0,0,0,0,0,0,0,0,0,6,3,2,6,1,1,2,4,2
537,0,18,744,1448.79,266,79,375,1808.8,60,191,89,4,3,0,0,2,11,1,0,0,0,1,8,2,6,4,3,2,5,2,0
538,0,16,1008,1867.56,240,12,253,3144.66,82,56,0,0,0,0,0,0,58,0,1,0,0,1,3,2,6,0,1,1,2,2,2
539,0,15,887,1849.72,263,46,439,1651.03,113,66,0,0,0,1,0,1,0,0,0,0,0,0,3,0,0,0,1,0,1,0,2
540,0,19,435,2062.07,160,0,796,1699.37,170,0,0,0,0,0,0,0,322,1,1,2,0,2,6,7,7,4,1,2,3,5,2
541,0,21,862,2074.94,192,2,321,4351.4,74,8,53,1,0,0,0,1,147,2,1,0,0,2,13,8,19,13,3,2,8,5,0
543,0,35,1274,2043.01,297,72,598,1844.65,108,216,95,1,2,2,0,2,12,1,0,0,0,1,12,7,9,7,3,2,5,5,0
544,0,3,706,1591.78,219,36,260,3883.85,45,78,0,0,0,0,0,0,0,0,0,0,0,0,0,0,0,0,0,0,0,0,2
545,1,21,1415,2766.15,164,34,209,4003.35,59,103,34,1,0,0,0,1,0,0,0,0,0,0,1,0,3,0,2,0,4,0,2
546,1,19,818,1619.93,245,31,288,4516.67,57,65,0,0,0,0,0,0,2078,4,5,0,0,1,27,49,15,55,1,2,13,23,0
547,0,9,1868,1563.44,317,85,323,1194.43,96,145,80,0,2,0,0,2,0,0,0,0,0,0,4,0,3,0,1,0,1,0,2
548,0,2,347,1154.18,191,0,63,1423.81,41,0,0,0,0,0,0,0,9,0,2,1,0,2,19,30,18,29,2,2,14,19,0
549,0,8,635,2026.77,171,32,730,2693.42,105,82,249,2,5,0,0,2,80,0,2,0,0,1,12,8,6,8,3,3,7,7,0
550,1,30,587,1835.26,172,6,362,1788.4,143,41,0,0,0,0,0,0,72,0,1,0,0,1,0,0,1,0,1,0,1,0,2
551,0,12,574,2286.59,138,60,463,2005.4,107,135,91,2,1,0,0,3,289,7,3,0,0,3,24,33,21,22,3,4,14,16,0
552,0,15,622,2035.85,164,0,32,3262.5,26,0,0,0,0,0,0,0,54,0,2,0,0,1,0,5,0,5,0,1,0,5,1
553,0,8,1465,3300.2,195,20,332,8540.06,69,74,0,0,0,0,0,0,0,0,0,0,2,1,4,0,5,0,1,0,2,0,2
554,0,3,638,1731.35,195,6,58,1655.17,32,16,58,2,1,0,2,1,209,0,1,0,0,1,6,5,5,1,1,1,6,5,2
555,1,2,1769,2157.83,390,31,122,1278.69,59,47,0,0,0,0,0,0,0,0,0,0,0,0,0,0,0,0,0,0,0,0,2
556,1,13,1427,1855.71,391,37,488,2736.27,89,188,0,0,0,0,0,0,4265,2,9,0,0,2,19,22,28,37,2,2,10,18,0
557,1,8,512,2878.71,156,41,96,14425.0,13,39,484,9,6,2,1,2,426,1,4,3,1,1,54,47,57,49,4,3,20,22,0
558,1,8,484,1291.74,165,46,871,2173.36,75,79,0,0,0,0,0,0,0,0,0,0,0,0,4,15,7,13,1,3,3,10,2
559,0,11,1057,2274.83,335,16,823,3442.89,143,66,125,2,0,0,0,1,112,1,1,0,0,2,0,1,0,0,0,1,0,1,2
560,0,15,1931,1681.77,356,27,905,2863.09,179,54,575,8,10,1,2,5,1423,16,17,1,2,4,52,55,52,58,4,4,27,29,0
561,0,8,919,1338.74,186,17,242,1673.55,52,51,949,6,6,1,1,3,2326,14,4,6,1,3,5,8,6,7,3,2,4,6,0
562,1,16,177,1506.78,97,1,12,2425.0,5,7,0,0,0,0,0,0,0,0,0,0,0,0,0,1,0,0,0,1,0,1,1
563,0,16,1292,1473.07,254,10,245,1044.49,98,25,0,0,0,0,0,0,0,0,0,0,0,0,0,0,0,0,0,0,0,0,2
565,0,1,243,2661.73,68,77,175,2014.29,9,166,0,0,0,0,0,0,0,0,0,0,0,0,0,0,0,0,0,0,0,0,2
567,0,20,994,2241.55,213,49,277,2241.88,90,90,247,4,1,0,0,2,258,6,3,2,2,3,9,13,8,6,4,2,10,6,0
568,0,12,707,3524.89,194,23,616,3401.79,107,46,0,0,0,0,0,0,0,0,0,0,0,0,2,8,2,7,1,1,2,5,2
569,1,18,1862,1747.48,345,53,651,4023.04,116,57,322,8,2,0,0,1,359,15,4,1,0,1,79,32,40,20,2,1,39,27,0
570,0,6,481,1532.43,122,13,67,1079.1,3,64,0,0,0,0,0,0,0,0,0,0,0,0,33,6,23,6,1,1,11,4,2
571,1,11,943,1647.3,210,31,153,815.69,27,119,0,0,0,0,0,0,210,2,0,0,0,1,4,3,1,1,1,1,4,4,2
572,0,25,695,1800.86,118,1,351,3270.94,61,6,809,7,8,0,0,4,748,4,3,0,0,4,14,9,17,8,3,2,9,5,0
573,0,5,198,2292.42,28,141,335,1548.36,6,313,0,0,0,0,0,0,0,0,0,0,0,0,0,0,0,0,0,0,0,0,2
574,0,22,46,1258.7,26,0,20,3105.0,4,16,112,0,1,0,0,1,449,0,2,0,0,1,2,14,2,14,2,2,2,5,1
575,0,16,640,2462.81,200,39,563,3416.7,166,60,159,1,0,0,0,1,27,1,0,12,0,1,2,6,2,8,1,3,1,5,2
576,0,19,948,2270.89,236,91,238,1424.37,46,159,0,0,0,0,0,0,0,0,0,0,0,0,0,0,0,0,0,0,0,0,2
578,0,59,844,1786.49,260,59,860,2104.19,121,150,3430,27,37,1,0,3,5116,27,50,0,0,4,438,565,517,641,5,7,138,172,0
579,0,3,101,4208.91,27,61,588,2128.06,52,204,0,0,0,0,0,0,0,0,0,0,0,0,0,0,0,0,0,0,0,0,2
580,0,17,1692,1993.09,337,65,317,2535.33,98,151,0,0,0,0,0,0,320,4,2,0,1,2,12,21,12,13,3,3,10,12,0
582,0,16,728,2648.08,171,35,341,3365.1,34,113,98,2,3,0,0,2,39,0,2,0,0,1,3,1,2,1,2,1,3,2,2
583,0,28,848,1853.42,238,23,273,1061.54,112,24,2,0,1,0,1,1,971,2,4,0,2,2,0,7,4,11,2,1,3,7,0
584,0,6,674,2539.76,221,17,448,1903.12,48,384,74,3,3,0,0,3,105,5,2,0,0,3,37,16,32,25,3,3,7,8,0
585,0,5,1700,1828.76,369,43,349,2428.37,83,204,85,1,3,0,1,1,0,0,0,0,0,0,1,7,2,11,1,2,2,7,2
586,0,9,509,1684.48,160,0,313,1215.34,99,45,88,2,2,0,1,2,446,3,4,0,1,2,22,19,26,23,3,3,16,11,0
587,0,9,1026,1744.44,243,0,117,4176.92,48,0,0,0,0,0,0,0,0,0,0,0,0,0,0,0,0,0,0,0,0,0,2
588,1,19,769,1553.06,224,9,221,1979.19,85,43,0,0,0,0,0,0,41,1,0,0,0,1,8,13,8,12,4,2,8,12,0
589,1,23,534,1778.65,169,17,425,2554.59,105,88,6,0,1,0,0,1,68,1,1,0,0,2,7,13,7,18,4,4,7,10,0
590,0,44,221,1005.88,77,16,69,913.04,17,32,0,0,0,0,0,0,0,0,0,0,0,0,0,0,0,1,0,1,0,1,2
591,0,0,599,2117.03,185,27,129,1525.58,16,112,0,0,0,0,0,0,0,0,0,0,0,0,0,0,0,0,0,0,0,0,2
592,0,3,199,2989.45,57,63,79,3972.15,10,49,31,1,0,0,0,1,68,0,1,0,0,1,1,3,0,2,1,1,1,2,2
593,0,11,648,1316.67,263,76,417,2038.13,103,104,0,0,0,0,0,0,41,0,1,0,0,1,1,0,2,0,1,0,1,0,2
594,0,4,67,3295.52,0,67,121,6587.6,1,120,0,0,0,0,0,0,0,0,0,0,0,0,0,0,0,0,0,0,0,0,1
595,0,6,1406,1143.46,382,120,547,2181.72,95,383,932,7,5,0,0,2,2121,4,7,0,0,1,4,0,3,5,2,1,4,1,0
596,0,10,364,3829.95,156,32,44,23100.0,8,36,0,0,0,0,0,0,0,0,0,0,0,0,12,2,11,2,2,2,8,2,2
597,0,9,543,1516.02,177,19,197,1560.91,82,62,0,0,0,0,0,0,0,0,0,0,0,0,0,0,0,0,0,0,0,0,2
598,0,41,847,2394.33,154,29,1333,2060.39,181,52,3,0,1,1,0,2,286,5,3,0,0,3,14,19,10,14,8,5,13,22,0
599,0,30,894,1467.45,251,1,527,4217.08,100,7,17,1,0,0,0,1,0,0,0,0,0,0,3,0,5,0,2,0,7,0,2
600,1,17,841,2350.77,169,93,557,3317.24,64,208,140,3,0,0,0,1,53,1,0,0,0,1,2,1,2,2,1,1,2,3,2
601,0,11,113,2665.49,24,80,245,3639.18,31,207,1,1,0,0,0,1,280,3,0,0,0,2,27,29,27,21,1,1,16,16,0
602,0,10,98,3205.1,30,15,241,5951.45,30,25,0,0,0,0,0,0,0,0,0,0,0,0,0,0,0,0,0,0,0,0,2
603,0,3,48,6043.75,0,48,147,6048.98,0,147,0,0,0,0,0,0,0,0,0,0,0,0,0,0,0,0,0,0,0,0,1
607,0,6,659,1782.7,195,54,153,1962.75,21,127,31,3,1,0,0,1,0,0,0,0,0,0,21,0,20,0,1,0,8,0,2
608,0,8,494,2112.15,164,10,246,2553.66,104,18,0,0,0,0,0,0,0,0,0,0,0,0,3,0,3,0,1,0,1,0,2
610,0,9,1771,1600.96,346,87,300,2930.0,66,203,0,0,0,0,0,0,0,0,0,0,0,0,0,0,0,0,0,0,0,0,2
611,1,35,531,2184.18,152,9,563,1617.76,140,71,19,0,1,0,0,1,128,4,3,0,2,3,6,50,3,41,2,4,5,26,0
612,0,15,783,1779.31,233,42,162,1831.48,19,126,72,2,0,1,0,1,10,0,2,0,0,1,1,6,1,6,1,1,1,3,2
613,0,0,1154,1841.59,227,45,230,2047.83,50,168,0,0,0,0,0,0,0,0,0,0,0,0,2,0,1,0,1,0,3,0,2
614,1,20,633,2984.83,204,50,158,1021.52,53,102,20,0,1,0,0,1,0,0,0,0,0,0,9,14,10,20,1,1,6,13,2
615,1,16,1063,2017.87,218,19,462,3498.7,78,123,198,4,6,0,0,1,645,5,6,0,0,2,17,21,22,16,2,2,13,22,0
616,0,12,781,1655.57,174,10,166,2378.31,72,24,0,0,0,0,0,0,20,1,0,0,0,1,3,0,4,0,1,0,3,0,2
617,1,18,1208,2254.97,252,71,330,4757.27,58,185,182,0,2,0,0,1,2994,4,2,0,0,2,504,1081,497,1089,3,3,76,137,0
619,0,27,678,2119.03,213,45,577,2293.41,133,85,0,0,0,0,0,0,0,0,0,0,0,0,2,0,2,0,1,0,2,0,2
620,0,3,290,2186.9,65,57,323,2866.25,14,69,0,0,0,0,0,0,0,0,0,0,0,0,0,0,0,0,0,0,0,0,2
621,0,19,670,1894.03,92,0,77,2224.68,34,0,0,0,0,0,0,0,0,0,0,0,0,0,0,0,0,0,0,0,0,0,1
622,1,20,8,675.0,2,6,30,660.0,1,14,850,3,7,1,0,1,4466,13,20,3,0,1,28,39,18,47,1,1,17,38,1
623,0,12,393,2656.49,99,90,168,2917.86,4,160,5414,20,11,1,2,1,4464,9,2,0,1,1,7,18,22,50,1,1,7,19,0
624,0,19,696,1105.6,262,81,186,1503.23,43,136,0,0,0,0,0,0,127,0,2,0,0,1,0,2,0,3,0,1,0,1,2
625,1,10,38,797.37,32,0,21,1400.0,16,1,115,1,2,0,0,1,0,0,0,0,0,0,0,3,0,5,0,2,0,3,1
626,0,4,80,727.5,1,79,169,908.88,4,165,0,0,0,0,0,0,0,0,0,0,0,0,0,0,0,0,0,0,0,0,1
627,0,16,1001,1829.67,179,60,461,3016.92,107,120,0,0,0,0,0,0,50,1,0,0,0,1,0,0,0,0,0,0,0,0,2
628,0,20,253,1722.92,132,12,151,2537.09,31,53,342,8,5,5,0,2,39,1,0,0,0,1,3,11,5,15,1,2,5,8,0
629,0,1,42,6085.71,1,41,114,4363.16,5,104,0,0,0,0,0,0,0,0,0,0,0,0,0,0,0,0,0,0,0,0,1
630,0,5,1028,1807.59,246,114,362,1581.22,55,291,0,0,0,0,0,0,0,0,0,0,0,0,0,0,0,0,0,0,0,0,2
631,0,7,313,1553.67,131,0,131,1854.96,25,0,598,1,7,0,0,2,1454,3,8,0,4,2,5,3,4,4,1,1,2,3,0
632,0,19,1092,2700.55,308,51,558,2440.32,56,286,53,0,2,0,0,1,161,3,2,0,0,3,29,210,35,206,1,3,28,119,0
633,1,8,1042,1686.56,265,61,160,1520.62,19,140,0,0,0,0,0,0,0,0,0,0,0,0,0,0,0,0,0,0,0,0,2
634,1,0,823,2422.6,208,11,581,2297.76,124,47,189,4,1,0,6,2,1155,14,5,0,2,1,2,24,1,27,1,1,2,22,0
635,0,7,145,2337.93,17,116,1045,1682.58,49,131,0,0,0,0,0,0,0,0,0,0,0,0,1,0,2,0,1,0,3,0,2
636,0,0,809,1479.98,241,6,380,1286.84,131,4,189,2,0,0,0,1,402,3,1,1,0,2,2,2,1,3,1,1,2,3,0
637,0,8,883,1757.53,205,1,87,2486.21,44,0,38,1,0,0,0,1,175,1,3,0,0,2,4,19,4,12,2,3,3,12,0
638,0,0,5,420.0,5,0,0,0.0,0,0,58,1,2,2,0,1,209,1,0,0,0,1,5,1,6,5,1,1,6,5,1
639,0,10,223,2335.43,89,0,102,1538.24,57,0,254,2,2,1,0,1,946,3,6,6,0,1,26,35,32,37,2,2,25,23,0
640,0,16,1235,2480.4,253,47,366,3281.97,114,169,944,9,4,0,0,3,2422,9,4,0,0,2,63,84,46,76,3,3,23,44,0
641,0,41,146,1952.05,62,0,7,300.0,6,1,16,0,1,0,0,1,94,2,1,0,0,1,0,4,1,5,1,1,1,1,1
642,0,9,408,1836.03,134,14,202,1923.27,59,107,0,0,0,0,0,0,0,0,0,0,0,0,0,0,0,0,0,0,0,0,2
643,0,5,1047,2481.38,193,11,230,3014.35,73,77,177,2,0,0,0,2,0,0,0,0,1,1,2,0,1,0,1,0,2,0,2
644,0,34,863,2388.18,184,0,187,4602.67,83,1,52,1,1,0,0,1,20,0,1,0,0,1,8,9,9,9,2,4,5,7,0
645,1,27,776,1706.06,173,62,252,1154.76,29,212,137,2,1,0,0,2,159,0,3,3,0,1,17,22,17,16,4,3,12,12,0
646,0,33,714,2035.29,159,0,24,4275.0,19,0,0,0,0,0,0,0,0,0,0,0,0,0,0,0,0,0,0,0,0,0,1
647,0,7,687,1315.28,177,0,14,1285.71,13,0,0,0,0,0,0,0,0,0,0,0,0,0,0,0,0,0,0,0,0,0,1
648,0,13,726,2468.6,113,0,325,1884.92,82,0,1007,1,2,0,0,1,12,0,1,0,0,1,0,2,0,2,0,1,0,3,2
649,0,4,332,2593.37,100,0,24,3325.0,16,0,0,0,0,0,0,0,0,0,0,0,0,0,2,0,4,0,1,0,2,0,1
650,0,6,772,2260.88,202,0,66,2386.36,42,1,11,1,0,0,0,1,308,2,0,0,0,1,1,0,1,0,1,0,2,0,2
651,1,13,439,1793.85,138,48,852,3026.76,47,71,5414,11,20,2,1,1,4529,3,9,1,0,2,25,50,10,19,2,2,10,20,0
652,1,48,133,2210.53,70,0,117,2692.31,30,0,300,4,4,3,0,1,227,2,6,4,0,1,17,25,28,21,2,2,19,21,0
653,0,17,9,1400.0,0,9,56,2496.43,0,56,0,0,0,0,0,0,54,0,1,0,0,1,15,19,16,26,3,2,10,7,1
654,0,4,96,2378.12,46,0,116,2472.41,31,0,0,0,0,0,0,0,41,0,1,0,0,1,3,3,3,5,1,1,3,2,1
655,0,5,467,1627.19,89,89,299,4543.14,47,24,0,0,0,0,0,0,0,0,0,0,0,0,0,0,0,0,0,0,0,0,2
656,0,4,333,2144.14,128,94,464,1844.61,35,312,141,2,1,0,0,2,0,0,0,0,0,0,3,7,3,9,1,1,2,2,2
657,0,39,777,1333.2,313,74,1418,1949.79,209,170,150,1,2,1,0,2,231,3,0,0,0,2,8,5,11,1,4,2,5,3,0
658,0,11,391,2103.84,134,86,272,4399.63,43,200,0,0,0,0,0,0,0,0,0,1,0,1,6,1,4,1,2,1,3,2,2
659,0,23,2376,1949.12,329,74,538,1705.2,63,287,0,0,0,0,0,0,0,0,0,0,0,0,0,0,0,2,0,1,0,2,2
660,0,5,341,2119.35,134,50,145,1162.76,16,125,0,0,0,0,0,0,0,0,0,0,0,0,0,0,0,0,0,0,0,0,2
661,0,15,1082,2266.36,145,71,412,2210.68,49,182,0,0,0,0,0,0,307,4,1,0,0,2,7,16,7,12,1,2,1,7,0
662,0,0,924,2472.08,228,75,428,2299.77,29,394,0,0,0,0,0,0,0,0,0,0,0,0,0,0,0,0,0,0,0,0,2
663,0,16,1774,2092.22,317,37,114,2486.84,29,71,0,0,0,0,0,0,43,0,1,0,0,1,0,3,0,2,0,1,0,3,2
664,0,21,764,1006.41,261,76,771,1143.97,181,72,171,1,2,0,0,1,0,0,0,0,0,0,1,3,1,2,1,1,2,1,2
665,0,0,2216,1894.9,345,59,667,2325.34,106,187,659,1,4,0,0,2,280,1,2,0,0,1,4,15,5,12,3,3,5,9,0
666,1,16,1095,1621.1,330,71,1240,1854.92,206,290,342,8,8,2,0,1,1458,3,14,4,2,2,14,15,10,13,1,2,4,11,0
667,0,5,1014,1808.28,204,16,146,1723.97,21,119,0,0,0,0,0,0,0,0,0,0,0,0,1,0,1,0,1,0,2,0,2
668,0,8,1251,1630.94,275,65,289,3932.18,80,153,40,0,1,0,1,1,116,1,2,2,0,2,1,0,1,0,1,0,1,0,2
669,0,2,320,1582.5,129,70,210,1872.86,10,198,0,0,0,0,0,0,83,1,0,0,0,1,0,0,1,0,1,0,1,0,2
670,0,37,8,3375.0,0,8,71,1035.21,0,71,161,3,1,1,0,2,166,2,3,0,0,1,8,9,7,6,1,1,3,1,1
671,0,7,560,1689.11,167,9,113,6939.82,48,3,0,0,0,0,0,0,0,0,0,0,0,0,10,3,10,3,1,1,5,2,2
672,0,25,455,1757.8,186,0,385,2154.55,80,0,384,2,3,1,0,4,163,0,2,0,0,2,4,4,8,8,3,3,7,7,0
673,0,11,896,1877.68,242,74,562,3521.0,54,139,0,0,0,0,0,0,17,1,0,0,1,2,4,6,3,3,2,2,3,4,2
674,0,10,0,0.0,0,0,1,15000.0,0,1,0,0,0,0,0,0,0,0,0,1,0,1,0,0,0,0,0,0,0,0,1
676,0,9,1380,2441.09,284,57,565,2772.74,167,125,223,1,3,0,0,1,126,3,3,0,0,2,6,5,8,11,3,1,7,5,0
677,1,39,1417,1093.3,401,39,939,1826.2,238,43,352,6,5,1,3,5,727,9,8,1,4,5,33,24,22,32,2,2,18,24,0
678,0,25,397,2751.39,156,14,253,1417.0,86,53,277,11,2,0,1,1,1195,17,3,0,0,2,2,5,2,4,1,1,2,9,0
679,0,15,2,750.0,0,2,0,0.0,0,0,0,0,0,0,0,0,0,0,0,0,0,0,0,0,0,0,0,0,0,0,1
680,0,5,385,1224.94,195,31,62,808.06,5,57,0,0,0,0,0,0,0,0,0,0,0,0,1,0,1,0,1,0,1,0,2
681,0,0,86,3617.44,52,3,52,2134.62,21,5,420,3,5,7,0,4,1363,5,17,6,0,2,5,30,5,26,3,3,6,25,0
682,1,14,1951,1958.84,398,44,1146,2187.7,257,154,508,12,10,0,3,5,414,7,7,0,0,2,4,30,5,32,2,3,3,13,0
683,0,13,670,1827.76,178,58,221,3696.38,26,111,549,3,3,1,0,2,335,4,3,0,0,2,46,61,44,58,2,3,31,30,0
684,1,4,731,1271.82,284,73,225,1476.0,52,161,0,0,0,0,0,0,0,0,0,0,0,0,0,0,0,0,0,0,0,0,2
685,0,12,654,1625.23,242,65,172,1016.86,39,126,2,0,1,0,0,1,0,0,0,0,0,0,1,1,3,1,1,1,4,2,2
686,0,7,860,2320.81,224,40,675,781.78,159,22,0,0,0,0,0,0,0,0,0,0,0,0,0,0,0,0,0,0,0,0,2
687,0,13,596,2277.18,195,39,574,2705.75,123,73,109,3,0,0,0,2,339,2,1,0,1,3,7,7,9,6,2,2,9,6,0
689,0,22,733,1508.59,195,79,274,1972.99,16,208,0,0,0,0,0,0,3,0,1,0,0,1,2,0,1,0,2,0,2,0,2
690,0,3,33,8090.91,3,30,60,6990.0,0,60,0,0,0,0,0,0,0,0,0,0,0,0,0,0,0,0,0,0,0,0,1
691,0,10,1024,1894.34,246,35,453,1672.19,109,150,0,0,0,0,0,0,218,1,0,0,0,1,0,0,0,0,0,0,0,0,2
692,0,32,206,1807.28,80,0,26,1638.46,13,1,59,1,2,1,0,1,285,6,2,2,1,2,0,4,0,4,0,1,0,3,1
694,0,10,225,1954.67,126,8,17,1870.59,1,15,0,0,0,0,0,0,124,2,4,0,0,1,5,3,10,6,2,1,8,5,1
695,0,33,0,0.0,0,0,7,514.29,4,0,17,1,0,0,0,1,94,1,0,0,0,1,1,8,0,4,1,3,1,4,1
696,0,12,0,0.0,0,0,2,17100.0,0,2,0,0,0,0,0,0,636,1,0,1,0,1,4,1,6,0,1,1,3,1,1
697,0,4,6,13650.0,0,6,5,14340.0,0,5,155,3,1,0,0,1,145,0,3,1,0,1,21,34,20,27,1,1,14,10,1
698,0,0,365,1234.52,154,68,512,2620.9,81,122,0,0,0,0,0,0,544,2,4,0,1,1,1,11,2,17,1,1,3,19,2
699,0,5,468,1185.9,197,77,160,1471.88,9,145,109,0,3,0,1,1,63,1,4,0,2,3,2,2,4,2,1,2,2,3,2
700,1,13,571,1988.62,191,21,246,3785.37,30,25,0,0,0,0,1,1,2,0,1,0,0,1,9,2,7,2,1,1,4,1,2
701,1,16,1113,2269.81,226,48,338,1279.88,52,215,846,6,0,0,0,3,28,1,1,0,0,2,0,4,1,1,1,2,1,3,0
702,0,14,1398,2001.29,329,35,492,2879.27,93,169,97,2,2,0,1,2,326,3,6,1,2,2,4,5,3,8,1,2,2,7,0
703,0,0,633,1226.54,262,90,461,937.09,26,423,120,1,1,0,0,2,174,1,1,0,0,1,35,7,36,8,2,3,20,6,0
704,0,1,300,1779.0,139,47,96,1406.25,38,54,0,0,0,0,0,0,776,0,1,0,0,1,4,2,2,2,1,1,3,3,2
705,1,1,65,2141.54,2,63,94,1898.94,3,91,0,0,0,0,0,0,0,0,0,0,0,0,0,0,0,0,0,0,0,0,1
707,1,17,58,1153.45,21,22,106,2032.08,10,87,13,1,0,0,0,1,69,2,2,0,0,1,21,47,24,46,3,2,20,19,0
709,1,15,16,2287.5,8,2,89,1479.78,19,7,0,0,0,0,0,0,173,2,1,0,0,1,3,0,2,1,1,1,1,1,1
710,0,2,2,1050.0,1,0,0,0.0,0,0,0,0,0,0,0,0,0,0,0,0,0,0,0,0,0,0,0,0,0,0,1
711,0,22,1,300.0,1,0,0,0.0,0,0,30,1,0,0,0,1,104,1,2,1,0,1,2,8,3,8,2,3,3,7,1
812,1,11,501,1832.93,203,22,71,1187.32,12,57,104,2,1,2,0,2,0,0,0,0,0,0,1,2,4,3,1,1,5,3,2
845,0,26,18,766.67,15,0,0,0.0,0,0,96,1,1,0,0,2,120,1,2,2,0,2,7,2,6,1,1,2,6,2,1
