method,k,silhouette,group,eps,min_samples,n_clusters
K-Means,2.0,0.5991200678241335,Digital School,,,
K-Means,3.0,0.5011557834670775,Digital School,,,
K-Means,4.0,0.4837721250529209,Digital School,,,
K-Means,5.0,0.3692482530023786,Digital School,,,
K-Means,6.0,0.3665491797816238,Digital School,,,
K-Means,7.0,0.3683471815397736,Digital School,,,
K-Means,8.0,0.35037990109262707,Digital School,,,
K-Means,9.0,0.36773947315211947,Digital School,,,
K-Means,10.0,0.30392726665591535,Digital School,,,
Hierarchical,2.0,0.8004594874714238,Digital School,,,
Hierarchical,3.0,0.3772986429464171,Digital School,,,
Hierarchical,4.0,0.3802785911203716,Digital School,,,
Hierarchical,5.0,0.36748485987916,Digital School,,,
Hierarchical,6.0,0.3707242860708655,Digital School,,,
Hierarchical,7.0,0.3308202885420202,Digital School,,,
Hierarchical,8.0,0.3359629512241857,Digital School,,,
Hierarchical,9.0,0.33650510896906793,Digital School,,,
Hierarchical,10.0,0.308369314637344,Digital School,,,
DBSCAN,,0.3072064664126597,Digital School,0.2,3.0,15.0
DBSCAN,,0.40244890060427013,Digital School,0.2,4.0,8.0
DBSCAN,,0.4169315510034309,Digital School,0.2,5.0,4.0
DBSCAN,,0.4181385228780437,Digital School,0.2,6.0,2.0
DBSCAN,,0.42083402995233804,Digital School,0.2,7.0,2.0
DBSCAN,,0.35167700783814015,Digital School,0.2,8.0,3.0
DBSCAN,,0.36904970497204614,Digital School,0.2,9.0,3.0
DBSCAN,,0.3854770943500219,Digital School,0.2,10.0,3.0
DBSCAN,,0.3927621250687016,Digital School,0.2,11.0,3.0
DBSCAN,,0.3904126415590618,Digital School,0.2,12.0,3.0
DBSCAN,,0.39677402335403233,Digital School,0.2,13.0,3.0
DBSCAN,,0.4441035983880293,Digital School,0.2,14.0,2.0
DBSCAN,,0.3703762004524276,Digital School,0.3,3.0,10.0
DBSCAN,,0.3553061920426316,Digital School,0.3,4.0,6.0
DBSCAN,,0.387528416579414,Digital School,0.3,5.0,6.0
DBSCAN,,0.3991305828011514,Digital School,0.3,6.0,5.0
DBSCAN,,0.4073075304851056,Digital School,0.3,7.0,6.0
DBSCAN,,0.41672803358311655,Digital School,0.3,8.0,5.0
DBSCAN,,0.4156675115673912,Digital School,0.3,9.0,4.0
DBSCAN,,0.416690375153318,Digital School,0.3,10.0,3.0
DBSCAN,,0.42127233692041205,Digital School,0.3,11.0,2.0
DBSCAN,,0.42127233692041205,Digital School,0.3,12.0,2.0
DBSCAN,,0.42127233692041205,Digital School,0.3,13.0,2.0
DBSCAN,,0.426013844769314,Digital School,0.3,14.0,2.0
DBSCAN,,0.426013844769314,Digital School,0.3,15.0,2.0
DBSCAN,,0.3412316281448011,Digital School,0.4,3.0,10.0
DBSCAN,,0.3586952103832872,Digital School,0.4,4.0,8.0
DBSCAN,,0.39890485819591365,Digital School,0.4,5.0,7.0
DBSCAN,,0.40142399744872664,Digital School,0.4,6.0,6.0
DBSCAN,,0.4003209592672757,Digital School,0.4,7.0,5.0
DBSCAN,,0.40284920524370926,Digital School,0.4,8.0,5.0
DBSCAN,,0.4053351748193434,Digital School,0.4,9.0,5.0
DBSCAN,,0.4114821714381734,Digital School,0.4,10.0,4.0
DBSCAN,,0.4093828198239078,Digital School,0.4,11.0,4.0
DBSCAN,,0.4093828198239078,Digital School,0.4,12.0,4.0
DBSCAN,,0.407320609970829,Digital School,0.4,13.0,4.0
DBSCAN,,0.40839532773875664,Digital School,0.4,14.0,4.0
DBSCAN,,0.40839532773875664,Digital School,0.4,15.0,4.0
DBSCAN,,0.3381698418589495,Digital School,0.5,3.0,13.0
DBSCAN,,0.3545271846311433,Digital School,0.5,4.0,11.0
DBSCAN,,0.37204021714220126,Digital School,0.5,5.0,9.0
DBSCAN,,0.3858603741981555,Digital School,0.5,6.0,7.0
DBSCAN,,0.3889547579940559,Digital School,0.5,7.0,6.0
DBSCAN,,0.39835638608615015,Digital School,0.5,8.0,5.0
DBSCAN,,0.399239904137463,Digital School,0.5,9.0,5.0
DBSCAN,,0.399239904137463,Digital School,0.5,10.0,5.0
DBSCAN,,0.40443102236816825,Digital School,0.5,11.0,5.0
DBSCAN,,0.402016627826586,Digital School,0.5,12.0,5.0
DBSCAN,,0.40649318739930873,Digital School,0.5,13.0,4.0
DBSCAN,,0.40424836195784125,Digital School,0.5,14.0,4.0
DBSCAN,,0.40424836195784125,Digital School,0.5,15.0,4.0
DBSCAN,,0.32988694677012587,Digital School,0.6,3.0,11.0
DBSCAN,,0.33790676736835557,Digital School,0.6,4.0,9.0
DBSCAN,,0.3480313394448022,Digital School,0.6,5.0,8.0
DBSCAN,,0.34884902550407015,Digital School,0.6,6.0,8.0
DBSCAN,,0.3531128928394979,Digital School,0.6,7.0,8.0
DBSCAN,,0.3659938796086107,Digital School,0.6,8.0,7.0
DBSCAN,,0.3687060056244799,Digital School,0.6,9.0,6.0
DBSCAN,,0.3783756625425849,Digital School,0.6,10.0,5.0
DBSCAN,,0.38208454989614465,Digital School,0.6,11.0,5.0
DBSCAN,,0.38208454989614465,Digital School,0.6,12.0,5.0
DBSCAN,,0.38208454989614465,Digital School,0.6,13.0,5.0
DBSCAN,,0.38208454989614465,Digital School,0.6,14.0,5.0
DBSCAN,,0.3934166908915896,Digital School,0.6,15.0,4.0
DBSCAN,,0.3069600052491901,Digital School,0.7,3.0,13.0
DBSCAN,,0.3285270962414285,Digital School,0.7,4.0,9.0
DBSCAN,,0.3308545750078333,Digital School,0.7,5.0,9.0
DBSCAN,,0.34267879858477157,Digital School,0.7,6.0,7.0
DBSCAN,,0.34523386842323744,Digital School,0.7,7.0,7.0
DBSCAN,,0.3487230825740501,Digital School,0.7,8.0,7.0
DBSCAN,,0.35052728977448355,Digital School,0.7,9.0,7.0
DBSCAN,,0.35633188791591874,Digital School,0.7,10.0,7.0
DBSCAN,,0.36153587949816873,Digital School,0.7,11.0,7.0
DBSCAN,,0.3623375477982129,Digital School,0.7,12.0,6.0
DBSCAN,,0.36177146456732184,Digital School,0.7,13.0,6.0
DBSCAN,,0.3700139319207725,Digital School,0.7,14.0,5.0
DBSCAN,,0.3700139319207725,Digital School,0.7,15.0,5.0
DBSCAN,,0.3089961947938042,Digital School,0.8,3.0,5.0
DBSCAN,,0.32982321975624934,Digital School,0.8,4.0,4.0
DBSCAN,,0.28951756051197497,Digital School,0.8,5.0,4.0
DBSCAN,,0.2834501182100381,Digital School,0.8,6.0,4.0
DBSCAN,,0.3154777153459744,Digital School,0.8,7.0,3.0
DBSCAN,,0.32591677976715533,Digital School,0.8,8.0,2.0
DBSCAN,,0.32927402171495773,Digital School,0.8,9.0,2.0
DBSCAN,,0.31543159625194817,Digital School,0.8,10.0,2.0
DBSCAN,,0.31775842935310245,Digital School,0.8,11.0,2.0
DBSCAN,,0.31618140821883095,Digital School,0.8,12.0,2.0
DBSCAN,,0.3062645240451948,Digital School,0.8,13.0,2.0
DBSCAN,,0.3105742909684253,Digital School,0.8,14.0,2.0
DBSCAN,,0.5025427269353554,Digital School,0.9,3.0,2.0
DBSCAN,,0.4814425287154797,Digital School,0.9,5.0,2.0
DBSCAN,,0.46848099694026263,Digital School,1.0,3.0,2.0
DBSCAN,,0.4041567892760104,Digital School,1.0,7.0,2.0
DBSCAN,,0.37583740054738335,Digital School,1.1,3.0,4.0
DBSCAN,,0.3903776732650704,Digital School,1.1,4.0,3.0
DBSCAN,,0.44067346593162116,Digital School,1.2,5.0,2.0
DBSCAN,,0.3848912893905128,Digital School,1.2,6.0,2.0
DBSCAN,,0.404626155177222,Digital School,1.3,3.0,3.0
DBSCAN,,0.4384345608078064,Digital School,1.3,6.0,2.0
DBSCAN,,0.44088601923655724,Digital School,1.3,7.0,2.0
DBSCAN,,0.4825694017767673,Digital School,1.4,3.0,4.0
DBSCAN,,0.3679500028341369,Digital School,1.4,4.0,3.0
DBSCAN,,0.46942145981718275,Digital School,1.5,3.0,4.0
DBSCAN,,0.47865081596486053,Digital School,1.5,4.0,2.0
DBSCAN,,0.574462953096455,Digital School,1.6,3.0,3.0
DBSCAN,,0.47411761522969026,Digital School,1.6,4.0,2.0
DBSCAN,,0.5895989937394573,Digital School,1.7,3.0,2.0
DBSCAN,,0.5785073486660012,Digital School,1.8,3.0,2.0
DBSCAN,,0.5646563691525969,Digital School,1.9,3.0,2.0
DBSCAN,,0.550354992969297,Digital School,2.0,3.0,2.0
DBSCAN,,0.7815707230109082,Digital School,2.9,3.0,2.0
DBSCAN,,0.7803961922132224,Digital School,3.0,3.0,2.0
K-Means,2.0,0.6400794120455949,Digital Off-School,,,
K-Means,3.0,0.6113012213298958,Digital Off-School,,,
K-Means,4.0,0.38819097770308353,Digital Off-School,,,
K-Means,5.0,0.39054595135740355,Digital Off-School,,,
K-Means,6.0,0.37394252727926924,Digital Off-School,,,
K-Means,7.0,0.3518427794644442,Digital Off-School,,,
K-Means,8.0,0.3568095204274566,Digital Off-School,,,
K-Means,9.0,0.35709971718169997,Digital Off-School,,,
K-Means,10.0,0.36526791650991264,Digital Off-School,,,
Hierarchical,2.0,0.6354816511317026,Digital Off-School,,,
Hierarchical,3.0,0.6213217439367797,Digital Off-School,,,
Hierarchical,4.0,0.33874105640527813,Digital Off-School,,,
Hierarchical,5.0,0.3468779265398808,Digital Off-School,,,
Hierarchical,6.0,0.35158319361995954,Digital Off-School,,,
Hierarchical,7.0,0.35560291293774254,Digital Off-School,,,
Hierarchical,8.0,0.35660846353199216,Digital Off-School,,,
Hierarchical,9.0,0.3591710655088763,Digital Off-School,,,
Hierarchical,10.0,0.34707419605228723,Digital Off-School,,,
DBSCAN,,0.36494444294567546,Digital Off-School,0.2,3.0,16.0
DBSCAN,,0.3464781806313837,Digital Off-School,0.2,4.0,10.0
DBSCAN,,0.3696606181244157,Digital Off-School,0.2,5.0,5.0
DBSCAN,,0.4761177216476044,Digital Off-School,0.2,6.0,4.0
DBSCAN,,0.4791452937081094,Digital Off-School,0.2,7.0,4.0
DBSCAN,,0.48423571451425335,Digital Off-School,0.2,8.0,3.0
DBSCAN,,0.48668712997205704,Digital Off-School,0.2,9.0,3.0
DBSCAN,,0.3884326695463664,Digital Off-School,0.2,10.0,3.0
DBSCAN,,0.3795013065790163,Digital Off-School,0.2,11.0,3.0
DBSCAN,,0.5021467763081316,Digital Off-School,0.2,12.0,2.0
DBSCAN,,0.4977290564313011,Digital Off-School,0.2,13.0,2.0
DBSCAN,,0.5114898598776318,Digital Off-School,0.2,14.0,2.0
DBSCAN,,0.4476522397708309,Digital Off-School,0.2,15.0,3.0
DBSCAN,,0.3297628464069838,Digital Off-School,0.3,3.0,16.0
DBSCAN,,0.3497404781891143,Digital Off-School,0.3,4.0,12.0
DBSCAN,,0.360658061339741,Digital Off-School,0.3,5.0,6.0
DBSCAN,,0.3538821919529307,Digital Off-School,0.3,6.0,6.0
DBSCAN,,0.3656834693337711,Digital Off-School,0.3,7.0,5.0
DBSCAN,,0.403681926536855,Digital Off-School,0.3,8.0,3.0
DBSCAN,,0.39788108656732313,Digital Off-School,0.3,9.0,3.0
DBSCAN,,0.39266457030878754,Digital Off-School,0.3,10.0,3.0
DBSCAN,,0.39003076874633064,Digital Off-School,0.3,11.0,2.0
DBSCAN,,0.39078203850496457,Digital Off-School,0.3,12.0,2.0
DBSCAN,,0.44252033769601906,Digital Off-School,0.3,13.0,3.0
DBSCAN,,0.44252033769601906,Digital Off-School,0.3,14.0,3.0
DBSCAN,,0.45317951164690895,Digital Off-School,0.3,15.0,2.0
DBSCAN,,0.32550211228335646,Digital Off-School,0.4,3.0,14.0
DBSCAN,,0.3302536306216235,Digital Off-School,0.4,4.0,10.0
DBSCAN,,0.324892938081623,Digital Off-School,0.4,5.0,9.0
DBSCAN,,0.3501140475465137,Digital Off-School,0.4,6.0,6.0
DBSCAN,,0.3538322003811807,Digital Off-School,0.4,7.0,5.0
DBSCAN,,0.3381272579864534,Digital Off-School,0.4,8.0,5.0
DBSCAN,,0.35224935107667565,Digital Off-School,0.4,9.0,5.0
DBSCAN,,0.3594229604160184,Digital Off-School,0.4,10.0,5.0
DBSCAN,,0.36428033277837624,Digital Off-School,0.4,11.0,5.0
DBSCAN,,0.39627226883571404,Digital Off-School,0.4,12.0,3.0
DBSCAN,,0.39679440991561016,Digital Off-School,0.4,13.0,3.0
DBSCAN,,0.3962396807317176,Digital Off-School,0.4,14.0,3.0
DBSCAN,,0.3962396807317176,Digital Off-School,0.4,15.0,3.0
DBSCAN,,0.31955789164516346,Digital Off-School,0.5,3.0,15.0
DBSCAN,,0.32743509354216477,Digital Off-School,0.5,4.0,11.0
DBSCAN,,0.33336394406997416,Digital Off-School,0.5,5.0,9.0
DBSCAN,,0.3349652286117048,Digital Off-School,0.5,6.0,9.0
DBSCAN,,0.34199809796481484,Digital Off-School,0.5,7.0,7.0
DBSCAN,,0.34249687418903085,Digital Off-School,0.5,8.0,7.0
DBSCAN,,0.3426738611899909,Digital Off-School,0.5,9.0,6.0
DBSCAN,,0.33895004287149333,Digital Off-School,0.5,10.0,6.0
DBSCAN,,0.3433191000957168,Digital Off-School,0.5,11.0,5.0
DBSCAN,,0.3495054333942606,Digital Off-School,0.5,12.0,5.0
DBSCAN,,0.33590363478676954,Digital Off-School,0.5,13.0,5.0
DBSCAN,,0.35245847519159074,Digital Off-School,0.5,14.0,4.0
DBSCAN,,0.38615261972019754,Digital Off-School,0.5,15.0,3.0
DBSCAN,,0.24733466167344728,Digital Off-School,0.6,3.0,12.0
DBSCAN,,0.26583597204603115,Digital Off-School,0.6,4.0,6.0
DBSCAN,,0.2872248279145112,Digital Off-School,0.6,5.0,4.0
DBSCAN,,0.2970274926505986,Digital Off-School,0.6,6.0,3.0
DBSCAN,,0.29686385984000707,Digital Off-School,0.6,7.0,3.0
DBSCAN,,0.3343273820990246,Digital Off-School,0.6,8.0,2.0
DBSCAN,,0.335135683821142,Digital Off-School,0.6,9.0,2.0
DBSCAN,,0.302881726328605,Digital Off-School,0.6,10.0,3.0
DBSCAN,,0.321207863464762,Digital Off-School,0.6,11.0,2.0
DBSCAN,,0.319806974725588,Digital Off-School,0.6,12.0,2.0
DBSCAN,,0.3179716398160675,Digital Off-School,0.6,13.0,2.0
DBSCAN,,0.32047423350317755,Digital Off-School,0.6,14.0,2.0
DBSCAN,,0.320792225176286,Digital Off-School,0.6,15.0,2.0
DBSCAN,,0.26889158970955995,Digital Off-School,0.7,3.0,7.0
DBSCAN,,0.2844828602751831,Digital Off-School,0.7,4.0,3.0
DBSCAN,,0.2835780742729027,Digital Off-School,0.7,5.0,3.0
DBSCAN,,0.28728016844552356,Digital Off-School,0.7,6.0,3.0
DBSCAN,,0.2871734409909065,Digital Off-School,0.7,7.0,3.0
DBSCAN,,0.2689244425162337,Digital Off-School,0.7,8.0,4.0
DBSCAN,,0.2899586887051583,Digital Off-School,0.7,9.0,3.0
DBSCAN,,0.2922882778342176,Digital Off-School,0.7,10.0,3.0
DBSCAN,,0.3158261087583673,Digital Off-School,0.7,11.0,2.0
DBSCAN,,0.31739839535815445,Digital Off-School,0.7,12.0,2.0
DBSCAN,,0.3223585812966095,Digital Off-School,0.7,13.0,2.0
DBSCAN,,0.32237478736305014,Digital Off-School,0.7,14.0,2.0
DBSCAN,,0.32237478736305014,Digital Off-School,0.7,15.0,2.0
DBSCAN,,0.31335532288601453,Digital Off-School,0.8,3.0,4.0
DBSCAN,,0.31432988676492646,Digital Off-School,0.8,4.0,4.0
DBSCAN,,0.4116396781412493,Digital Off-School,0.9,3.0,4.0
DBSCAN,,0.4367179090425615,Digital Off-School,1.0,3.0,3.0
DBSCAN,,0.5049914629184707,Digital Off-School,1.1,3.0,2.0
DBSCAN,,0.515486834116404,Digital Off-School,1.1,4.0,2.0
DBSCAN,,0.44059753319004985,Digital Off-School,1.2,3.0,2.0
DBSCAN,,0.6031433742209712,Digital Off-School,1.7,3.0,2.0
DBSCAN,,0.5952243087720218,Digital Off-School,1.8,3.0,2.0
DBSCAN,,0.5290424813076455,Digital Off-School,1.9,3.0,3.0
DBSCAN,,0.5881764135728772,Digital Off-School,2.0,3.0,2.0
DBSCAN,,0.5664390857953107,Digital Off-School,2.0,6.0,2.0
DBSCAN,,0.6833372997124261,Digital Off-School,2.5,4.0,2.0
DBSCAN,,0.6138513879817645,Digital Off-School,2.6,3.0,2.0
DBSCAN,,0.7029893407569353,Digital Off-School,2.6,4.0,2.0
DBSCAN,,0.6116771267694731,Digital Off-School,2.7,3.0,2.0
DBSCAN,,0.6086021994141425,Digital Off-School,2.7,4.0,3.0
DBSCAN,,0.6014246980585951,Digital Off-School,2.8,4.0,2.0
K-Means,2.0,0.2959673230677409,Social School,,,
K-Means,3.0,0.3198916663936177,Social School,,,
K-Means,4.0,0.32801281101914076,Social School,,,
K-Means,5.0,0.3367531314836898,Social School,,,
K-Means,6.0,0.33297812229523294,Social School,,,
K-Means,7.0,0.3011495147044203,Social School,,,
K-Means,8.0,0.3100318383934691,Social School,,,
K-Means,9.0,0.3140799803997763,Social School,,,
K-Means,10.0,0.3170793171266539,Social School,,,
Hierarchical,2.0,0.28388413489251796,Social School,,,
Hierarchical,3.0,0.304417404773131,Social School,,,
Hierarchical,4.0,0.2547607174961531,Social School,,,
Hierarchical,5.0,0.2753567504697913,Social School,,,
Hierarchical,6.0,0.26836904136419104,Social School,,,
Hierarchical,7.0,0.2771677549662465,Social School,,,
Hierarchical,8.0,0.26687035617133265,Social School,,,
Hierarchical,9.0,0.25041874988706303,Social School,,,
Hierarchical,10.0,0.24675197349830685,Social School,,,
DBSCAN,,0.944656543872019,Social School,0.2,3.0,9.0
DBSCAN,,0.9956719059365279,Social School,0.2,4.0,3.0
DBSCAN,,0.5985340084506436,Social School,0.3,3.0,41.0
DBSCAN,,0.7618667257632128,Social School,0.3,4.0,20.0
DBSCAN,,0.8618326500862511,Social School,0.3,5.0,9.0
DBSCAN,,0.9709721979219532,Social School,0.3,6.0,2.0
DBSCAN,,-0.15247559351481169,Social School,0.4,3.0,26.0
DBSCAN,,-0.03987946941249022,Social School,0.4,4.0,21.0
DBSCAN,,0.05513862345445756,Social School,0.4,5.0,15.0
DBSCAN,,0.059077987986518504,Social School,0.4,6.0,8.0
DBSCAN,,0.2776162740257869,Social School,0.4,7.0,7.0
DBSCAN,,0.6268178311113131,Social School,0.4,8.0,9.0
DBSCAN,,0.696212018767125,Social School,0.4,9.0,5.0
DBSCAN,,0.7816042604410733,Social School,0.4,10.0,4.0
DBSCAN,,0.8783526344495667,Social School,0.4,11.0,2.0
DBSCAN,,0.8783526344495667,Social School,0.4,12.0,2.0
DBSCAN,,-0.05621052230542007,Social School,0.5,3.0,13.0
DBSCAN,,0.09610074897594499,Social School,0.5,4.0,8.0
DBSCAN,,0.3018161167729382,Social School,0.5,5.0,4.0
DBSCAN,,0.08283365246116774,Social School,0.5,6.0,7.0
DBSCAN,,0.41148514331871755,Social School,0.5,7.0,2.0
DBSCAN,,0.09889445466543406,Social School,0.5,8.0,3.0
DBSCAN,,0.1849990054780218,Social School,0.5,9.0,3.0
DBSCAN,,0.4616383245839942,Social School,0.5,10.0,3.0
DBSCAN,,0.28106379759597744,Social School,0.5,11.0,4.0
DBSCAN,,0.3170845295407555,Social School,0.5,12.0,5.0
DBSCAN,,0.27793837930267773,Social School,0.5,13.0,4.0
DBSCAN,,0.5501388886941191,Social School,0.5,15.0,2.0
DBSCAN,,0.0065580708967490865,Social School,0.6,3.0,5.0
DBSCAN,,0.09948535468816912,Social School,0.6,4.0,8.0
DBSCAN,,0.11992973382458896,Social School,0.6,5.0,5.0
DBSCAN,,0.290494344173991,Social School,0.6,6.0,3.0
DBSCAN,,0.35659504480811777,Social School,0.6,7.0,2.0
DBSCAN,,0.19763085174218306,Social School,0.6,8.0,3.0
DBSCAN,,0.30521666065797926,Social School,0.6,9.0,2.0
DBSCAN,,0.5033725840597948,Social School,0.6,11.0,2.0
DBSCAN,,0.5092046166501347,Social School,0.6,12.0,2.0
DBSCAN,,0.4828689815015751,Social School,0.6,13.0,2.0
DBSCAN,,0.20843649096121103,Social School,0.7,3.0,3.0
DBSCAN,,0.3636405300101334,Social School,0.7,4.0,3.0
DBSCAN,,0.3117716253445146,Social School,0.7,5.0,3.0
DBSCAN,,0.32260840472196545,Social School,0.7,6.0,3.0
DBSCAN,,0.6343328435567914,Social School,0.8,3.0,2.0
DBSCAN,,0.6349068288465718,Social School,0.8,4.0,2.0
DBSCAN,,0.628377231569953,Social School,0.9,3.0,2.0
DBSCAN,,0.6307976871033287,Social School,0.9,4.0,2.0
DBSCAN,,0.6329345917065646,Social School,0.9,5.0,2.0
DBSCAN,,0.6280323523671112,Social School,1.0,3.0,2.0
DBSCAN,,0.6280323523671112,Social School,1.0,4.0,2.0
DBSCAN,,0.6314571042884327,Social School,1.0,5.0,2.0
DBSCAN,,0.6280323523671112,Social School,1.1,3.0,2.0
DBSCAN,,0.6280323523671112,Social School,1.1,4.0,2.0
DBSCAN,,0.6280323523671112,Social School,1.1,5.0,2.0
DBSCAN,,0.6280323523671112,Social School,1.2,3.0,2.0
DBSCAN,,0.6280323523671112,Social School,1.2,4.0,2.0
DBSCAN,,0.6280323523671112,Social School,1.2,5.0,2.0
DBSCAN,,0.6434292127776308,Social School,1.3,3.0,2.0
DBSCAN,,0.6434292127776308,Social School,1.3,4.0,2.0
DBSCAN,,0.632320428613722,Social School,1.3,5.0,2.0
DBSCAN,,0.632320428613722,Social School,1.3,6.0,2.0
DBSCAN,,0.6418330414001777,Social School,1.4,3.0,2.0
DBSCAN,,0.6418330414001777,Social School,1.4,4.0,2.0
DBSCAN,,0.6306630339546829,Social School,1.4,5.0,2.0
DBSCAN,,0.6306630339546829,Social School,1.4,6.0,2.0
DBSCAN,,0.6418330414001777,Social School,1.5,3.0,2.0
DBSCAN,,0.6418330414001777,Social School,1.5,4.0,2.0
DBSCAN,,0.6418330414001777,Social School,1.5,5.0,2.0
DBSCAN,,0.6418330414001777,Social School,1.5,6.0,2.0
DBSCAN,,0.6506571414354422,Social School,1.5,7.0,2.0
DBSCAN,,0.6418330414001777,Social School,1.6,3.0,2.0
DBSCAN,,0.6418330414001777,Social School,1.6,4.0,2.0
DBSCAN,,0.6418330414001777,Social School,1.6,5.0,2.0
DBSCAN,,0.6418330414001777,Social School,1.6,6.0,2.0
DBSCAN,,0.6418330414001777,Social School,1.6,7.0,2.0
DBSCAN,,0.6418330414001777,Social School,1.6,8.0,2.0
DBSCAN,,0.6418330414001777,Social School,1.7,3.0,2.0
DBSCAN,,0.6418330414001777,Social School,1.7,4.0,2.0
DBSCAN,,0.6418330414001777,Social School,1.7,5.0,2.0
DBSCAN,,0.6418330414001777,Social School,1.7,6.0,2.0
DBSCAN,,0.6418330414001777,Social School,1.7,7.0,2.0
DBSCAN,,0.6418330414001777,Social School,1.7,8.0,2.0
DBSCAN,,0.6418330414001777,Social School,1.8,3.0,2.0
DBSCAN,,0.6418330414001777,Social School,1.8,4.0,2.0
DBSCAN,,0.6418330414001777,Social School,1.8,5.0,2.0
DBSCAN,,0.6418330414001777,Social School,1.8,6.0,2.0
DBSCAN,,0.6418330414001777,Social School,1.8,7.0,2.0
DBSCAN,,0.6418330414001777,Social School,1.8,8.0,2.0
DBSCAN,,0.6418330414001777,Social School,1.9,8.0,2.0
K-Means,2.0,0.376200070400233,Social Off-School,,,
K-Means,3.0,0.39517273566360994,Social Off-School,,,
K-Means,4.0,0.37144192248669217,Social Off-School,,,
K-Means,5.0,0.3256452721955182,Social Off-School,,,
K-Means,6.0,0.3327383338994879,Social Off-School,,,
K-Means,7.0,0.3143424488490648,Social Off-School,,,
K-Means,8.0,0.31744856566079566,Social Off-School,,,
K-Means,9.0,0.3250694741371579,Social Off-School,,,
K-Means,10.0,0.3174393881617614,Social Off-School,,,
Hierarchical,2.0,0.25086794839130844,Social Off-School,,,
Hierarchical,3.0,0.24334802541876197,Social Off-School,,,
Hierarchical,4.0,0.2645474701619342,Social Off-School,,,
Hierarchical,5.0,0.2684710600962779,Social Off-School,,,
Hierarchical,6.0,0.28232673033876005,Social Off-School,,,
Hierarchical,7.0,0.28709136171691774,Social Off-School,,,
Hierarchical,8.0,0.2920635815806566,Social Off-School,,,
Hierarchical,9.0,0.2651964598907406,Social Off-School,,,
Hierarchical,10.0,0.26981501483256853,Social Off-School,,,
DBSCAN,,0.875554860670267,Social Off-School,0.2,3.0,17.0
DBSCAN,,0.9677199420580646,Social Off-School,0.2,4.0,4.0
DBSCAN,,0.9702460668901639,Social Off-School,0.2,5.0,4.0
DBSCAN,,0.9960653439775464,Social Off-School,0.2,6.0,2.0
DBSCAN,,0.9960653439775464,Social Off-School,0.2,7.0,2.0
DBSCAN,,0.9960653439775464,Social Off-School,0.2,8.0,2.0
DBSCAN,,0.06858782898220885,Social Off-School,0.3,3.0,37.0
DBSCAN,,0.19589886055817665,Social Off-School,0.3,4.0,15.0
DBSCAN,,0.40428056922664635,Social Off-School,0.3,5.0,13.0
DBSCAN,,0.6815942954128082,Social Off-School,0.3,6.0,11.0
DBSCAN,,0.7894686028927547,Social Off-School,0.3,7.0,8.0
DBSCAN,,0.8822666180686062,Social Off-School,0.3,8.0,5.0
DBSCAN,,0.9571890859339748,Social Off-School,0.3,9.0,3.0
DBSCAN,,0.9821647414313063,Social Off-School,0.3,10.0,2.0
DBSCAN,,-0.23815306660669666,Social Off-School,0.4,3.0,20.0
DBSCAN,,-0.022337963310156035,Social Off-School,0.4,4.0,14.0
DBSCAN,,0.037577558046883494,Social Off-School,0.4,5.0,11.0
DBSCAN,,0.12660700180716356,Social Off-School,0.4,6.0,7.0
DBSCAN,,0.023949930224406356,Social Off-School,0.4,7.0,4.0
DBSCAN,,0.06489289984103117,Social Off-School,0.4,8.0,5.0
DBSCAN,,0.27062164145583284,Social Off-School,0.4,9.0,3.0
DBSCAN,,0.40894582389036604,Social Off-School,0.4,10.0,3.0
DBSCAN,,0.6061450068226021,Social Off-School,0.4,12.0,2.0
DBSCAN,,0.7488850538921391,Social Off-School,0.4,13.0,3.0
DBSCAN,,0.7939092044729812,Social Off-School,0.4,14.0,3.0
DBSCAN,,0.0027502018686398656,Social Off-School,0.5,3.0,9.0
DBSCAN,,0.18403644880074368,Social Off-School,0.5,4.0,6.0
DBSCAN,,0.009760755941567658,Social Off-School,0.5,5.0,4.0
DBSCAN,,0.0705914335669699,Social Off-School,0.5,6.0,4.0
DBSCAN,,0.4109317498323294,Social Off-School,0.5,7.0,2.0
DBSCAN,,0.4087432021103996,Social Off-School,0.5,8.0,2.0
DBSCAN,,0.027749402846868786,Social Off-School,0.5,9.0,4.0
DBSCAN,,0.2773308688659255,Social Off-School,0.5,10.0,3.0
DBSCAN,,0.22758488485243153,Social Off-School,0.5,11.0,4.0
DBSCAN,,0.44569938275805954,Social Off-School,0.5,14.0,2.0
DBSCAN,,0.3070411079514398,Social Off-School,0.6,3.0,5.0
DBSCAN,,0.276432748820936,Social Off-School,0.6,4.0,4.0
DBSCAN,,0.2536566757323031,Social Off-School,0.6,5.0,3.0
DBSCAN,,0.4022055949998834,Social Off-School,0.6,6.0,2.0
DBSCAN,,0.39702333320659644,Social Off-School,0.7,3.0,5.0
DBSCAN,,0.3472647995408264,Social Off-School,0.7,4.0,4.0
DBSCAN,,0.4985046478680732,Social Off-School,0.7,5.0,2.0
DBSCAN,,0.5036202513811742,Social Off-School,0.7,6.0,2.0
DBSCAN,,0.3745687312799311,Social Off-School,0.7,7.0,3.0
DBSCAN,,0.4500169823802275,Social Off-School,0.8,3.0,3.0
DBSCAN,,0.4096817205712817,Social Off-School,0.8,8.0,2.0
DBSCAN,,0.39583054723473504,Social Off-School,0.8,9.0,2.0
DBSCAN,,0.5891765333851653,Social Off-School,0.9,3.0,2.0
DBSCAN,,0.3978976459764817,Social Off-School,0.9,11.0,2.0
DBSCAN,,0.5138277537322914,Social Off-School,0.9,12.0,2.0
