user,gender,digital_school_score,digital_off-school_score,social_school_score,social_off-school_score,digital_school_level,digital_off-school_level,social_school_level,social_off-school_level,activity_pattern,number_of_high_dimensions,user_profile_cluster
0,0,0.1740411935892373,0.1765920006970168,0.47331322567592515,-0.03548684978971003,High,High,High,Low,HHHL,3,1
2,0,-0.5074495337909706,-0.4856884152469971,-0.9817518606151439,-0.823684676633446,Low,Low,Low,Low,LLLL,0,1
3,0,0.9926369314110279,0.8621975482194233,0.40446599918481085,0.6705227059065095,High,High,High,High,HHHH,4,0
4,0,1.5018743057149868,1.2109648481392843,-0.3130374817306685,0.3352934932143021,High,High,Low,High,HHLH,3,0
5,0,0.058058012020165264,-0.0355467476781606,0.7021335915851897,0.09357711912045422,High,Low,High,High,HLHH,3,1
6,1,0.4845744213028944,0.31614570694786803,1.0034262929407096,0.2681310027029201,High,High,High,High,HHHH,4,0
7,1,-0.5154975215637649,-0.49373640301979127,-1.1485460507916914,-0.777810249952344,Low,Low,Low,Low,LLLL,0,1
8,0,-0.00717705480195141,0.02835156064489825,0.5871115038426094,0.13128419941499594,Low,High,High,High,LHHH,3,1
9,0,-0.45172939088400227,-0.5259283541109682,-0.22981261872193126,-0.2690534541701071,Low,Low,Low,Low,LLLL,0,1
10,0,-0.4994015460181763,-0.47764042747420277,-0.41914875151143727,-0.6485157243797683,Low,Low,Low,Low,LLLL,0,1
11,0,-0.4913535582453821,-0.2745251577323267,-0.09055763402910211,0.6958001710244428,Low,Low,Low,High,LLLH,1,1
12,0,0.39125215088546333,0.5521735998728322,1.1596175145297245,1.84254798117485,High,High,High,High,HHHH,4,0
13,0,1.5026042532586696,1.7536715279787336,1.1866970692154226,1.6983286258641022,High,High,High,High,HHHH,4,0
14,0,-0.32645671219039873,-0.4042702895053832,-0.00758807854204846,0.6362643459532226,Low,Low,Low,High,LLLH,1,1
15,0,0.3880815741649428,1.0696945075390525,0.5381740874075134,0.180966917013967,High,High,High,High,HHHH,4,0
16,0,-0.5074495337909706,-0.3718025475186983,-0.7015563177054344,-0.160032566486768,Low,Low,Low,Low,LLLL,0,1
17,0,-0.3275146999912728,-0.4534964641558201,0.6752800239891977,0.22374861329448342,Low,Low,High,High,LLHH,2,1
18,0,-0.14002790233567375,-0.0016912549043532528,-0.40352147439835034,-0.7208955494939931,Low,Low,Low,Low,LLLL,0,1
19,0,0.3539940678521045,0.769344544182129,0.4258895733601631,0.3857083360109659,High,High,High,High,HHHH,4,0
20,0,2.5127964728518317,2.018963873779808,-0.16873111750079978,0.05068723306953808,High,High,Low,High,HHLH,3,0
21,1,2.224078590932787,1.941768981789025,-0.32283261076491176,-0.19633892697694844,High,High,Low,Low,HHLL,2,0
22,0,-0.10893876478329517,-0.08360985289019782,0.5984061645967329,0.686930892010865,Low,Low,High,High,LLHH,2,0
23,0,-0.22083992852267464,0.2983014757850304,0.09175899527431886,0.19324648777017805,Low,High,High,High,LHHH,3,1
24,0,-0.3150665812714069,-0.2947285044742372,-0.3005185732089622,-0.8098392251322712,Low,Low,Low,Low,LLLL,0,1
25,0,-0.35845224732731146,0.32164453907353396,0.027957625726109436,1.38193910403792,Low,High,High,High,LHHH,3,0
27,0,0.6917974613990164,0.34874270430718823,-0.2554746342954601,-0.5188199990018779,High,High,Low,Low,HHLL,2,1
28,0,-0.29549935163970353,0.1908391685901597,-1.1069877392003535,-0.6347671953951588,Low,High,Low,Low,LHLL,1,1
29,0,-0.2105551502395101,-0.3005846964727295,0.8486222904809122,0.32016035072997934,Low,Low,High,High,LLHH,2,1
30,0,-0.3706337416534685,-0.34887262310949496,0.5984673397249589,-0.7009681120091139,Low,Low,High,Low,LLHL,1,1
32,1,-0.4752575826997936,-0.4534964641558201,-0.17829625915470967,-0.7201314411929987,Low,Low,Low,Low,LLLL,0,1
33,0,0.08805214413149468,0.4781428601231517,-1.1120410100466736,-0.5612322021579312,High,High,Low,Low,HHLL,2,1
34,0,-0.4994015460181763,-0.47764042747420277,1.1237153743090844,0.7165682074986282,Low,Low,High,High,LLHH,2,0
35,0,-0.443681403111208,-0.28383303065533777,-0.046378197584177994,0.8707020138273486,Low,Low,Low,High,LLLH,1,1
36,1,1.1464352667733702,2.606359648366788,-0.6322974246997588,-0.22391527906130415,High,High,Low,Low,HHLL,2,0
37,0,1.5154955603409546,2.701563544028543,-0.27632556942291636,-0.0953336830883094,High,High,Low,Low,HHLL,2,0
38,0,-0.19116300068554046,-0.284488720927141,-0.018252031364032598,-0.8292848023922592,Low,Low,Low,Low,LLLL,0,1
39,0,1.1612349933877633,2.283929155824594,-0.04054551435928465,-0.217233647408698,High,High,Low,Low,HHLL,2,0
40,0,-0.5637854482005302,-0.5420243296565567,-0.6227994204393521,-0.45221113027365006,Low,Low,Low,Low,LLLL,0,1
41,1,-0.48330557047258793,-0.46154445192861426,0.956975619795515,0.33873925759238527,Low,Low,High,High,LLHH,2,1
42,0,-0.19938257049806232,-0.4374004886102316,0.7815766254642493,-0.12924812271789637,Low,Low,High,Low,LLHL,1,1
43,0,-0.3551438148631423,-0.1950211557220588,0.22162253169049861,0.34218376879223844,Low,Low,High,High,LLHH,2,1
44,0,-0.5074495337909706,-0.4856884152469971,0.6881091240737873,0.3657153959446867,Low,Low,High,High,LLHH,2,1
45,0,-0.5476894726549417,-0.5259283541109682,-0.1753730321816201,-0.17711052091952656,Low,Low,Low,Low,LLLL,0,1
46,1,0.4116572767991069,0.25698453670712595,-0.25689445638215597,-0.033971062728808406,High,High,Low,Low,HHLL,2,1
47,0,1.5285655474907052,1.4339525055340618,-0.299134719039064,0.25830744456225085,High,High,Low,High,HHLH,3,0
48,1,1.5801929674537307,1.7728911336192406,1.0972676274251378,1.526325901993133,High,High,High,High,HHHH,4,0
49,0,3.557012391667521,2.92044731014085,1.2488670082427848,0.40796837355005994,High,High,High,High,HHHH,4,0
50,0,-0.2223995507966085,-0.3782807878732934,1.321724567817411,1.0025941124187066,Low,Low,High,High,LLHH,2,0
51,1,0.4514024865523891,0.2953014681657575,0.07698172386807783,1.156319040879874,High,High,High,High,HHHH,4,0
52,0,0.7540116244261965,1.914894400191241,1.5116840991238427,2.973050318151655,High,High,High,High,HHHH,4,0
53,1,-0.5154975215637649,-0.49373640301979127,0.20701780055324429,0.4153902663266902,Low,Low,High,High,LLHH,2,1
54,1,-0.37868172942626277,-0.2046482734616505,0.28125070057969015,-0.004954328177228212,Low,Low,High,Low,LLHL,1,1
55,0,-0.23467835932340908,-0.24407208672553113,-0.017934349690326853,0.19542671046977445,Low,Low,Low,High,LLLH,1,1
57,0,-0.032110076782333956,-0.13151379930583426,0.7010226346786861,0.44735611839021316,Low,Low,High,High,LLHH,2,0
58,0,-0.036074802949784227,0.3812370806378697,0.487226393915332,0.2172765475188309,Low,High,High,High,LHHH,3,0
59,0,-0.07786057676856754,-0.32579082026997713,-0.8731414578959165,-0.18657827543211775,Low,Low,Low,Low,LLLL,0,1
61,1,-0.21512340136012226,-0.23913828463239165,1.5751215993891305,0.13988924243700646,Low,Low,High,High,LLHH,2,0
62,0,-0.5396414848821476,-0.30034873454258193,0.31463748695186,0.8744536097784272,Low,Low,High,High,LLHH,2,1
63,0,0.027060000982873846,-0.22893538957642187,-0.020533599731741653,-0.09510227942695902,High,Low,Low,Low,HLLL,1,1
64,0,-0.0967111006511518,0.07976502145069767,0.2916052983425484,0.8641109974471624,Low,High,High,High,LHHH,3,0
65,0,-0.33127496683142366,-0.29920287462711603,0.48773346301320075,0.32020093344434264,Low,Low,High,High,LLHH,2,1
66,1,-0.33634659960206725,-0.28630940014869183,-1.4234196546337399,-0.9976161685805964,Low,Low,Low,Low,LLLL,0,1
67,0,0.040522168664468526,-0.2989189283803834,0.5314477062959533,0.47014502799378094,High,Low,High,High,HLHH,3,1
68,1,-0.18311044603553123,-0.2198064577102763,-0.941896792324086,-0.5916772380094188,Low,Low,Low,Low,LLLL,0,1
69,0,1.131690312626217,0.5482440371856478,0.39226076934373355,1.1399089787289465,High,High,High,High,HHHH,4,0
70,0,-0.4233572118410063,-0.2927494054741763,0.1924238742629268,0.8353973029591946,Low,Low,High,High,LLHH,2,1
71,0,-0.46720959492699937,-0.24988994961359812,0.03150373750643776,0.8665878884221133,Low,Low,High,High,LLHH,2,1
72,0,-0.2643788098029056,-0.1803797128605353,1.3881947826333032,0.6726385350470013,Low,Low,High,High,LLHH,2,0
73,0,-0.3254445567737613,-0.1212227291201066,-0.6142715043052402,-0.008464402883247901,Low,Low,Low,Low,LLLL,0,1
74,1,0.15139230436214557,0.030180986303538406,-0.04536499206569526,-0.5647457371426287,High,High,Low,Low,HHLL,2,1
75,1,0.49549435691509747,0.5102290143291623,-0.059547577220466316,0.1675257070187158,High,High,Low,High,HHLH,3,0
76,0,-0.14335498145313924,0.0515266584270132,-0.28032500939397276,-0.28406261800305144,Low,High,Low,Low,LHLL,1,1
77,0,-0.5557374604277361,-0.5339763418837625,-1.6028797076561832,-1.0706516041085545,Low,Low,Low,Low,LLLL,0,1
78,0,-0.4350176438358224,-0.41325652529184886,0.32061809943721464,0.3609153982540347,Low,Low,High,High,LLHH,2,1
79,0,-0.33158118449025425,0.17730846532805722,0.8699345363630356,0.7333744946082115,Low,High,High,High,LHHH,3,0
80,0,-0.386729717199057,-0.24260864017160533,0.4794275471130421,0.19652761472210917,Low,Low,High,High,LLHH,2,1
81,0,0.02253027751269231,0.1488333609883748,0.825739949505471,1.515030266037334,High,High,High,High,HHHH,4,0
82,0,-0.2998179104142186,-0.2789165383611911,-1.124165255850642,-0.6081834895831659,Low,Low,Low,Low,LLLL,0,1
83,0,-0.2781417985806207,-0.3041708360096372,-0.27757304567006286,0.44957083066995535,Low,Low,Low,High,LLLH,1,1
84,0,-0.5154975215637649,-0.49373640301979127,0.18921712895426224,-0.2965391381405307,Low,Low,High,Low,LLHL,1,1
85,0,1.1452617060963144,0.3502153870459533,-0.7133011278180762,-0.3943452838840458,High,High,Low,Low,HHLL,2,1
86,0,-0.5396414848821476,-0.517880366338174,-0.7589810991590189,-0.8490205037968309,Low,Low,Low,Low,LLLL,0,1
87,0,-0.4591616071542052,-0.4374004886102316,0.5971416207135771,-0.2619776590836138,Low,Low,High,Low,LLHL,1,1
88,0,0.53289473810139,1.1680279227326846,1.4568868553816103,1.7612190030797765,High,High,High,High,HHHH,4,0
89,0,-0.28771718795978907,-0.312472363382187,-0.9156089121441993,-0.34129370871843323,Low,Low,Low,Low,LLLL,0,1
90,1,4.909410282969707,2.7328031416260843,1.1027045850209785,0.5447513941111761,High,High,High,High,HHHH,4,0
91,0,3.7366534793120354,1.623550639479008,0.18272053825579768,0.12180789587234399,High,High,High,High,HHHH,4,0
92,0,0.17056374224287177,0.2699287381982053,1.4135778557146332,1.9130178868445058,High,High,High,High,HHHH,4,0
93,1,0.35177668408062174,0.3812904840876712,-0.4154659312949185,-0.7654524341338436,High,High,Low,Low,HHLL,2,1
94,0,-0.08485083310461766,-0.1917080636171281,-0.2965249690581416,-0.0966329538633475,Low,Low,Low,Low,LLLL,0,1
95,0,1.025003042831869,1.1398243451122687,1.0363530283437283,1.2646564450100426,High,High,High,High,HHHH,4,0
96,1,1.2630764059904012,0.9831352705840067,-1.1035282712742118,0.523661223982309,High,High,Low,High,HHLH,3,0
97,0,0.3259622955515855,0.08292573174498517,0.8935730228901293,-0.5210744992949304,High,High,High,Low,HHHL,3,1
98,0,0.29857056800506915,-0.18492870257517122,0.699209357037669,0.17728303833507428,High,Low,High,High,HLHH,3,0
99,0,-0.3706337416534685,-0.25947405908460985,0.5465614495851578,0.11044873474620169,Low,Low,High,High,LLHH,2,1
100,1,1.0847353742984347,1.336901011181809,1.3045347308260367,0.988849868242974,High,High,High,High,HHHH,4,0
101,0,-0.5637854482005302,-0.5420243296565567,-0.1515040147238335,0.7688032477555242,Low,Low,Low,High,LLLH,1,1
102,0,0.003630880532742071,0.32220477840332634,0.46528056871494766,0.10963035950006345,High,High,High,High,HHHH,4,1
103,0,-0.5557374604277361,-0.5339763418837625,-0.33104895118939265,-0.5784913455102506,Low,Low,Low,Low,LLLL,0,1
104,1,0.6859036264850253,0.914887897376182,0.16236041191763628,0.1126499367641109,High,High,High,High,HHHH,4,0
105,0,-0.4994015460181763,0.24592714532717544,0.9209348093283332,0.856936911121985,Low,High,High,High,LHHH,3,0
106,0,0.817768899350948,0.08285779545963033,0.5481216254742447,-0.45871719922461035,High,High,High,Low,HHHL,3,1
107,1,-0.3464897783350858,-0.24542903180745393,0.44419828526438176,0.36771811321292913,Low,Low,High,High,LLHH,2,1
108,0,0.1469522395450103,0.7450864615826082,0.3257704766046492,0.48992506564675925,High,High,High,High,HHHH,4,0
110,1,-0.5396414848821476,-0.517880366338174,1.9109679693748112,0.05570725964364551,Low,Low,High,High,LLHH,2,1
111,0,0.05561801799152885,0.12723558253303935,-0.07725249230616194,-0.18919118161738027,High,High,Low,Low,HHLL,2,1
112,1,-0.4994015460181763,-0.4037769672060296,-0.24288292680501028,-0.3468618126355111,Low,Low,Low,Low,LLLL,0,1
113,1,-0.5154975215637649,-0.49373640301979127,-0.22495401900650874,-0.4246246789830544,Low,Low,Low,Low,LLLL,0,1
114,0,0.2739072555509214,-0.2738111075583146,0.8714578868462791,-0.021700777227058626,High,Low,High,Low,HLHL,2,1
115,0,0.1398725422865087,0.03146979549005976,-0.41470806288875006,-0.6615285696665293,High,High,Low,Low,HHLL,2,1
116,0,0.38198379934155624,-0.13569894781684327,0.2246618555187955,0.43404661396541233,High,Low,High,High,HLHH,3,0
117,0,-0.3879170988998139,-0.16982288695254352,-1.906676127813071,-0.8851490648093483,Low,Low,Low,Low,LLLL,0,1
118,0,-0.07086201676877753,-0.12446946025324898,0.07210536061614975,-0.7131880719928158,Low,Low,High,Low,LLHL,1,1
119,0,0.1586417260511198,0.4297326344242544,0.5797036178858502,1.1354048605197096,High,High,High,High,HHHH,4,0
120,0,0.13111847249445185,0.10578562185783864,0.5733063330995842,-0.053151110432551746,High,High,High,Low,HHHL,3,1
121,0,0.14395845359820647,0.10100597360365626,-0.029540713158512116,-0.66797688040297,High,High,Low,Low,HHLL,2,1
122,0,-0.07382285172073123,0.41265362400842914,0.2616146357570411,0.22988566435423458,Low,High,High,High,LHHH,3,1
123,1,-0.1959848903599181,-0.3060118208652225,0.5250223322098877,0.3617882302432806,Low,Low,High,High,LLHH,2,1
124,0,-0.5637854482005302,-0.5420243296565567,-0.38460934498982,-0.5701869975611678,Low,Low,Low,Low,LLLL,0,1
125,0,-0.5557374604277361,-0.5339763418837625,-0.4874336387400453,-0.6511880951560044,Low,Low,Low,Low,LLLL,0,1
126,0,-0.15721270711839752,-0.41698080640122015,0.11557658642361673,0.18873001029736078,Low,Low,High,High,LLHH,2,1
127,0,-0.5315934971093532,-0.5098323785653798,0.6324278729910511,0.4774103398355386,Low,Low,High,High,LLHH,2,1
128,0,0.09171313105701763,0.10999256779229855,0.2402469394747437,0.13435741481275681,High,High,High,High,HHHH,4,1
129,0,-0.25786155279755046,-0.19576690857296591,-0.3426956638130549,-0.5698650596645719,Low,Low,Low,Low,LLLL,0,1
130,0,-0.418921668290234,-0.39716054974626036,0.4518040439446989,0.8215783923103548,Low,Low,High,High,LLHH,2,1
131,1,-0.24679715217784393,0.3661265938865114,-1.20235090587523,-0.33585126531104803,Low,High,Low,Low,LHLL,1,1
132,1,-0.4350176438358224,-0.41325652529184886,1.1949032529605472,0.2657358338747323,Low,Low,High,High,LLHH,2,1
133,0,1.0218292845924222,0.0724896696387012,-0.2694549163339879,-0.298243048946157,High,High,Low,Low,HHLL,2,1
135,1,-0.37868172942626277,-0.1588230509903458,0.5539516614382485,-0.3262918534787006,Low,Low,High,Low,LLHL,1,1
136,0,1.8954218461124104,3.3419642483709255,1.2213764726065675,1.2965630781675475,High,High,High,High,HHHH,4,0
137,1,1.8848053570610495,2.9912814441753937,0.8765510744742947,0.6034626005189472,High,High,High,High,HHHH,4,0
138,0,-0.46720959492699937,-0.4454484763830258,0.19548199403697686,-0.018575858679745372,Low,Low,High,Low,LLHL,1,1
139,0,0.8009400303404993,0.4339415955260307,-0.1675964344940697,-0.46812988353210166,High,High,Low,Low,HHLL,2,1
140,0,0.024808075362292303,0.20803890292993232,1.097019359285419,0.42302213816502116,High,High,High,High,HHHH,4,0
141,0,0.20757193622040593,0.39649496729587164,-0.6077974590650644,-0.5662065482507856,High,High,Low,Low,HHLL,2,1
142,0,-0.451113619381411,-0.3160337439622457,-0.048022748193753156,-0.15372104523205002,Low,Low,Low,Low,LLLL,0,1
144,0,0.3274041674080695,0.8407867164824513,0.2480713415315177,0.6378552396938395,High,High,High,High,HHHH,4,0
145,0,0.41708769711815274,-0.14302708157409155,0.569957874459175,-0.03752556830539641,High,Low,High,Low,HLHL,2,1
146,1,1.1097165638680129,0.8162850073630259,-0.35470918318481504,-0.5165660745381532,High,High,Low,Low,HHLL,2,1
147,0,0.13708738052366257,0.07983366821481187,-0.3131489704143959,-0.7216715226755261,High,High,Low,Low,HHLL,2,1
148,0,-0.31429782724390887,-0.2108129649806588,0.5962285654027925,0.2485409621406519,Low,Low,High,High,LLHH,2,1
149,0,-0.1550330085025919,0.10955209948755978,1.4695027712053166,1.7684239058193618,Low,High,High,High,LHHH,3,0
150,0,-0.5476894726549417,-0.5259283541109682,-0.4188514477660081,-0.31069142874146755,Low,Low,Low,Low,LLLL,0,1
151,1,0.06277943442356666,0.06491826530153265,1.0008816944534797,0.2717102671192622,High,High,High,High,HHHH,4,0
152,0,0.6646088587727115,0.21121781698475364,0.7326111831071528,0.6581036845440205,High,High,High,High,HHHH,4,0
153,0,-0.27837534828734056,-0.25770820360093705,0.09843316505677174,0.15649015466507904,Low,Low,High,High,LLHH,2,1
154,1,-0.3706337416534685,-0.17952876090622621,0.3579294038577345,0.41999940073548825,Low,Low,High,High,LLHH,2,1
155,0,-0.1854052022463015,-0.12392067178130804,1.2123586436031042,0.6479403300124545,Low,Low,High,High,LLHH,2,0
156,0,-0.4994015460181763,-0.47764042747420277,0.3221947702964121,0.23313912583185326,Low,Low,High,High,LLHH,2,1
157,1,0.28103654733911326,-0.060499526071577096,0.9014176829125556,0.48538774507362326,High,Low,High,High,HLHH,3,0
158,1,0.609193260532909,0.4168571628482635,0.6756448026278178,0.7609900831901267,High,High,High,High,HHHH,4,0
160,0,-0.5315934971093532,-0.5098323785653798,-0.35108062112212657,0.23716779682241695,Low,Low,Low,High,LLLH,1,1
161,0,-0.2628178400856601,-0.3580267976099935,-1.500286193551013,-0.5507822390037586,Low,Low,Low,Low,LLLL,0,1
162,1,-0.3223458150167031,-0.2267212362045563,-0.048022748193753156,-0.15372104523205002,Low,Low,Low,Low,LLLL,0,1
163,0,0.3447012488299667,-0.005564798586436622,0.4466645531142601,0.19760307525666804,High,Low,High,High,HLHH,3,0
164,1,0.7939941012327978,0.08627626662994471,0.11500874730354832,-0.0019166067123708164,High,High,High,Low,HHHL,3,0
165,1,-0.16062280550351002,-0.20620547861332844,-0.5958235290353736,-0.436009756572199,Low,Low,Low,Low,LLLL,0,1
167,0,-0.5074495337909706,-0.1861898826519356,0.5040046041041896,-0.08930775923696298,Low,Low,High,Low,LLHL,1,1
168,0,-0.5154975215637649,-0.49373640301979127,-0.37639171451233133,-0.563265714477646,Low,Low,Low,Low,LLLL,0,1
169,0,-0.07888574946020073,0.059149090543987065,0.11083161139580727,0.16290921747662257,Low,High,High,High,LHHH,3,1
170,0,-0.22585299600699493,-0.25069305764342203,-0.012929225869112021,0.15563998499859433,Low,Low,Low,High,LLLH,1,1
171,0,0.445870859368372,0.09161689370998877,-0.5671608739566251,-0.5168374249470727,High,High,Low,Low,HHLL,2,1
172,0,0.5677981768721279,0.8667234677313351,0.5101896615985052,0.5501377905434331,High,High,High,High,HHHH,4,0
173,0,0.48245628111815697,0.6309948352664365,0.5546708365651363,0.6018156795013849,High,High,High,High,HHHH,4,0
174,1,0.03445965912748081,0.1498053784505251,0.512998501247369,0.1386113063603696,High,High,High,High,HHHH,4,1
176,1,3.8581029565406837,5.116373167859253,1.2261709616457022,1.6940730760999414,High,High,High,High,HHHH,4,0
177,1,-0.17104977211252848,-0.05799822105700711,1.0349058139342726,0.5642190483010565,Low,Low,High,High,LLHH,2,0
178,0,0.6754327577827506,0.4218246439735456,-0.1077267867707378,-0.11791770431339185,High,High,Low,Low,HHLL,2,1
179,0,0.7862924105642178,0.20115581420554052,0.6507358922702416,1.0310526989543813,High,High,High,High,HHHH,4,0
180,0,-0.017013645165646237,0.21250935709520669,0.35687628266785987,1.4354550851517722,Low,High,High,High,LHHH,3,0
181,0,-0.3706337416534685,-0.34887262310949496,0.030171418999632937,0.441130154765353,Low,Low,High,High,LLHH,2,1
182,0,-0.418921668290234,-0.3233218708527009,0.08356033691748815,0.07009207460855568,Low,Low,High,High,LLHH,2,1
183,1,0.10497051580849363,-0.28322007356119333,0.8267316867678478,0.7101449738504763,High,Low,High,High,HLHH,3,0
184,0,-0.5154975215637649,-0.49373640301979127,-1.2228202748187806,-0.9486795543030078,Low,Low,Low,Low,LLLL,0,1
185,0,0.6328540307568833,-0.22749434610742134,0.7624859871498951,0.09175423063340765,High,Low,High,High,HLHH,3,0
186,0,0.20089866467048711,0.40201052192091,-0.6506687079142277,0.12815763073203576,High,High,Low,High,HHLH,3,1
187,1,-0.28840900657588825,-0.3685547381919911,-0.375966853741167,-0.13957554218510337,Low,Low,Low,Low,LLLL,0,1
188,0,-0.18565898165643502,-0.16360851606069288,0.27790410368121055,0.5782152299720705,Low,Low,High,High,LLHH,2,1
189,1,-0.4350176438358224,-0.41325652529184886,-0.1139518660687786,-0.4599938707003157,Low,Low,Low,Low,LLLL,0,1
190,0,1.0152428882831637,0.8360724900311403,0.7065276577288828,1.1740970302785443,High,High,High,High,HHHH,4,0
191,0,-0.4913535582453821,-0.27818272311412695,0.3599995482891121,0.6390264711232629,Low,Low,High,High,LLHH,2,1
192,0,0.09932162408009834,-0.13809227762395204,0.24214129277881,0.3644619215907413,High,Low,High,High,HLHH,3,1
193,0,0.6150907571784945,0.02741815762182974,0.5169649845241492,-0.11378628434240573,High,High,High,Low,HHHL,3,0
194,0,0.18876342307417962,0.22324816823092922,0.1509811552187728,0.4111176912719071,High,High,High,High,HHHH,4,0
195,1,-0.0423472423988687,-0.3042841962074871,1.16627091356346,0.04334933066511522,Low,Low,High,High,LLHH,2,1
196,1,-0.4350176438358224,-0.41325652529184886,0.44772584693553436,0.12972280561793695,Low,Low,High,High,LLHH,2,1
197,1,-0.12523498992862414,-0.0072089362240923514,0.7028480940688294,0.6536122082097137,Low,Low,High,High,LLHH,2,0
198,0,-0.4913535582453821,-0.46959243970140857,0.45225481024643155,0.031547228754346374,Low,Low,High,High,LLHH,2,1
199,0,-0.2569920624645385,-0.46959243970140857,0.24403872756332062,-0.6260879911621035,Low,Low,High,Low,LLHL,1,1
200,0,0.05420476321772157,0.08419986201644108,0.12358016736239015,0.03393194129455046,High,High,High,High,HHHH,4,1
201,0,-0.3947777049718513,-0.08224592993145029,0.8859713071579122,0.08197066342227446,Low,Low,High,High,LLHH,2,1
203,0,-0.18122362746751738,-0.316604360313064,0.3194950370277394,-0.5492954827456976,Low,Low,High,Low,LLHL,1,1
204,0,-0.36056269983321954,-0.23557571998418522,-0.10369651276121912,-0.20755328198167428,Low,Low,Low,Low,LLLL,0,1
205,0,-0.31911252987941624,-0.4213045130646431,0.8256738423744419,0.3195531810909597,Low,Low,High,High,LLHH,2,1
206,0,-0.21603731417851446,-0.49373640301979127,0.04639326432198286,0.04436753980703892,Low,Low,High,High,LLHH,2,1
207,0,0.5933991217038134,0.5115551229319233,1.4377474771362195,0.8753484532841833,High,High,High,High,HHHH,4,0
208,0,1.273091178286935,1.2689368172404674,1.1965781665451305,0.6831494157853696,High,High,High,High,HHHH,4,0
209,0,-0.4913535582453821,-0.46959243970140857,0.20308600658743417,0.46730616840173106,Low,Low,High,High,LLHH,2,1
210,0,0.42457692384345425,-0.17526369242108417,0.01015928934024779,-0.2953406306882301,High,Low,High,Low,HLHL,2,1
211,1,-0.09301906182857604,-0.1865593274943719,-0.38264701393925515,-0.48038273048043634,Low,Low,Low,Low,LLLL,0,1
212,0,-0.10501328541807496,-0.19788120769560702,-0.8974807579953556,-0.9392702354617184,Low,Low,Low,Low,LLLL,0,1
213,0,-0.3159371931055956,-0.3048744028290991,-1.0053410033517234,-0.8530989376802374,Low,Low,Low,Low,LLLL,0,1
214,0,-0.26795354580657954,-0.35415785388862386,0.07329677010569124,-0.33019055174219153,Low,Low,High,Low,LLHL,1,1
215,0,-0.1866195297537203,-0.4037769672060296,0.7720513981607725,0.836908262004478,Low,Low,High,High,LLHH,2,0
216,0,-0.5074495337909706,-0.4856884152469971,0.45309409382714083,0.3089385093259968,Low,Low,High,High,LLHH,2,1
217,1,0.49522596906106453,0.43711894791957,0.1697476887018126,0.06846862289836766,High,High,High,High,HHHH,4,0
218,1,1.2324239368215604,0.9360014749516959,-0.31764244554620286,-0.23227042604600173,High,High,Low,Low,HHLL,2,0
219,0,-0.0809061818328759,0.014718396979270909,-1.0003442515919978,-0.9875958526058024,Low,High,Low,Low,LHLL,1,1
220,0,0.49617055977326274,-0.01758115942336734,-0.5553910364400099,0.4480277578907981,High,Low,Low,High,HLLH,2,1
221,0,1.9793379322591949,3.513036236403446,0.4501071881082045,0.7794775377696206,High,High,High,High,HHHH,4,0
222,0,-0.256243873766203,-0.26642347151608686,0.6528293530699218,0.3858621921649724,Low,Low,High,High,LLHH,2,1
223,0,-0.5235455093365591,-0.5017843907925855,0.0874969068907433,0.35084617800077844,Low,Low,High,High,LLHH,2,1
224,0,-0.43260009816090883,-0.25908223269716335,-0.3086924415737926,0.3252081387103157,Low,Low,Low,High,LLLH,1,1
225,1,1.1603046034899578,0.9583484241722515,0.498790781636478,-0.026173820350822663,High,High,High,Low,HHHL,3,0
226,0,-0.33844179056229157,-0.31668067201831795,-1.1277152586482628,-0.8898208095688059,Low,Low,Low,Low,LLLL,0,1
227,0,0.29381781998026946,0.006032946525437732,-0.03202109208645127,-0.257841328304374,High,High,Low,Low,HHLL,2,1
228,0,-0.33142958275455775,-0.4293525008374373,0.4595931868236599,0.031235552309679948,Low,Low,High,High,LLHH,2,1
229,0,-0.22342756339514086,-0.34648678562391577,0.022618938278517263,0.22870054035569404,Low,Low,High,High,LLHH,2,1
230,0,-0.5235455093365591,-0.5017843907925855,-0.04780320506042456,-0.19107095891995052,Low,Low,Low,Low,LLLL,0,1
231,0,-0.4994015460181763,-0.47764042747420277,-0.019930572746445413,0.6384574237829925,Low,Low,Low,High,LLLH,1,1
232,0,-0.5557374604277361,-0.4366927130331605,0.19647034501261165,0.16945821242971446,Low,Low,High,High,LLHH,2,1
233,0,-0.3551438148631423,-0.4293525008374373,-0.08098928899114921,-0.5367856487414262,Low,Low,Low,Low,LLLL,0,1
234,0,-0.3482711637930882,-0.4534964641558201,-0.7004438439336068,-0.5513104016967183,Low,Low,Low,Low,LLLL,0,1
235,1,0.45174267350393804,0.4608854303619506,1.2719910060933994,1.191483406568995,High,High,High,High,HHHH,4,0
236,0,-0.08741405024389899,-0.023741128762394585,-0.6900644644190943,0.10767887262751738,Low,Low,Low,High,LLLH,1,1
237,0,0.30239507673018484,0.6080577009963412,1.006032965513261,0.8131484148264956,High,High,High,High,HHHH,4,0
238,0,-0.4350176438358224,-0.3238827426415775,1.1151020349019032,0.07862958438545758,Low,Low,High,High,LLHH,2,1
239,1,-0.19821720592382167,-0.40520853751905467,1.1269804368607148,1.1812811457525436,Low,Low,High,High,LLHH,2,0
240,0,-0.18873834318110236,-0.3474658341710836,-0.17804295044483484,0.37938616832336575,Low,Low,Low,High,LLLH,1,1
241,0,-0.4752575826997936,-0.4534964641558201,-1.4127843676760068,-1.0523890943707683,Low,Low,Low,Low,LLLL,0,1
242,0,0.0564975352508083,0.2728570330984288,0.4593263858505776,1.0317464484573269,High,High,High,High,HHHH,4,0
243,0,0.34891566549076214,0.022263128339201396,0.8932434354834548,0.7987686915144854,High,High,High,High,HHHH,4,0
244,0,-0.0700649799960099,0.05454504030810668,0.7380601117066736,0.6008122940637355,Low,High,High,High,LHHH,3,0
246,0,-0.3687669331540504,-0.34332291958671235,0.1411431122421474,0.257712197930437,Low,Low,High,High,LLHH,2,1
247,1,-0.5396414848821476,-0.517880366338174,0.3010795617408195,-0.08887794070931052,Low,Low,High,Low,LLHL,1,1
248,0,-0.37706133507470074,-0.36393419053008447,-0.408016925376952,-0.6219389776839833,Low,Low,Low,Low,LLLL,0,1
249,0,-0.1603702357889534,-0.27214180786553743,0.2374681516307804,0.4273108492201289,Low,Low,High,High,LLHH,2,1
250,0,0.1338197970920885,0.26488811408157314,1.0684490754153793,0.6724149635753086,High,High,High,High,HHHH,4,0
251,0,-0.5235455093365591,-0.5017843907925855,-0.3831209298365938,-0.5706421391619456,Low,Low,Low,Low,LLLL,0,1
252,0,-0.09921176283422733,-0.36870270696728585,0.14428430777804954,-0.4481606578243753,Low,Low,High,Low,LLHL,1,1
253,0,-0.30079596676498027,-0.27275771488730577,-0.2976804343652638,-0.5451694284021111,Low,Low,Low,Low,LLLL,0,1
254,0,0.6428647816535942,0.5155991403243498,1.2001796117596395,1.2525325357014463,High,High,High,High,HHHH,4,0
256,0,-0.21734148354547259,0.03487186777806279,-0.7377157439606995,-0.5658577403614797,Low,High,Low,Low,LHLL,1,1
258,0,-0.14261465719241617,-0.2229195042432289,-1.0084216577977223,-0.5949150451705645,Low,Low,Low,Low,LLLL,0,1
259,0,-0.22230636416198962,-0.23246846583042113,-0.5482863076844685,0.005040210467928963,Low,Low,Low,High,LLLH,1,1
260,1,-0.17481970924226153,0.1132591907877383,0.7942671549443847,0.49542983553922215,Low,High,High,High,LHHH,3,0
261,0,-0.3593234392258193,-0.4534964641558201,-0.15619696969179597,-0.1303355292602193,Low,Low,Low,Low,LLLL,0,1
262,1,0.3023810514218147,0.6512125526470519,0.06173791302607093,1.1673014338707368,High,High,High,High,HHHH,4,0
263,1,2.0072312993042605,1.5653392611941253,0.07452897766820815,1.438600748937644,High,High,High,High,HHHH,4,0
264,0,-0.5476894726549417,-0.5259283541109682,0.5424696144851525,-0.10425523198504028,Low,Low,High,Low,LLHL,1,1
265,1,-0.05550507310733377,-0.14382512850600157,0.12695359421296226,0.5831667386550821,Low,Low,High,High,LLHH,2,1
266,0,1.0446174321981485,0.7485086897121763,-0.3324734836407368,0.10038122811245387,High,High,Low,High,HHLH,3,0
267,0,0.4748781884686515,0.7282535250284308,1.0648754967535412,0.5429917074610766,High,High,High,High,HHHH,4,0
268,0,1.5467413235956826,2.0734846200219463,0.5461137482330748,0.7824000398991301,High,High,High,High,HHHH,4,0
269,0,0.6832044575045949,0.3744964322870657,-0.09769428618326584,-0.13498055265904169,High,High,Low,Low,HHLL,2,1
271,0,-0.1058944043706701,-0.22946788610549726,-0.3892347781003348,-0.3313734448433397,Low,Low,Low,Low,LLLL,0,1
272,0,0.5634073911460382,0.6972755280504686,0.4200331156062892,0.3362839159757808,High,High,High,High,HHHH,4,0
273,0,0.17564851648227722,0.09207640181025327,-0.06569198879211026,-0.06584958009382531,High,High,Low,Low,HHLL,2,1
274,1,0.6987830423694079,1.558390311003665,0.8339680569643663,0.5372059741497697,High,High,High,High,HHHH,4,0
275,1,-0.4430656316086167,-0.31613581938832414,0.5400424574546365,-0.20562003401257106,Low,Low,High,Low,LLHL,1,1
276,0,-0.28680681224283916,-0.19533289645683852,0.16231503996079208,-0.055025158064473445,Low,Low,High,Low,LLHL,1,1
277,1,-0.4430656316086167,-0.4213045130646431,-0.4113434498790614,-0.7351048781255607,Low,Low,Low,Low,LLLL,0,1
278,0,0.8332748784190421,1.2986200488105923,0.5306250461702537,0.3831208937900276,High,High,High,High,HHHH,4,0
279,0,2.9938470333271407,3.7556277848919026,0.794803184202447,0.6832192928568439,High,High,High,High,HHHH,4,0
280,0,0.11877621398844834,1.134372171493054,0.5371987333305808,0.7698271067694652,High,High,High,High,HHHH,4,0
281,1,-0.4913535582453821,-0.46959243970140857,0.07522493635201707,-0.05250989128912357,Low,Low,High,Low,LLHL,1,1
282,0,-0.18937002220886173,-0.1442401541589814,0.7254457464883165,-0.0448458208058205,Low,Low,High,Low,LLHL,1,1
283,0,0.21938549205561747,-0.0167106975154421,0.7660491380837858,1.174296106361138,High,Low,High,High,HLHH,3,0
284,1,-0.3554189301498064,-0.4454484763830258,-0.4292603730929191,-0.5084331609500595,Low,Low,Low,Low,LLLL,0,1
285,0,-0.451113619381411,-0.19372371005900793,0.46508486852184777,0.046477360203706256,Low,Low,High,High,LLHH,2,1
286,0,-0.46720959492699937,-0.34205472893747335,0.31394244861296183,0.7757074343388911,Low,Low,High,High,LLHH,2,1
287,0,-0.4752575826997936,-0.4534964641558201,1.208572505508522,1.2980497291952762,Low,Low,High,High,LLHH,2,0
288,0,1.2399806990648445,1.6880173962426446,-0.03537291464867903,-0.11795087127380902,High,High,Low,Low,HHLL,2,0
289,0,3.406166741900484,1.9730199524670529,0.49784160097304614,1.3072299428061926,High,High,High,High,HHHH,4,0
290,0,-0.3007893833668544,-0.18440107783266851,-0.3558583280558315,-0.3470884037948132,Low,Low,Low,Low,LLLL,0,1
291,1,-0.2460458110475271,0.3958049358611189,0.1555428936353045,-0.16291607053146068,Low,High,High,Low,LHHL,2,1
292,0,-0.2928089656296147,-0.2985609519566796,0.552957905018598,-0.132681690947166,Low,Low,High,Low,LLHL,1,1
293,1,-0.4752575826997936,-0.4534964641558201,-0.27519774854738266,-0.08519242292606213,Low,Low,Low,Low,LLLL,0,1
294,0,0.39827525588352697,0.18369117690508813,-0.14733890363828378,0.7718417793869713,High,High,Low,High,HHLH,3,0
295,0,-0.32244412169354386,-0.18872563825738578,0.1690794568052651,0.3729004421626838,Low,Low,High,High,LLHH,2,1
296,1,0.18897849196442065,0.9030784568307436,-0.6001637742494834,-0.49867349791986915,High,High,Low,Low,HHLL,2,1
297,0,0.3714750639069032,-0.011433285676013892,0.4418272696364913,0.708708199182378,High,Low,High,High,HLHH,3,0
298,1,-0.5476894726549417,-0.5259283541109682,-0.18785685670030539,-0.27633673518463175,Low,Low,Low,Low,LLLL,0,1
299,0,1.3752672703132318,1.742002664109376,-0.04825127312740024,-0.2922013867508374,High,High,Low,Low,HHLL,2,0
300,1,1.680368203295312,1.7834585277722708,-0.1379258829829103,0.2158972350775362,High,High,Low,High,HHLH,3,0
301,0,1.7848526032841008,1.8929794056008262,0.34182876611440993,0.7974971541203851,High,High,High,High,HHHH,4,0
302,0,-0.5315934971093532,-0.5098323785653798,-0.027134141165579925,0.00819018325341414,Low,Low,Low,High,LLLH,1,1
303,0,-0.5396414848821476,-0.517880366338174,-0.49838886055869325,-0.6857657529142591,Low,Low,Low,Low,LLLL,0,1
304,0,1.3055677367166507,0.18863620389022098,-0.08916777907791854,0.0212719576090388,High,High,Low,High,HHLH,3,0
306,0,-0.14259730670394213,-0.08123452171267503,0.7972885044500699,0.355597690060537,Low,Low,High,High,LLHH,2,0
307,0,-0.5074495337909706,-0.4856884152469971,-0.4105983242621866,-0.6025462387940416,Low,Low,Low,Low,LLLL,0,1
308,1,0.45284058789681025,0.17129470598427454,1.0337667223113551,0.8460831212288724,High,High,High,High,HHHH,4,0
309,0,-0.5074495337909706,-0.4856884152469971,1.1502678838057876,0.17190769058084227,Low,Low,High,High,LLHH,2,1
310,0,0.3797084993855443,-0.1742272305732557,-0.3384119148027672,-0.08646813787962374,High,Low,Low,Low,HLLL,1,1
311,1,-0.03328312687564626,-0.08133792411033675,0.4383269744330244,1.4114678943567265,Low,Low,High,High,LLHH,2,0
313,0,-0.4913535582453821,-0.46959243970140857,-0.5866966350123568,-0.1300011229148615,Low,Low,Low,Low,LLLL,0,1
314,0,0.1476825936437054,0.5996744736590709,0.24684786598068958,0.7314908543081415,High,High,High,High,HHHH,4,0
315,0,-0.20314199134345684,-0.2925367086999352,0.034415267529523424,-0.1032917439453725,Low,Low,High,Low,LLHL,1,1
316,0,-0.5074495337909706,-0.4856884152469971,-1.4258308500138308,-1.0835205952347908,Low,Low,Low,Low,LLLL,0,1
317,0,-0.28746108661423847,-0.1328410097826453,-0.17429269199128644,-0.741558645517373,Low,Low,Low,Low,LLLL,0,1
318,0,-0.5235455093365591,-0.5017843907925855,0.27762172193468565,0.018550682747016503,Low,Low,High,High,LLHH,2,1
319,0,-0.5637854482005302,-0.5420243296565567,-0.060166598044171626,-0.31530602921843187,Low,Low,Low,Low,LLLL,0,1
320,1,-0.4752575826997936,-0.4534964641558201,-0.24858315231166692,-0.8876546289334488,Low,Low,Low,Low,LLLL,0,1
321,1,0.062465790717266004,-0.10698912151209908,0.6709806188787736,0.5987566949445785,High,Low,High,High,HLHH,3,0
323,0,-0.36258575388067427,-0.1077028848699854,-0.6509303903043238,0.7000337404515273,Low,Low,Low,High,LLLH,1,1
324,0,1.013308153084895,1.5510455547993474,0.22834340372792303,0.8332650941209849,High,High,High,High,HHHH,4,0
325,0,-0.06388699668437048,-0.18788973569004408,1.2553433988421339,1.0145333257060165,Low,Low,High,High,LLHH,2,0
326,1,-0.2229083188442691,-0.22801640926465508,-0.9050655966666127,-0.5557726993607532,Low,Low,Low,Low,LLLL,0,1
327,0,-0.4913535582453821,-0.24134029227803597,-0.22492624519177717,-0.5028203132734261,Low,Low,Low,Low,LLLL,0,1
328,0,-0.42010904999099086,-0.4856884152469971,0.17641321393611065,0.0844705013539156,Low,Low,High,High,LLHH,2,1
329,0,-0.5315934971093532,-0.5098323785653798,0.3619095341096227,-0.054815003756020275,Low,Low,High,Low,LLHL,1,1
330,1,0.1563145491902596,-0.1008368059745155,0.6484600621131217,0.29367591460659404,High,Low,High,High,HLHH,3,0
332,0,-0.40434168566331286,-0.3381491990323416,-0.6572177115008984,-0.9568818889012285,Low,Low,Low,Low,LLLL,0,1
333,0,-0.15595866176992257,-0.14083663844006022,-0.048022748193753156,-0.15372104523205002,Low,Low,Low,Low,LLLL,0,1
334,0,-0.010659456554738244,-0.32430547285799044,0.06007084680673991,-0.3149003367346222,Low,Low,High,Low,LLHL,1,1
335,1,1.0384361388603027,1.198222134636804,-0.46631073137570084,-0.25536144686347595,High,High,Low,Low,HHLL,2,0
336,0,-0.3947777049718513,-0.22223460659405603,0.582804207455102,0.5296175992942936,Low,Low,High,High,LLHH,2,1
337,0,-0.10736088016834162,0.04370006465541162,-0.806841558815242,-1.032053355269575,Low,High,Low,Low,LHLL,1,1
338,1,-0.46720959492699937,-0.4454484763830258,0.2560238357973023,-0.3428936330924013,Low,Low,High,Low,LLHL,1,1
339,0,0.31229483233932903,0.053762560370085054,0.6998686414472093,0.14919428778145752,High,High,High,High,HHHH,4,0
340,0,0.02822487975777021,-0.13396476343937452,-0.5974917639004415,-0.20024761381562525,High,Low,Low,Low,HLLL,1,1
341,0,-0.005842441864767616,-0.09883464168114853,-0.44763389927182184,-0.38320362254090223,Low,Low,Low,Low,LLLL,0,1
342,1,1.1739709138046377,0.8020883701785032,0.677420485685424,0.45667728234619853,High,High,High,High,HHHH,4,0
343,0,-0.2540931912367083,-0.47764042747420277,-0.1787687655781626,0.32962794950928376,Low,Low,Low,High,LLLH,1,1
344,0,0.3738919244352158,0.32180482679302763,1.008204960493865,0.8481207242880797,High,High,High,High,HHHH,4,0
345,0,-0.23429311007130219,-0.4293525008374373,-0.1613174230636467,-0.24201738393703615,Low,Low,Low,Low,LLLL,0,1
346,0,-0.4269696560630282,-0.2600659442306799,-0.9882659007035853,-0.40461826903530573,Low,Low,Low,Low,LLLL,0,1
347,0,-0.4994015460181763,-0.47764042747420277,0.2417890726702529,-0.4368509179512375,Low,Low,High,Low,LLHL,1,1
348,0,-0.20006854167224142,-0.033749221334137776,-0.4260286506185246,0.4072682038177717,Low,Low,Low,High,LLLH,1,1
349,0,-0.5235455093365591,-0.5017843907925855,0.1866810734742187,-0.0834335089460248,Low,Low,High,Low,LLHL,1,1
350,0,-0.23085005691801463,-0.14605092356105637,0.024777858557438553,-0.5982078585564866,Low,Low,High,Low,LLHL,1,1
351,0,0.09359419233895944,1.0370443767695543,0.15007794352744322,0.3113868065781791,High,High,High,High,HHHH,4,0
352,0,-0.16259582777857765,-0.3217819505166564,-0.399829099536259,0.5087257909207368,Low,Low,Low,High,LLLH,1,1
353,0,-0.46720959492699937,-0.4454484763830258,0.8936841402611012,-0.051633349989089986,Low,Low,High,Low,LLHL,1,1
354,1,0.33910446385436877,0.2852458053236945,0.6694327253474326,0.07965573918191401,High,High,High,High,HHHH,4,0
355,1,-0.35329555713570654,-0.25891063649113366,-0.7661311079054196,-0.6546457984351317,Low,Low,Low,Low,LLLL,0,1
356,0,0.7918870328032541,-0.17916075785784014,1.0266342812698575,-0.009759085660874633,High,Low,High,Low,HLHL,2,0
357,1,0.9623207909880406,0.39189269401975557,0.1254627472904828,-0.11143150714051105,High,High,High,Low,HHHL,3,0
358,1,0.9825192914505375,1.170247416229149,0.4431728769600865,0.7920802799191045,High,High,High,High,HHHH,4,0
359,0,0.5362674818689835,0.14817355908130989,0.4712912226888382,0.6426040243957827,High,High,High,High,HHHH,4,0
360,0,-0.23148898777056445,0.23574821023317996,-0.5042998580081163,0.1687979579803523,Low,High,Low,High,LHLH,2,1
361,0,-0.45976765590946733,-0.4522278167898724,-0.15415692937692604,0.033131415888521795,Low,Low,Low,High,LLLH,1,1
362,0,-0.3127420001162633,-0.5017843907925855,-0.3009104167097514,-0.15411838230762548,Low,Low,Low,Low,LLLL,0,1
363,0,0.007284301290465829,-0.3331658341899748,0.7640181765007021,0.19318096566473206,High,Low,High,High,HLHH,3,1
364,0,-0.10840142829809744,0.8849837941870471,0.00045816070296351985,0.9288390978146499,Low,High,High,High,LHHH,3,0
365,1,-0.4591616071542052,-0.3604819690445832,-0.2888719433396062,-0.5604408068006148,Low,Low,Low,Low,LLLL,0,1
366,0,-0.46478232650475665,-0.5420243296565567,0.3543636173983218,0.7171585627961297,Low,Low,High,High,LLHH,2,1
367,0,-0.28804579949297004,-0.2185873730935559,-0.446023655323925,-0.7481898077482143,Low,Low,Low,Low,LLLL,0,1
368,1,0.06511718350662458,0.02657758975551293,0.1320112049934774,0.24904961798470532,High,High,High,High,HHHH,4,1
369,0,-0.5396414848821476,-0.517880366338174,-0.3798274541396203,0.0056440915121081375,Low,Low,Low,High,LLLH,1,1
370,0,-0.30116829660639205,-0.31852120015719454,-0.7089004515353448,0.025236787327360816,Low,Low,Low,High,LLLH,1,1
371,1,1.1410601929781503,0.8997012118241252,0.42726152554743885,0.7417523683977462,High,High,High,High,HHHH,4,0
372,0,0.6141960030585006,0.185166753975463,0.8863846855836097,0.433077792636798,High,High,High,High,HHHH,4,0
373,0,0.27627320779032044,0.3848877859159784,0.4530465425943482,1.1064269314170256,High,High,High,High,HHHH,4,0
374,0,0.7902315110458953,0.24600351069476695,-0.10960848254263589,0.6297192750304594,High,High,Low,High,HHLH,3,0
375,0,-0.4913535582453821,-0.46959243970140857,0.06386366708106136,-0.027402380930375204,Low,Low,High,Low,LLHL,1,1
376,0,0.20475629815723462,-0.25107393317834326,-0.1532610835467853,-0.032484842293356964,High,Low,Low,Low,HLLL,1,1
378,0,0.22280736189155106,0.7971632068620712,0.966243799714244,1.7560517744924815,High,High,High,High,HHHH,4,0
379,0,0.2141670849282289,0.0383303649676506,-0.35013227498703825,-0.7430566087727831,High,High,Low,Low,HHLL,2,1
380,0,-0.43311143774492056,-0.23725341393550448,0.6378266881802312,-0.19489942199738236,Low,Low,High,Low,LLHL,1,1
381,0,-0.010619937337599472,-0.05499136361798383,-0.7405937031592253,-0.4769835862405493,Low,Low,Low,Low,LLLL,0,1
382,0,0.8631640080538678,0.3665299124622989,-0.6866213754513018,-0.24640182983563286,High,High,Low,Low,HHLL,2,1
383,1,0.127267572978774,-0.020852364219297804,1.058707158293787,0.9378592274879571,High,Low,High,High,HLHH,3,0
384,0,-0.5315934971093532,-0.5098323785653798,0.7799296673705672,0.6761219417961832,Low,Low,High,High,LLHH,2,1
385,0,-0.3303938027894973,-0.3086326842455238,-1.2165509732120963,-0.8159975439468228,Low,Low,Low,Low,LLLL,0,1
386,0,0.025098980209061032,-0.07604186355074567,0.9643830905863559,1.1613754336061282,High,Low,High,High,HLHH,3,0
387,0,-0.4752575826997936,-0.4534964641558201,-1.3445351609468457,-0.883573816681314,Low,Low,Low,Low,LLLL,0,1
388,0,0.8163542267670599,-0.10631349311623585,0.9038511035920619,0.05691594321647714,High,Low,High,High,HLHH,3,0
389,0,-0.5396414848821476,-0.4345919209082394,-0.27093423397263605,-0.30861749583178766,Low,Low,Low,Low,LLLL,0,1
390,0,0.6326952596994919,0.2626832815207886,0.07883698290718355,-0.3854515993992196,High,High,High,Low,HHHL,3,1
391,0,0.020299364524077212,0.4077725734365782,-0.429662330920819,-0.28830543042520757,High,High,Low,Low,HHLL,2,1
392,0,-0.4108736805174397,-0.15655883037183554,-0.8915614664069818,-0.7866809695979862,Low,Low,Low,Low,LLLL,0,1
393,0,-0.35453776610788007,-0.18196988635547118,-1.8209832234183818,-1.24385462755464,Low,Low,Low,Low,LLLL,0,1
394,1,0.3925839553393848,-0.1668689785159333,0.8308985769504812,-0.10210876206960999,High,Low,High,Low,HLHL,2,1
395,1,-0.10898077302924497,-0.012976122956504434,0.062376795303177635,0.3762504393583015,Low,Low,High,High,LLHH,2,1
396,0,-0.19454246387115012,-0.3313698586254951,-0.12403624768209576,-0.4171001450710612,Low,Low,Low,Low,LLLL,0,1
397,0,0.14178035638250952,0.11106261613135757,0.12367577260056353,0.9193487357092628,High,High,High,High,HHHH,4,0
398,0,-0.35453776610788007,-0.33277664756390646,-1.597458304997353,-1.010189122869749,Low,Low,Low,Low,LLLL,0,1
399,0,-0.03389839390801915,-0.3498016521907267,0.6044331442769209,0.5197780084959636,Low,Low,High,High,LLHH,2,1
400,0,-0.4913535582453821,-0.46959243970140857,-0.256810876770979,-0.6467469823901757,Low,Low,Low,Low,LLLL,0,1
401,0,0.9505257540314176,3.1104758375460992,0.46023629225476326,0.9576557923657345,High,High,High,High,HHHH,4,0
402,0,0.03484330805844549,-0.17482479291096575,0.26983134038424994,0.010530108051441806,High,Low,High,High,HLHH,3,1
403,0,0.3076536115673945,0.18884085445753576,1.0557579863426612,1.141904603980066,High,High,High,High,HHHH,4,0
404,1,-0.48330557047258793,-0.46154445192861426,-0.23483312686689065,0.1321951874817744,Low,Low,Low,High,LLLH,1,1
405,1,2.3458392483648205,1.2965685216865541,0.487293053046751,0.7694652334793297,High,High,High,High,HHHH,4,0
406,0,0.06893951757297712,-0.0689952822092076,-0.374216615529271,-0.5568856483149238,High,Low,Low,Low,HLLL,1,1
407,0,-0.4752575826997936,-0.4534964641558201,0.44673086601415357,-0.7612213458426078,Low,Low,High,Low,LLHL,1,1
408,0,-0.4034414642472368,-0.47764042747420277,0.18221835199126665,-0.2746172083259474,Low,Low,High,Low,LLHL,1,1
409,0,-0.18658104341926013,-0.2321326861386791,0.18608907085474474,0.24610123700841932,Low,Low,High,High,LLHH,2,1
410,0,-0.48330557047258793,-0.46154445192861426,-0.7810847522093327,-0.9862084446749702,Low,Low,Low,Low,LLLL,0,1
411,0,-0.40282569274464547,-0.3810645742006719,-0.35635094885243324,-0.20411285546003705,Low,Low,Low,Low,LLLL,0,1
412,0,-0.4752575826997936,-0.24629183654249084,0.9524941175824133,0.483747745879008,Low,Low,High,High,LLHH,2,1
413,0,0.20475216680120478,0.1027491125344937,0.43065891440392806,0.25495004379473196,High,High,High,High,HHHH,4,0
414,1,-0.0716520087260542,-0.11771385266514575,-0.3207202168495981,-0.6006956842855398,Low,Low,Low,Low,LLLL,0,1
415,1,0.43937377707405173,0.18772761230354085,0.6405219036058212,0.38438128268203436,High,High,High,High,HHHH,4,0
416,1,-0.26071639382781236,-0.03967547725723139,1.0644804759988817,0.4681928703244649,Low,Low,High,High,LLHH,2,0
417,0,-0.5476894726549417,-0.5259283541109682,-0.049298964012422064,0.278855089630165,Low,Low,Low,High,LLLH,1,1
418,0,-0.3201987451498354,-0.3440822330911226,-0.22940818388738318,-0.09148652854000452,Low,Low,Low,Low,LLLL,0,1
419,0,0.7124048336467754,0.21089868108664117,0.855593112531772,0.5749691740910721,High,High,High,High,HHHH,4,0
420,0,2.2293127978486225,0.48080466136149386,-1.1332590114491685,-1.136924808752042,High,High,Low,Low,HHLL,2,1
421,0,0.1823193343190273,-0.1502464761890341,0.18899486587947156,0.44249087533024745,High,Low,High,High,HLHH,3,1
422,0,-0.14219787525459698,0.23609483351673916,0.6505089685017763,0.6722595879200195,Low,High,High,High,LHHH,3,0
423,0,-0.2705592107033158,0.1330113916911646,0.3088186534664601,0.32258496499861344,Low,High,High,High,LHHH,3,1
424,0,1.633694575366792,1.3337509306891882,0.016677203455148032,0.9750464366876692,High,High,High,High,HHHH,4,0
425,0,-0.5476894726549417,-0.5259283541109682,0.38018430149719573,-0.08175795654090588,Low,Low,High,Low,LLHL,1,1
426,0,-0.4994015460181763,-0.47764042747420277,-0.3037973240677524,-0.3791949245871032,Low,Low,Low,Low,LLLL,0,1
427,0,-0.10273254509142311,-0.18063930756563767,0.7434853877965937,0.40799250359054345,Low,Low,High,High,LLHH,2,0
428,0,-0.24357049625049798,-0.517880366338174,-0.08997223866832915,0.11106142060039692,Low,Low,Low,High,LLLH,1,1
429,0,-0.4994015460181763,-0.47764042747420277,-0.40593075413179003,-0.39726416602169434,Low,Low,Low,Low,LLLL,0,1
430,0,-0.29760358283255584,-0.3863745863544145,0.01150792898792058,0.3394014261324583,Low,Low,High,High,LLHH,2,1
431,0,-0.40282569274464547,-0.3810645742006719,-0.2917140896948451,-0.20767193578937965,Low,Low,Low,Low,LLLL,0,1
432,0,-0.31687550666962616,-0.39716054974626036,-0.007237083399888045,0.005060330048490644,Low,Low,Low,High,LLLH,1,1
433,0,-0.5476894726549417,-0.5259283541109682,0.1430734797222325,-0.12256918335840618,Low,Low,High,Low,LLHL,1,1
434,0,-0.5557374604277361,-0.5339763418837625,0.006164533384950571,0.2816423754432391,Low,Low,High,High,LLHH,2,1
435,0,-0.15793663651917442,-0.3821730021045724,-0.2757028483818281,-0.36337474282181054,Low,Low,Low,Low,LLLL,0,1
436,0,0.309990246637341,1.0863613209713563,0.1635217700731496,-0.15550098057598896,High,High,High,Low,HHHL,3,0
437,0,-0.14613262883863837,-0.24019634836984358,0.8794685737603475,0.5564528219289839,Low,Low,High,High,LLHH,2,0
438,0,-0.13924048950230383,-0.28011044133966023,0.41448052841393346,0.5760353489611102,Low,Low,High,High,LLHH,2,1
439,1,-0.451113619381411,-0.4293525008374373,0.19130278075758403,-0.605911412354743,Low,Low,High,Low,LLHL,1,1
440,0,-0.2877265955032834,-0.17322831139757844,-0.39107810734120674,-0.369226391725759,Low,Low,Low,Low,LLLL,0,1
441,0,0.12363565100940407,0.3366959734429662,1.2051709925972904,1.0128183979191716,High,High,High,High,HHHH,4,0
442,0,-0.21179903827070704,-0.39115878117432934,-0.8779776340513776,-1.3695391371244532,Low,Low,Low,Low,LLLL,0,1
443,1,-0.48330557047258793,-0.46154445192861426,0.33056853433298267,0.14819061796792946,Low,Low,High,High,LLHH,2,1
444,0,0.5499775007134708,0.8516330911935962,-0.70619181548755,-0.8059251081010543,High,High,Low,Low,HHLL,2,1
445,0,-0.2658873549257329,-0.23384947977866677,-0.7672499058945207,-0.6292372669679042,Low,Low,Low,Low,LLLL,0,1
446,0,0.7006514262124216,0.08554600551938944,-0.4466858779776471,-0.17090791441217545,High,High,Low,Low,HHLL,2,1
447,0,-0.5476894726549417,-0.5259283541109682,-1.3568242997211912,-1.038293592783242,Low,Low,Low,Low,LLLL,0,1
448,0,0.8475078721985086,0.5649093254741825,1.1428531472297094,0.6873550390728682,High,High,High,High,HHHH,4,0
449,0,1.1243976061436978,0.6990134836355323,0.3147803326355588,0.29348607762719986,High,High,High,High,HHHH,4,0
450,0,-0.5074495337909706,-0.4856884152469971,-0.5687909117522464,-0.31549835451487107,Low,Low,Low,Low,LLLL,0,1
451,0,-0.4325903754135797,-0.5098323785653798,0.01275266254621732,-0.4756455181707404,Low,Low,High,Low,LLHL,1,1
453,0,-0.25399835869581144,-0.49373640301979127,0.24215913150835944,-0.08064526443817241,Low,Low,High,Low,LLHL,1,1
455,0,-0.24655324130682155,-0.006353082748138271,0.6229545939311866,-0.24865808414811774,Low,Low,High,Low,LLHL,1,1
456,0,-0.5396414848821476,-0.517880366338174,-0.602973701614933,-0.2863543304336814,Low,Low,Low,Low,LLLL,0,1
457,0,0.24792675773831085,1.208335285459032,-0.8683780144598358,0.46961262955048233,High,High,Low,High,HHLH,3,0
459,0,-0.19653640413840148,0.34808628756465804,-0.14279815778136903,-0.07567078755085918,Low,High,Low,Low,LHLL,1,1
460,0,-0.5074495337909706,-0.4856884152469971,-0.3456655032314486,-0.07362954428467028,Low,Low,Low,Low,LLLL,0,1
461,0,-0.39596508667260816,0.025414350643414945,0.23189459181379043,0.770599836265001,Low,High,High,High,LHHH,3,1
462,0,-0.4108736805174397,-0.2981988589871503,-0.5545476985407871,-0.43400212816521305,Low,Low,Low,Low,LLLL,0,1
463,0,-0.5235455093365591,-0.5017843907925855,-0.15513899781143897,-0.0549245708144184,Low,Low,Low,Low,LLLL,0,1
464,1,-0.10951314304156151,-0.3072258953071125,-1.268004038397956,-1.0719981433299541,Low,Low,Low,Low,LLLL,0,1
465,0,0.787822654274678,0.6946645827845727,0.9460766214025835,0.29052241780139215,High,High,High,High,HHHH,4,0
466,0,0.7590432731476885,0.36310396518114046,0.12628897714828902,-0.41043388494626065,High,High,High,Low,HHHL,3,1
467,0,-0.3344643251154706,-0.4293525008374373,1.7629907065960682,0.6773519661967007,Low,Low,High,High,LLHH,2,0
468,0,0.032843236632387675,-0.31649567118165706,0.04959418684928657,-0.06065516788998887,High,Low,High,Low,HLHL,2,1
469,1,-0.001090671314250843,-0.22103384782601887,-0.17418336052375927,-0.5641117961560941,Low,Low,Low,Low,LLLL,0,1
470,1,1.1999101918808783,0.31780857572811744,0.34812917733444404,0.4075995059630609,High,High,High,High,HHHH,4,0
471,1,0.02151161947660048,-0.14182688064036994,-0.7205529423005825,-0.40902190668347715,High,Low,Low,Low,HLLL,1,1
472,0,1.3068976826410559,1.608697715010161,-0.4307735605053735,0.35026556186395413,High,High,Low,High,HHLH,3,0
473,0,-0.21510540224713115,-0.184220760152534,-0.36437047990073657,-0.5509727558618487,Low,Low,Low,Low,LLLL,0,1
474,0,2.1307012650706683,0.9296959546556004,0.0023522654543653987,-0.07159106999724973,High,High,High,Low,HHHL,3,0
475,0,-0.12417736936454357,-0.1132452961725545,0.47339428863749294,0.23882740974440342,Low,Low,High,High,LLHH,2,1
476,1,-0.1503919469354181,-0.04561106953625936,0.4900372924918359,0.8645241257414329,Low,Low,High,High,LLHH,2,0
477,1,-0.4752575826997936,-0.31318219787122903,-1.1218500921853483,-0.7145452987205954,Low,Low,Low,Low,LLLL,0,1
478,0,-0.2632870433569556,-0.38911256197346616,0.44208248049298504,0.08903041026481162,Low,Low,High,High,LLHH,2,1
479,0,-0.09396264745395465,-0.3232970894780872,-0.44110929597149096,-0.9722479570864141,Low,Low,Low,Low,LLLL,0,1
480,0,0.30113428704572026,0.6325502092855216,-0.31228755004650754,-0.8869608322983649,High,High,Low,Low,HHLL,2,1
481,1,1.3181596986262472,1.8295163901139975,0.21024384776427907,-0.15114462470767903,High,High,High,Low,HHHL,3,0
482,0,-0.4108736805174397,0.36064778147942406,-0.3169868536048041,-0.6696256447762511,Low,High,Low,Low,LHLL,1,1
483,0,-0.451113619381411,-0.29911378095245245,0.09678522766295837,0.10515998953157009,Low,Low,High,High,LLHH,2,1
484,1,-0.24121954985430183,-0.4213045130646431,-0.6754256644435639,-0.5839740068850929,Low,Low,Low,Low,LLLL,0,1
485,0,2.304813143811897,1.9658500704467896,0.044915033105257435,0.5777968117696559,High,High,High,High,HHHH,4,0
486,1,0.003072373571688362,0.07138920060597732,-0.46469052841834235,-0.1204362452629908,High,High,Low,Low,HHLL,2,1
487,0,-0.31429782724390887,-0.2925367086999352,-0.367959599610054,-0.7972818781538719,Low,Low,Low,Low,LLLL,0,1
488,0,-0.318817852748384,-0.29905704325466737,-0.5500113665042824,0.06749835917047294,Low,Low,Low,High,LLLH,1,1
489,0,-0.26838761207307893,-0.04015485917091563,-0.41203164515539636,0.5149252397760018,Low,Low,Low,High,LLLH,1,1
490,0,-0.1721756638859395,-0.20178447697002252,-0.5622747683060868,-0.3130443544866248,Low,Low,Low,Low,LLLL,0,1
491,0,0.2806467470976354,0.8510166514250253,0.4280193892211297,0.2900031730670487,High,High,High,High,HHHH,4,0
492,0,1.2985982122505066,1.4566332692366117,-0.04790883905526039,-0.03074793467023204,High,High,Low,Low,HHLL,2,0
493,0,-0.5396414848821476,-0.517880366338174,0.1496543969886091,0.32734569416655457,Low,Low,High,High,LLHH,2,1
494,0,0.09823472653691302,0.10529506388580731,0.4464339504321333,0.31630839400547417,High,High,High,High,HHHH,4,0
495,0,1.8413265882085854,0.5847073663998645,-1.1212469798040723,-0.6709986866955605,High,High,Low,Low,HHLL,2,1
496,0,-0.4591616071542052,-0.4374004886102316,-1.4429263668634056,-1.2672330421382432,Low,Low,Low,Low,LLLL,0,1
497,1,-0.4913535582453821,-0.46959243970140857,-0.38591958216141875,0.4769866172410806,Low,Low,Low,High,LLLH,1,1
498,0,-0.5476894726549417,-0.5259283541109682,-0.3009406751214116,-0.38844173077835653,Low,Low,Low,Low,LLLL,0,1
499,1,0.21166048804272364,0.7900071075723346,-0.33864197289565523,-0.25818112253215664,High,High,Low,Low,HHLL,2,1
500,0,-0.5476894726549417,-0.1841091297061147,-0.3074919419830826,-0.19814582575134584,Low,Low,Low,Low,LLLL,0,1
501,0,-0.5476894726549417,-0.5259283541109682,0.11978517558440725,-0.24983787505380395,Low,Low,High,Low,LLHL,1,1
502,0,-0.24781873410133068,-0.27346892468471506,0.37841724881142214,-0.22669368276920573,Low,Low,High,Low,LLHL,1,1
503,0,0.47445312534806383,0.5272336667159819,-0.38573682689336414,-0.16185413497752082,High,High,Low,Low,HHLL,2,1
504,0,-0.28359558873498014,-0.3292881990023726,-0.6009110790633484,0.4837252130003076,Low,Low,Low,High,LLLH,1,1
505,0,0.2343210415546156,0.3660846054554012,1.060909165313658,0.8955727828974922,High,High,High,High,HHHH,4,0
506,0,0.3954612735113513,-0.23443461586746503,0.382168319635096,0.19293087746242382,High,Low,High,High,HLHH,3,1
507,1,0.6737896015654506,0.1405483486291614,-0.09923308089150945,-0.18796256141113554,High,High,Low,Low,HHLL,2,1
508,0,-0.48330557047258793,-0.31084840556452575,-0.49449619331195493,-0.16108671260584662,Low,Low,Low,Low,LLLL,0,1
509,0,-0.3262505734888054,-0.3111428909130052,0.19730209336944002,-0.35483463235405366,Low,Low,High,Low,LLHL,1,1
510,0,-0.1759465595569758,-0.2739855647766172,-0.5999071581737974,-0.6924889020680168,Low,Low,Low,Low,LLLL,0,1
511,0,-0.5637854482005302,-0.5420243296565567,-1.398193934164304,-1.1048798091251921,Low,Low,Low,Low,LLLL,0,1
512,1,1.5341033367788202,1.9642556433785667,0.20241347708139099,1.3906643248740276,High,High,High,High,HHHH,4,0
513,0,-0.19355711746745685,-0.0860319543968256,-0.5534896434773656,-0.040408139035250645,Low,Low,Low,Low,LLLL,0,1
514,0,-0.4752575826997936,-0.3044290273292083,0.4849981841113452,0.5375918967962561,Low,Low,High,High,LLHH,2,1
515,0,-0.5476894726549417,-0.5259283541109682,-0.33612779291225786,-0.3991511599057226,Low,Low,Low,Low,LLLL,0,1
516,0,-0.5557374604277361,-0.5339763418837625,-0.49818979934118346,0.06975972915455841,Low,Low,Low,High,LLLH,1,1
517,0,-0.3352555648636281,-0.49373640301979127,-0.5523518895504352,-0.14530659030640947,Low,Low,Low,Low,LLLL,0,1
518,0,-0.5235455093365591,-0.5017843907925855,-0.38784347726940277,-0.36524000734572193,Low,Low,Low,Low,LLLL,0,1
519,0,-0.3262505734888054,-0.029452591159660577,0.28162775545267066,-0.25900206769217515,Low,Low,High,Low,LLHL,1,1
520,0,-0.451113619381411,-0.4293525008374373,0.30873297903190755,-0.05450464312491905,Low,Low,High,Low,LLHL,1,1
521,1,0.9899991649689893,1.461141265597018,-0.615383516696711,-0.20617676696907278,High,High,Low,Low,HHLL,2,0
522,0,-0.2599540079415432,1.0638217270183006,0.8621087105100728,-0.2827310013378393,Low,High,High,Low,LHHL,2,0
523,0,-0.36714478672417583,-0.4534964641558201,-0.09066021195896874,-0.30901045058864535,Low,Low,Low,Low,LLLL,0,1
524,1,0.19989102180470752,0.35454714719311653,0.4158426226745561,0.6817351215021904,High,High,High,High,HHHH,4,0
525,1,-0.33844179056229157,-0.31668067201831795,0.0853224651678773,0.07141919530682078,Low,Low,High,High,LLHH,2,1
526,0,-0.34219712894143667,-0.5098323785653798,-1.0370549012724852,-0.6847760769372943,Low,Low,Low,Low,LLLL,0,1
527,0,0.07149725671275642,0.4511409808686379,-0.2262875001128351,-0.18552377344791865,High,High,Low,Low,HHLL,2,1
528,1,-0.08200541145472426,-0.20797961590405292,0.5844693452512912,0.20737110635719855,Low,Low,High,High,LLHH,2,1
529,1,-0.4591616071542052,-0.4374004886102316,-0.1145469666862905,-0.23174402139758882,Low,Low,Low,Low,LLLL,0,1
530,0,-0.4913535582453821,-0.46959243970140857,0.7762400149995745,-0.15099275308955434,Low,Low,High,Low,LLHL,1,1
531,0,0.36191395511043556,0.3713563337978792,0.14283505341499936,0.7784306112130717,High,High,High,High,HHHH,4,0
532,0,-0.019287453323336066,-0.053715632206608896,-0.2993482637826119,1.3744724269594115,Low,Low,Low,High,LLLH,1,0
533,0,-0.2359806999596817,-0.3735228852926964,-0.025170469870331003,-0.19517088446549313,Low,Low,Low,Low,LLLL,0,1
534,0,-0.3947777049718513,0.05552273581341628,-0.3559458013406924,-0.033721857340927114,Low,High,Low,Low,LHLL,1,1
535,0,0.07032938426388417,-0.20298973002215148,0.4778248789876501,0.5726455309507708,High,Low,High,High,HLHH,3,0
536,0,-0.3885305481517176,-0.38851814659424494,0.09677416824073791,-0.32449073352441826,Low,Low,High,Low,LLHL,1,1
537,0,0.16504555836195095,-0.09722828931769038,0.1772538098814525,0.1307911591068447,High,Low,High,High,HLHH,3,1
538,0,-0.30497846225695374,-0.21098106341075157,-0.13438266821846345,-0.22026983361472413,Low,Low,Low,Low,LLLL,0,1
539,0,-0.2536984316826874,-0.4213045130646431,0.1317800743748816,-0.08860010095959023,Low,Low,High,Low,LLHL,1,1
540,0,-0.22728583831212967,-0.025349661595153655,-0.7737272509897803,0.19701089755745005,Low,Low,Low,High,LLLH,1,1
541,0,0.02498997751532295,0.19505478380212196,-0.3562119653478351,-0.2066145539834476,High,High,Low,Low,HHLL,2,1
543,0,0.2563461866286786,0.015946243811722174,0.49386516066868696,0.6888570996674035,High,High,High,High,HHHH,4,0
544,0,-0.5396414848821476,-0.517880366338174,-0.3159256321503412,-0.14583299114488213,Low,Low,Low,Low,LLLL,0,1
545,1,-0.1535954091174497,-0.29917790753431817,0.3797899738895779,-0.1671028708284284,Low,Low,High,Low,LLHL,1,1
546,1,0.3430609115498917,0.34833064775030564,-0.15738230509970003,-0.061882064987398275,High,High,Low,Low,HHLL,2,1
547,0,-0.13435892985691328,-0.46959243970140857,0.7553020023489151,0.4187095693933711,Low,Low,High,High,LLHH,2,1
548,0,-0.1354108047789962,0.04591777686105864,-0.8563812277637908,-1.0237958011226174,Low,High,Low,Low,LHLL,1,1
549,0,0.14357501808057352,-0.024164420649080826,-0.23608878730498734,0.16216198796312994,High,Low,Low,High,HLLH,2,1
550,1,-0.22637601049843445,-0.17822473798925134,-0.5300745651077918,-0.24609832571884133,Low,Low,Low,Low,LLLL,0,1
551,0,0.38184333742475185,0.6381322587305237,-0.24173739440630795,0.1498791993477122,High,High,Low,High,HHLH,3,0
552,0,-0.4430656316086167,-0.15443008627249244,-0.5828981398581536,-0.8558908598983596,Low,Low,Low,Low,LLLL,0,1
553,0,-0.3693720871866368,-0.3983407994905444,0.5243708016915668,0.490607589277392,Low,Low,High,High,LLHH,2,1
554,0,-0.09729719850806605,-0.42827155779318066,-0.4737228683097186,-0.9183495924210814,Low,Low,Low,Low,LLLL,0,1
555,1,-0.5476894726549417,-0.5259283541109682,0.8144744999208829,-0.16379300469013933,Low,Low,High,Low,LLHL,1,1
556,1,0.10560431909860292,0.9031254905464954,0.8519294618080886,0.18738420060957836,High,High,High,High,HHHH,4,0
557,1,1.1933863462189502,0.12280565499025776,-0.02136448830400168,0.24472362146496193,High,High,Low,High,HHLH,3,0
558,1,-0.31581370381286633,-0.19518974470954445,-0.3891189273084712,-0.04682750674082878,Low,Low,Low,Low,LLLL,0,1
559,0,-0.3144561509044143,-0.13876219822336497,0.29746813933096256,0.6918744845942876,Low,Low,High,High,LLHH,2,1
560,0,1.5546461130463924,1.672914241424953,0.7293036176856367,0.8042801055921729,High,High,High,High,HHHH,4,0
561,0,0.49412122000077663,0.8335900454646497,-0.5221411270686162,-0.3801233718275754,High,High,Low,Low,HHLL,2,1
562,1,-0.4350176438358224,-0.3394178463982894,-1.0803334214699636,-1.0825165155785768,Low,Low,Low,Low,LLLL,0,1
563,0,-0.4350176438358224,-0.41325652529184886,-0.1571180181983387,-0.286409462372473,Low,Low,Low,Low,LLLL,0,1
564,0,-0.3390478393175538,-0.13873637000109737,-0.048022748193753156,-0.15372104523205002,Low,Low,Low,Low,LLLL,0,1
565,0,-0.5557374604277361,-0.5339763418837625,-0.2315521742710441,-0.503940416257904,Low,Low,Low,Low,LLLL,0,1
567,0,0.29430957179080064,0.4246860450395346,0.15303435638311544,-0.1775067223690233,High,High,High,Low,HHHL,3,1
568,0,-0.35237589022497223,-0.32474467894999504,0.17946808954525462,0.10357761314213462,Low,Low,High,High,LLHH,2,1
569,1,0.8290210154897102,0.7083692984581931,0.9301171544466682,0.34781080630421035,High,High,High,High,HHHH,4,0
570,0,-0.34469722243987416,-0.278405969583513,-0.8504888046838537,-0.7367022266073282,Low,Low,Low,Low,LLLL,0,1
571,1,-0.337891831759762,-0.18141537729650165,-0.008957677364933803,-0.7753654035538957,Low,Low,Low,Low,LLLL,0,1
572,0,0.9643120997864796,0.515676539364627,-0.6968474896189034,-0.4663476853339882,High,High,Low,Low,HHLL,2,1
573,0,-0.5235455093365591,-0.5017843907925855,-0.07277965743219372,0.05132641076521938,Low,Low,Low,High,LLLH,1,1
574,0,-0.026261746275822916,-0.08457745076514096,-1.3599655350465636,-1.0199931886926517,Low,Low,Low,Low,LLLL,0,1
575,0,-0.056434688005863536,-0.17156084247171144,-0.07804209338199686,0.3071467597212619,Low,Low,Low,High,LLLH,1,1
576,0,-0.4108736805174397,-0.38911256197346616,0.7029355950582298,-0.2935675602658778,Low,Low,High,Low,LLHL,1,1
578,0,7.115801645373499,6.412908796544516,0.15409958979763405,0.5692137388788037,High,High,High,High,HHHH,4,0
579,0,-0.5396414848821476,-0.517880366338174,-0.28769392850612807,0.09522777990294082,Low,Low,Low,High,LLLH,1,1
580,0,0.07250474682943307,0.3051773729171564,0.7659301246204057,0.5965462610359045,High,High,High,High,HHHH,4,0
581,0,-0.418921668290234,-0.39716054974626036,-0.048022748193753156,-0.15372104523205002,Low,Low,Low,Low,LLLL,0,1
582,0,0.16485516447800058,-0.33150800019795873,-0.04373169361048801,-0.15185463623034148,High,Low,Low,Low,HLLL,1,1
583,0,0.03258030194721018,0.23500000696885792,-0.3652586389537673,-0.06596944535274163,High,High,Low,Low,HHLL,2,1
584,0,0.5098498193511424,0.15467831201511023,0.08215830744779885,0.5068756711315316,High,High,High,High,HHHH,4,0
585,0,-0.20072134338209885,-0.29774258518039276,0.6663197203205975,0.8094869754862482,Low,Low,High,High,LLHH,2,0
586,0,0.3164381668330713,0.31953873290652307,-0.8300072682028645,-0.30808120121998883,High,High,Low,Low,HHLL,2,1
587,0,-0.4913535582453821,-0.46959243970140857,-0.3950761350227472,-0.357928488936365,Low,Low,Low,Low,LLLL,0,1
588,1,-0.05357530058260986,0.05296815383421443,-0.5669389179316164,-0.2227354546192543,Low,High,Low,Low,LHLL,1,1
589,1,-0.03900028810253664,0.35050465145791776,-0.5092936397417072,-0.06459636786251852,Low,High,Low,Low,LHLL,1,1
590,0,-0.20967398619758373,-0.11404940738543698,-1.3431638249302997,-0.8839049957386802,Low,Low,Low,Low,LLLL,0,1
591,0,-0.5637854482005302,-0.5420243296565567,-0.26411644859302613,-0.54599473688667,Low,Low,Low,Low,LLLL,0,1
592,0,-0.32453218007668183,-0.3097183245938018,-0.45369165375157894,-0.5844823451003369,Low,Low,Low,Low,LLLL,0,1
593,0,-0.4752575826997936,-0.2582219468189347,-0.05497090021927645,0.2130895261883201,Low,Low,Low,High,LLLH,1,1
594,0,-0.5315934971093532,-0.5098323785653798,-0.5379204153958529,-0.06974916821717042,Low,Low,Low,Low,LLLL,0,1
595,0,0.2836462380211886,0.3510716540222346,1.1290638320415236,1.203511618631823,High,High,High,High,HHHH,4,0
596,0,-0.19096038066758986,-0.29830720901016977,-0.05334180578186351,0.5478117375533688,Low,Low,Low,High,LLLH,1,1
597,0,-0.4913535582453821,-0.46959243970140857,-0.6793910690477044,-0.3716756394307764,Low,Low,Low,Low,LLLL,0,1
598,0,0.9579247853230779,0.8310225923644136,-0.17822109246794618,0.692030623473765,High,High,Low,High,HHLH,3,0
599,0,0.053555780208436835,-0.3005846964727295,-0.37651755463180103,0.15631525047615524,High,Low,Low,High,HLLH,2,1
600,1,0.0005609159916706049,-0.3155501662248339,0.33122477977423653,0.3974463684404692,High,Low,High,High,HLHH,3,1
601,0,0.0917517545043948,0.06141076142713659,-0.35883073554152073,-0.015961816979758514,High,High,Low,Low,HHLL,2,1
602,0,-0.48330557047258793,-0.46154445192861426,-0.866484939712951,-0.22636207889582297,Low,Low,Low,Low,LLLL,0,1
603,0,-0.5396414848821476,-0.517880366338174,0.2542187522744856,-0.07585662753118796,Low,Low,High,Low,LLHL,1,1
607,0,-0.08481512412867416,-0.39668780006391136,-0.1718962334373535,-0.32326269608097624,Low,Low,Low,Low,LLLL,0,1
608,0,-0.4994015460181763,-0.39615170964964835,-0.4990266462554336,-0.07465039245771066,Low,Low,Low,Low,LLLL,0,1
610,0,-0.4913535582453821,-0.46959243970140857,0.7274647050539704,0.9208239368554829,Low,Low,High,High,LLHH,2,1
611,1,0.7126491312556175,0.31257777771285167,-0.5794085025322929,0.009175931452382158,High,High,Low,High,HHLH,3,1
612,0,-0.1915420921634043,-0.1697979197145125,-0.024176268029337866,-0.25134644888794605,Low,Low,Low,Low,LLLL,0,1
613,0,-0.46782536642959077,-0.4602758045626666,0.3928993480693408,-0.35384628556046716,Low,Low,High,Low,LLHL,1,1
614,1,-0.07232245226248078,-0.18820141791651962,-0.07720391945501373,-0.11552250484514166,Low,Low,Low,Low,LLLL,0,1
615,1,0.5590718749666554,0.3404164778373737,-0.010865778170045082,0.18774983092401604,High,High,Low,High,HHLH,3,0
616,0,-0.33350226729388466,-0.32949604828711876,-0.4800241994692374,-0.5999230667989286,Low,Low,Low,Low,LLLL,0,1
617,1,3.6442763478773568,4.7807573700288675,0.5985629999394331,0.35821281235710356,High,High,High,High,HHHH,4,0
619,0,-0.3464897783350858,-0.2399250753997469,-0.12424654915504657,0.1845718890622911,Low,Low,Low,High,LLLH,1,1
620,0,-0.5396414848821476,-0.517880366338174,-0.5339314322620519,-0.5129269342695596,Low,Low,Low,Low,LLLL,0,1
621,0,-0.4108736805174397,-0.38911256197346616,-0.7325580416406803,-0.9760961212793376,Low,Low,Low,Low,LLLL,0,1
622,1,0.45226619494217324,1.8059143022777395,-1.6706249239184372,-1.299502274148898,High,High,Low,Low,HHLL,2,1
623,0,1.8365982628655233,0.6197816774816289,0.045195730124238775,-0.41255278112917426,High,High,High,Low,HHHL,3,0
624,0,-0.4108736805174397,-0.14591441451762843,0.14547665067157736,-0.4314350614696549,Low,Low,High,Low,LLHL,1,1
625,1,-0.2954068575353629,-0.29828242763555607,-1.5801958004204801,-1.1907446913142619,Low,Low,Low,Low,LLLL,0,1
626,0,-0.5315934971093532,-0.5098323785653798,-0.9982155040104641,-0.6944137434050626,Low,Low,Low,Low,LLLL,0,1
627,0,-0.4350176438358224,-0.2934292965066762,0.11174799458820284,0.12593935691183028,Low,Low,High,High,LLHH,2,1
628,0,0.32353598345321427,-0.03211629080151937,-0.8615052895273277,-0.6610341992841543,High,Low,Low,Low,HLLL,1,1
629,0,-0.5557374604277361,-0.5339763418837625,0.20407693613552813,-0.4371576528995294,Low,Low,High,Low,LLHL,1,1
630,0,-0.5235455093365591,-0.5017843907925855,0.5978952328242486,0.465601477274192,Low,Low,High,High,LLHH,2,1
631,0,0.1417548569440371,0.28903262600658786,-0.9889221543954301,-0.9369063723842723,High,High,Low,Low,HHLL,2,1
632,0,0.4749240355433948,1.5085873219424208,0.7730569612329148,0.364739136180224,High,High,High,High,HHHH,4,0
633,1,-0.4994015460181763,-0.47764042747420277,0.19547793793870444,-0.13926472105930063,Low,Low,High,Low,LLHL,1,1
634,1,-0.016866011008407986,0.5041978628079038,-0.17292314100853734,0.029469058192192255,Low,High,Low,High,LHLH,2,1
635,0,-0.3858949203625342,-0.4856884152469971,-0.4109436855984977,0.10512369175514533,Low,Low,Low,High,LLLH,1,1
636,0,-0.2811936365536146,-0.10281970605758747,-0.3779021617749683,-0.37555176859216477,Low,Low,Low,Low,LLLL,0,1
637,0,0.09718780773531072,-0.008732208317346116,-0.2941088341956881,-0.8965630862998581,High,Low,Low,Low,HLLL,1,1
638,0,-0.12142171633179055,-0.4523411769877222,-1.778867030331358,-1.4590448727671945,Low,Low,Low,Low,LLLL,0,1
639,0,0.4983887509803928,0.20290715457470157,-0.9963058152258097,-0.8080841853863124,High,High,Low,Low,HHLL,2,1
640,0,1.2164425405142678,1.0561992412792278,0.3635630547612847,0.5391114432574597,High,High,High,High,HHHH,4,0
641,0,-0.11616510501358929,0.1412310050486706,-1.1230108941361365,-1.3923710695285338,Low,High,Low,Low,LHLL,1,1
642,0,-0.4913535582453821,-0.46959243970140857,-0.6752893753186793,-0.4629570791922414,Low,Low,Low,Low,LLLL,0,1
643,0,-0.15548816046610303,-0.5017843907925855,0.06636022114766571,-0.3500457986689334,Low,Low,High,Low,LLHL,1,1
644,0,0.23498156991668687,0.16913039811056788,-0.4038444290178577,-0.2460368860016148,High,High,Low,Low,HHLL,2,1
645,1,0.37928925056990054,0.2871200133872438,-0.10732430565998202,0.000895647551668044,High,High,Low,High,HHLH,3,1
646,0,-0.29820185169832036,-0.2764407331543468,-0.5257978104229061,-0.9032336404672722,Low,Low,Low,Low,LLLL,0,1
647,0,-0.5074495337909706,-0.4856884152469971,-0.7269132164704752,-1.0488438068165151,Low,Low,Low,Low,LLLL,0,1
648,0,-0.13189186536831973,-0.2316166212496332,-0.6443825319718386,-0.47195921002031355,Low,Low,Low,Low,LLLL,0,1
649,0,-0.42347097838640635,-0.4359689182972066,-0.7894956195885701,-0.8731109074138838,Low,Low,Low,Low,LLLL,0,1
650,0,-0.290715861890283,-0.3065162886541959,-0.38464947736321065,-0.7201520581512915,Low,Low,Low,Low,LLLL,0,1
651,1,1.9845044942037218,0.8210712338797568,-0.49581114429623496,0.06917079261840282,High,High,Low,High,HHLH,3,0
652,1,0.6929170781228046,0.5421597300319446,-1.045100099410742,-0.8911078553267002,High,High,Low,Low,HHLL,2,1
653,0,-0.11943843487584685,0.05594209000467808,-1.5212341658721331,-0.8896685113034906,Low,High,Low,Low,LHLL,1,1
654,0,-0.4356236925910847,-0.28017278714825955,-1.0974560997825669,-0.9179149214008601,Low,Low,Low,Low,LLLL,0,1
655,0,-0.5235455093365591,-0.5017843907925855,-0.2908952763816908,-0.35723269754220943,Low,Low,Low,Low,LLLL,0,1
656,0,-0.13222915900723053,-0.40667365701454933,0.0036289304291376445,0.22258237713646167,Low,Low,High,High,LLHH,2,1
657,0,0.3655213085644402,0.2993568910071913,0.07133765773777509,1.5067018968290542,High,High,High,High,HHHH,4,0
658,0,-0.24927776484464362,-0.29244831107827157,-0.08925343100942379,0.1615773403362739,Low,Low,Low,High,LLLH,1,1
659,0,-0.37868172942626277,-0.27514730441378543,1.2569358432183397,0.9054053736152174,Low,Low,High,High,LLHH,2,0
660,0,-0.5235455093365591,-0.5017843907925855,-0.6442347199630682,-0.24000335029673286,Low,Low,Low,Low,LLLL,0,1
661,0,0.018998353829122294,-0.08579709905990017,0.34043344782082496,-0.10985535135667263,High,Low,High,Low,HLHL,2,1
662,0,-0.5637854482005302,-0.5420243296565567,0.31795234828661484,0.8202880115934039,Low,Low,High,High,LLHH,2,1
663,0,-0.4350176438358224,-0.20195355825757855,0.7161915175146285,-0.18871138666089665,Low,Low,High,Low,LLHL,1,1
664,0,-0.08937189374488785,-0.2930677889393677,-0.0664903388546922,0.3811863863928493,Low,Low,Low,High,LLLH,1,1
665,0,0.2603026711882794,-0.11939326704771452,0.9870656896276988,0.9752476075741732,High,Low,High,High,HLHH,3,0
666,1,0.3390655728650523,0.7532406284030166,0.5595306140711768,1.6358001724139912,High,High,High,High,HHHH,4,0
667,0,-0.4147881617368711,-0.5017843907925855,-0.21206016785868576,-0.2479689349432336,Low,Low,Low,Low,LLLL,0,1
668,0,-0.2789956866671468,-0.20246739149782284,0.45489994264125294,0.22891610067378426,Low,Low,High,High,LLHH,2,1
669,0,-0.324445676604243,-0.5259283541109682,-0.7223019057435018,0.0738055087717896,Low,Low,Low,High,LLLH,1,1
670,0,0.24221639737703723,0.06144101399819779,-0.9539775636145198,-1.0671118830289372,High,High,Low,Low,HHLL,2,1
671,0,-0.38653947198660427,-0.3573345788829712,-0.9528102870670357,-0.2407002390540174,Low,Low,Low,Low,LLLL,0,1
672,0,0.38215798819643876,0.27722782580818817,-0.744959015860621,-0.42408948397818724,High,High,Low,Low,HHLL,2,1
673,0,-0.2583874391244878,-0.08753436177563335,0.40360549243563515,0.06256514434303034,Low,Low,High,High,LLHH,2,1
674,0,-0.48330557047258793,-0.38224482394495596,-1.906676127813071,0.6101235403647252,Low,Low,Low,High,LLLH,1,1
676,0,0.06990263691343679,0.04996501824683844,0.6375409864434558,0.5579755458938359,High,High,High,High,HHHH,4,0
677,1,1.0740879805822297,1.0952366102285125,0.01610308953933544,1.2764778665704712,High,High,High,High,HHHH,4,0
678,0,0.6140188350002588,0.35151626235450895,-0.3193920332025245,-0.6382772266391651,High,High,Low,Low,HHLL,2,1
679,0,-0.4430656316086167,-0.4213045130646431,-1.69287646073542,-1.4590448727671945,Low,Low,Low,Low,LLLL,0,1
680,0,-0.42454238764078545,-0.5017843907925855,-0.5841071688395059,-1.0802130965546441,Low,Low,Low,Low,LLLL,0,1
681,0,0.2790590288609029,0.9698316478152831,-0.49482117320101393,-0.8567379147588386,High,High,Low,Low,HHLL,2,1
682,1,1.1076530714305126,0.49740954361702916,1.0210055978816204,1.4449147504624544,High,High,High,High,HHHH,4,0
683,0,0.9414453108007348,0.3315829213768612,-0.1950758808758057,-0.2209605404426514,High,High,Low,Low,HHLL,2,1
684,1,-0.5315934971093532,-0.5098323785653798,0.20932075991383325,-0.2414361060507851,Low,Low,High,Low,LLHL,1,1
685,0,-0.21739230883995,-0.3636999512891357,0.12077669847187054,-0.6228865878287989,Low,Low,High,Low,LLHL,1,1
686,0,-0.5074495337909706,-0.4856884152469971,-0.051835379567144554,0.03750045794050816,Low,Low,Low,High,LLLH,1,1
687,0,0.15095938237444434,0.08426449622942814,-0.4567756411998022,0.44546917938429353,High,High,Low,High,HHLH,3,1
689,0,-0.1917665137323438,-0.2515206817569162,0.11737852488392926,-0.27515365464302516,Low,Low,High,Low,LLHL,1,1
690,0,-0.5396414848821476,-0.517880366338174,0.06715244665327205,-0.14951652683490924,Low,Low,High,Low,LLHL,1,1
691,0,-0.48330557047258793,-0.32001833928355417,0.017552438976995516,0.25359644487336247,Low,Low,High,High,LLHH,2,1
692,0,0.039286359706513,0.08370566314164878,-1.071956290910557,-1.1651940855683705,High,High,Low,Low,HHLL,2,1
693,0,-0.4994015460181763,-0.47764042747420277,-0.048022748193753156,-0.15372104523205002,Low,Low,Low,Low,LLLL,0,1
694,0,-0.04589063678792181,-0.03863216931151776,-0.7617518067952012,-1.0416068835920451,Low,Low,Low,Low,LLLL,0,1
695,0,0.022832811410250575,0.07669569191737775,-1.906676127813071,-1.368901796839881,High,High,Low,Low,HHLL,2,1
696,0,-0.31159532718529204,-0.24993347413419797,-1.8194179223435656,3.212433422760646,Low,Low,Low,High,LLLH,1,0
697,0,0.04830754718634648,-0.11656723261583764,1.720250339956567,0.5346216655835916,High,Low,High,High,HLHH,3,0
698,0,-0.43615447766975474,0.037493105993889775,-0.44477834416758755,0.02373281107262231,Low,High,Low,High,LHLH,2,1
699,0,-0.2148171804474582,0.07049153396440894,-0.2571143311966888,-0.525182474222158,Low,High,Low,Low,LHLL,1,1
700,1,-0.17290562394777903,-0.3589668300831524,-0.41094846301848464,-0.4801954287854471,Low,Low,Low,Low,LLLL,0,1
701,1,0.24516320082353416,-0.13899540609278663,0.4982205387590398,-0.21344736323998043,High,Low,High,Low,HLHL,2,1
702,0,0.17652910990185733,0.03800049182315332,0.5100657643300103,0.6008705945426023,High,High,High,High,HHHH,4,0
703,0,0.26462676170076277,-0.13798864854627335,0.2790384190907981,0.4366257447337636,High,Low,High,High,HLHH,3,0
704,0,-0.42508289546678457,-0.22951421696986626,-0.6528655261808612,-0.7013718140433559,Low,Low,Low,Low,LLLL,0,1
705,1,-0.5557374604277361,-0.5339763418837625,-0.8610699767095339,-0.8077003994919046,Low,Low,Low,Low,LLLL,0,1
706,0,0.30552534733069003,0.5930982118999988,-0.048022748193753156,-0.15372104523205002,High,High,Low,Low,HHLL,2,1
707,1,0.37245243969545816,0.13534571497103354,-1.257471671852267,-0.8120985361216335,High,High,Low,Low,HHLL,2,1
709,1,-0.3349528356329989,-0.14389673268698758,-1.0614904782172043,-1.1809599644786806,Low,Low,Low,Low,LLLL,0,1
710,0,-0.5476894726549417,-0.5259283541109682,-1.6275241186951692,-1.4590448727671945,Low,Low,Low,Low,LLLL,0,1
711,0,-0.029049226263826864,0.06022499024278024,-1.906676127813071,-1.4134335291922602,Low,High,Low,Low,LHLL,1,1
712,1,-0.4430656316086167,-0.4213045130646431,-0.048022748193753156,-0.15372104523205002,Low,Low,Low,Low,LLLL,0,1
714,0,-0.2488023196406423,-0.37778826699116114,-0.048022748193753156,-0.15372104523205002,Low,Low,Low,Low,LLLL,0,1
715,0,-0.48330557047258793,-0.46154445192861426,-0.048022748193753156,-0.15372104523205002,Low,Low,Low,Low,LLLL,0,1
716,0,-0.5637854482005302,-0.5420243296565567,-0.048022748193753156,-0.15372104523205002,Low,Low,Low,Low,LLLL,0,1
717,0,-0.5396414848821476,-0.517880366338174,-0.048022748193753156,-0.15372104523205002,Low,Low,Low,Low,LLLL,0,1
718,0,-0.5315934971093532,-0.5098323785653798,-0.048022748193753156,-0.15372104523205002,Low,Low,Low,Low,LLLL,0,1
719,0,-0.4913535582453821,-0.46959243970140857,-0.048022748193753156,-0.15372104523205002,Low,Low,Low,Low,LLLL,0,1
720,1,0.01326100430252098,-0.18918421850458794,-0.048022748193753156,-0.15372104523205002,High,Low,Low,Low,HLLL,1,1
721,0,-0.3947777049718513,-0.3730165864278777,-0.048022748193753156,-0.15372104523205002,Low,Low,Low,Low,LLLL,0,1
722,1,-0.4591616071542052,-0.4374004886102316,-0.048022748193753156,-0.15372104523205002,Low,Low,Low,Low,LLLL,0,1
723,0,-0.4591616071542052,-0.4374004886102316,-0.048022748193753156,-0.15372104523205002,Low,Low,Low,Low,LLLL,0,1
724,0,-0.5637854482005302,-0.5420243296565567,-0.048022748193753156,-0.15372104523205002,Low,Low,Low,Low,LLLL,0,1
725,0,-0.5396414848821476,-0.517880366338174,-0.048022748193753156,-0.15372104523205002,Low,Low,Low,Low,LLLL,0,1
726,0,-0.5154975215637649,-0.49373640301979127,-0.048022748193753156,-0.15372104523205002,Low,Low,Low,Low,LLLL,0,1
727,0,-0.5637854482005302,-0.5420243296565567,-0.048022748193753156,-0.15372104523205002,Low,Low,Low,Low,LLLL,0,1
728,0,-0.4591616071542052,-0.4374004886102316,-0.048022748193753156,-0.15372104523205002,Low,Low,Low,Low,LLLL,0,1
729,0,-0.2821058761527319,-0.26034475760875836,-0.048022748193753156,-0.15372104523205002,Low,Low,Low,Low,LLLL,0,1
730,1,-0.5557374604277361,-0.5339763418837625,-0.048022748193753156,-0.15372104523205002,Low,Low,Low,Low,LLLL,0,1
733,0,0.031765646986243484,0.053526765530217006,-0.048022748193753156,-0.15372104523205002,High,High,Low,Low,HHLL,2,1
734,0,-0.4913535582453821,-0.46959243970140857,-0.048022748193753156,-0.15372104523205002,Low,Low,Low,Low,LLLL,0,1
735,1,-0.36258575388067427,-0.34082463533670077,-0.048022748193753156,-0.15372104523205002,Low,Low,Low,Low,LLLL,0,1
736,0,0.6145207138220941,0.6061933969567802,-0.048022748193753156,-0.15372104523205002,High,High,Low,Low,HHLL,2,0
737,0,-0.48330557047258793,-0.46154445192861426,-0.048022748193753156,-0.15372104523205002,Low,Low,Low,Low,LLLL,0,1
738,0,-0.5396414848821476,-0.517880366338174,-0.048022748193753156,-0.15372104523205002,Low,Low,Low,Low,LLLL,0,1
739,0,-0.5396414848821476,-0.517880366338174,-0.048022748193753156,-0.15372104523205002,Low,Low,Low,Low,LLLL,0,1
740,0,-0.5154975215637649,-0.49373640301979127,-0.048022748193753156,-0.15372104523205002,Low,Low,Low,Low,LLLL,0,1
741,0,-0.4108736805174397,-0.38911256197346616,-0.048022748193753156,-0.15372104523205002,Low,Low,Low,Low,LLLL,0,1
742,0,-0.4994015460181763,-0.3928120617082238,-0.048022748193753156,-0.15372104523205002,Low,Low,Low,Low,LLLL,0,1
743,1,0.479684747561507,0.01941737061921027,-0.048022748193753156,-0.15372104523205002,High,High,Low,Low,HHLL,2,1
744,0,0.34987237193281673,0.0022803490232648433,-0.048022748193753156,-0.15372104523205002,High,High,Low,Low,HHLL,2,1
745,0,-0.5315934971093532,-0.5098323785653798,-0.048022748193753156,-0.15372104523205002,Low,Low,Low,Low,LLLL,0,1
750,0,-0.5476894726549417,-0.5259283541109682,-0.048022748193753156,-0.15372104523205002,Low,Low,Low,Low,LLLL,0,1
751,0,-0.5396414848821476,-0.517880366338174,-0.048022748193753156,-0.15372104523205002,Low,Low,Low,Low,LLLL,0,1
752,1,0.13533823100099993,0.07353897544529503,-0.048022748193753156,-0.15372104523205002,High,High,Low,Low,HHLL,2,1
753,0,-0.5476894726549417,-0.5259283541109682,-0.048022748193753156,-0.15372104523205002,Low,Low,Low,Low,LLLL,0,1
754,0,-0.4008928072970102,-0.3799410724010095,-0.048022748193753156,-0.15372104523205002,Low,Low,Low,Low,LLLL,0,1
756,0,-0.5235455093365591,-0.5017843907925855,-0.048022748193753156,-0.15372104523205002,Low,Low,Low,Low,LLLL,0,1
757,0,-0.5396414848821476,-0.517880366338174,-0.048022748193753156,-0.15372104523205002,Low,Low,Low,Low,LLLL,0,1
758,0,-0.48330557047258793,-0.46154445192861426,-0.048022748193753156,-0.15372104523205002,Low,Low,Low,Low,LLLL,0,1
759,0,-0.2979828263643889,-0.3541330725140102,-0.048022748193753156,-0.15372104523205002,Low,Low,Low,Low,LLLL,0,1
760,0,-0.42758542756561957,-0.5017843907925855,-0.048022748193753156,-0.15372104523205002,Low,Low,Low,Low,LLLL,0,1
761,0,-0.29820185169832036,-0.2764407331543468,-0.048022748193753156,-0.15372104523205002,Low,Low,Low,Low,LLLL,0,1
762,0,-0.451113619381411,-0.4293525008374373,-0.048022748193753156,-0.15372104523205002,Low,Low,Low,Low,LLLL,0,1
763,0,-0.46720959492699937,-0.4454484763830258,-0.048022748193753156,-0.15372104523205002,Low,Low,Low,Low,LLLL,0,1
764,0,-0.4356236925910847,-0.5098323785653798,-0.048022748193753156,-0.15372104523205002,Low,Low,Low,Low,LLLL,0,1
765,1,-0.5557374604277361,-0.5339763418837625,-0.048022748193753156,-0.15372104523205002,Low,Low,Low,Low,LLLL,0,1
766,1,-0.29705820257240195,-0.254368274999282,-0.048022748193753156,-0.15372104523205002,Low,Low,Low,Low,LLLL,0,1
767,0,-0.5476894726549417,-0.5259283541109682,-0.048022748193753156,-0.15372104523205002,Low,Low,Low,Low,LLLL,0,1
768,1,-0.4591616071542052,-0.4374004886102316,-0.048022748193753156,-0.15372104523205002,Low,Low,Low,Low,LLLL,0,1
769,1,-0.5557374604277361,-0.5339763418837625,-0.048022748193753156,-0.15372104523205002,Low,Low,Low,Low,LLLL,0,1
770,1,-0.4108736805174397,-0.38911256197346616,-0.048022748193753156,-0.15372104523205002,Low,Low,Low,Low,LLLL,0,1
771,0,-0.1781505638497739,-0.38911256197346616,-0.048022748193753156,-0.15372104523205002,Low,Low,Low,Low,LLLL,0,1
772,1,0.1572894241184048,0.009570381856112118,-0.048022748193753156,-0.15372104523205002,High,High,Low,Low,HHLL,2,1
774,0,-0.038034356634470176,-0.14018867290266285,-0.048022748193753156,-0.15372104523205002,Low,Low,Low,Low,LLLL,0,1
775,0,-0.4350176438358224,-0.41325652529184886,-0.048022748193753156,-0.15372104523205002,Low,Low,Low,Low,LLLL,0,1
776,1,-0.5235455093365591,-0.5017843907925855,-0.048022748193753156,-0.15372104523205002,Low,Low,Low,Low,LLLL,0,1
777,1,-0.4752575826997936,-0.4534964641558201,-0.048022748193753156,-0.15372104523205002,Low,Low,Low,Low,LLLL,0,1
780,1,0.2883011199180058,0.02807948825178767,-0.048022748193753156,-0.15372104523205002,High,High,Low,Low,HHLL,2,1
781,0,-0.3712397904087308,-0.3499893565124177,-0.048022748193753156,-0.15372104523205002,Low,Low,Low,Low,LLLL,0,1
782,0,-0.16259540553836782,-0.2718897734807434,-0.048022748193753156,-0.15372104523205002,Low,Low,Low,Low,LLLL,0,1
783,0,-0.4683969766277563,-0.5339763418837625,-0.048022748193753156,-0.15372104523205002,Low,Low,Low,Low,LLLL,0,1
784,0,-0.23195114101654837,-0.33277664756390646,-0.048022748193753156,-0.15372104523205002,Low,Low,Low,Low,LLLL,0,1
785,0,0.6895828339057591,0.4028985344900157,-0.048022748193753156,-0.15372104523205002,High,High,Low,Low,HHLL,2,1
786,0,-0.016557230810870727,0.10406058520802594,-0.048022748193753156,-0.15372104523205002,Low,High,Low,Low,LHLL,1,1
790,1,-0.4591616071542052,-0.4374004886102316,-0.048022748193753156,-0.15372104523205002,Low,Low,Low,Low,LLLL,0,1
791,1,-0.5074495337909706,-0.4856884152469971,-0.048022748193753156,-0.15372104523205002,Low,Low,Low,Low,LLLL,0,1
792,0,-0.46720959492699937,-0.4454484763830258,-0.048022748193753156,-0.15372104523205002,Low,Low,Low,Low,LLLL,0,1
793,0,-0.5476894726549417,-0.5259283541109682,-0.048022748193753156,-0.15372104523205002,Low,Low,Low,Low,LLLL,0,1
795,0,-0.5074495337909706,-0.4856884152469971,-0.048022748193753156,-0.15372104523205002,Low,Low,Low,Low,LLLL,0,1
798,0,0.04006828938228779,0.5021851991149856,-0.048022748193753156,-0.15372104523205002,High,High,Low,Low,HHLL,2,1
799,0,-0.09557977015913065,-0.26212609499905515,-0.048022748193753156,-0.15372104523205002,Low,Low,Low,Low,LLLL,0,1
800,0,-0.379287778181525,-0.3356127001255424,-0.048022748193753156,-0.15372104523205002,Low,Low,Low,Low,LLLL,0,1
801,0,0.057526506621475265,-0.4213045130646431,-0.048022748193753156,-0.15372104523205002,High,Low,Low,Low,HLLL,1,1
802,0,-0.10457690731786169,-0.28616429521685915,-0.048022748193753156,-0.15372104523205002,Low,Low,Low,Low,LLLL,0,1
803,1,-0.5637854482005302,-0.5420243296565567,-0.048022748193753156,-0.15372104523205002,Low,Low,Low,Low,LLLL,0,1
804,0,-0.12331859388789145,-0.26087583784819074,-0.048022748193753156,-0.15372104523205002,Low,Low,Low,Low,LLLL,0,1
805,0,-0.14429052871434514,-0.06356990565034996,-0.048022748193753156,-0.15372104523205002,Low,Low,Low,Low,LLLL,0,1
807,0,-0.3516586633096555,-0.47764042747420277,-0.048022748193753156,-0.15372104523205002,Low,Low,Low,Low,LLLL,0,1
808,0,-0.5315934971093532,-0.5098323785653798,-0.048022748193753156,-0.15372104523205002,Low,Low,Low,Low,LLLL,0,1
809,1,-0.30624983947111467,-0.022411318032493594,-0.048022748193753156,-0.15372104523205002,Low,Low,Low,Low,LLLL,0,1
810,0,-0.5476894726549417,-0.5259283541109682,-0.048022748193753156,-0.15372104523205002,Low,Low,Low,Low,LLLL,0,1
812,1,-0.05543524659345857,-0.36078303356412406,-0.3698408520634735,-0.9935164838822479,Low,Low,Low,Low,LLLL,0,1
813,0,-0.3060595942586619,-0.2768547011550288,-0.048022748193753156,-0.15372104523205002,Low,Low,Low,Low,LLLL,0,1
814,0,-0.4994015460181763,-0.47764042747420277,-0.048022748193753156,-0.15372104523205002,Low,Low,Low,Low,LLLL,0,1
815,0,-0.5235455093365591,-0.5017843907925855,-0.048022748193753156,-0.15372104523205002,Low,Low,Low,Low,LLLL,0,1
816,0,-0.4913535582453821,-0.46959243970140857,-0.048022748193753156,-0.15372104523205002,Low,Low,Low,Low,LLLL,0,1
817,0,-0.1372420962424356,-0.11548097769846197,-0.048022748193753156,-0.15372104523205002,Low,Low,Low,Low,LLLL,0,1
818,0,-0.37868172942626277,-0.3569206108822892,-0.048022748193753156,-0.15372104523205002,Low,Low,Low,Low,LLLL,0,1
819,1,-0.5235455093365591,-0.5017843907925855,-0.048022748193753156,-0.15372104523205002,Low,Low,Low,Low,LLLL,0,1
820,1,-0.24186593728876066,-0.22010481874478707,-0.048022748193753156,-0.15372104523205002,Low,Low,Low,Low,LLLL,0,1
822,0,-0.5637854482005302,-0.5420243296565567,-0.048022748193753156,-0.15372104523205002,Low,Low,Low,Low,LLLL,0,1
823,0,-0.48330557047258793,-0.46154445192861426,-0.048022748193753156,-0.15372104523205002,Low,Low,Low,Low,LLLL,0,1
824,0,-0.22576996174317218,-0.2040088431991986,-0.048022748193753156,-0.15372104523205002,Low,Low,Low,Low,LLLL,0,1
825,0,-0.5557374604277361,-0.5339763418837625,-0.048022748193753156,-0.15372104523205002,Low,Low,Low,Low,LLLL,0,1
826,1,-0.4752575826997936,-0.4534964641558201,-0.048022748193753156,-0.15372104523205002,Low,Low,Low,Low,LLLL,0,1
827,0,-0.4591616071542052,-0.4374004886102316,-0.048022748193753156,-0.15372104523205002,Low,Low,Low,Low,LLLL,0,1
828,0,-0.451113619381411,-0.4293525008374373,-0.048022748193753156,-0.15372104523205002,Low,Low,Low,Low,LLLL,0,1
830,0,0.26999521334350685,0.0784312388248965,-0.048022748193753156,-0.15372104523205002,High,High,Low,Low,HHLL,2,1
831,0,-0.4752575826997936,-0.4534964641558201,-0.048022748193753156,-0.15372104523205002,Low,Low,Low,Low,LLLL,0,1
832,1,-0.3303938027894973,-0.3086326842455238,-0.048022748193753156,-0.15372104523205002,Low,Low,Low,Low,LLLL,0,1
833,0,-0.5315934971093532,-0.5098323785653798,-0.048022748193753156,-0.15372104523205002,Low,Low,Low,Low,LLLL,0,1
834,0,-0.48330557047258793,-0.46154445192861426,-0.048022748193753156,-0.15372104523205002,Low,Low,Low,Low,LLLL,0,1
835,0,-0.4591616071542052,-0.4374004886102316,-0.048022748193753156,-0.15372104523205002,Low,Low,Low,Low,LLLL,0,1
838,0,0.0237176592134493,0.04547877775742282,-0.048022748193753156,-0.15372104523205002,High,High,Low,Low,HHLL,2,1
839,1,-0.4350176438358224,-0.41325652529184886,-0.048022748193753156,-0.15372104523205002,Low,Low,Low,Low,LLLL,0,1
840,0,-0.4752575826997936,-0.4534964641558201,-0.048022748193753156,-0.15372104523205002,Low,Low,Low,Low,LLLL,0,1
841,1,-0.5315934971093532,-0.5098323785653798,-0.048022748193753156,-0.15372104523205002,Low,Low,Low,Low,LLLL,0,1
845,0,0.07110968718736346,0.09213030662753906,-1.6506281667742948,-1.4590448727671945,High,High,Low,Low,HHLL,2,1
846,0,-0.047657463979796304,0.03377242952518119,-0.048022748193753156,-0.15372104523205002,Low,High,Low,Low,LHLL,1,1
847,1,-0.5637854482005302,-0.5420243296565567,-0.048022748193753156,-0.15372104523205002,Low,Low,Low,Low,LLLL,0,1
