user_1;Duration S-H;Calls Made S-H;Calls Received S-H;Missed As Caller S-H;Missed As Callee S-H;Unique People S-H;Duration O-S-H;Calls Made O-S-H;Calls Received O-S-H;Missed As Caller O-S-H;Missed As Callee O-S-H;Unique People O-S-H
0;204.0;3.0;2.0;0.0;0.0;2.0;52.0;0.0;4.0;0.0;0.0;1.0
3;394.0;6.0;4.0;0.0;0.0;3.0;281.0;3.0;3.0;0.0;1.0;4.0
4;500.0;7.0;10.0;4.0;0.0;7.0;668.0;6.0;7.0;2.0;0.0;3.0
5;126.0;0.0;2.0;0.0;3.0;1.0;2.0;1.0;0.0;0.0;0.0;1.0
6;171.0;6.0;2.0;0.0;1.0;2.0;233.0;2.0;2.0;0.0;1.0;3.0
8;85.0;2.0;2.0;0.0;0.0;2.0;116.0;1.0;1.0;1.0;0.0;2.0
11;-1.0;-1.0;-1.0;-1.0;-1.0;-1.0;2.0;0.0;1.0;0.0;0.0;1.0
12;141.0;2.0;2.0;1.0;0.0;2.0;210.0;3.0;3.0;4.0;0.0;3.0
13;604.0;5.0;1.0;1.0;2.0;4.0;1021.0;5.0;4.0;4.0;6.0;6.0
14;33.0;1.0;0.0;0.0;0.0;1.0;-1.0;-1.0;-1.0;-1.0;-1.0;-1.0
15;159.0;1.0;5.0;0.0;1.0;3.0;309.0;3.0;4.0;2.0;0.0;5.0
16;-1.0;-1.0;-1.0;-1.0;-1.0;-1.0;4.0;1.0;0.0;0.0;0.0;1.0
17;36.0;1.0;1.0;0.0;0.0;1.0;-1.0;-1.0;-1.0;-1.0;-1.0;-1.0
19;1085.0;5.0;7.0;0.0;0.0;1.0;3068.0;11.0;4.0;0.0;0.0;2.0
20;885.0;11.0;21.0;1.0;3.0;2.0;1079.0;7.0;20.0;1.0;0.0;1.0
21;883.0;21.0;10.0;3.0;1.0;1.0;1079.0;20.0;7.0;0.0;1.0;1.0
22;40.0;1.0;0.0;1.0;0.0;1.0;153.0;1.0;2.0;0.0;1.0;2.0
23;-1.0;-1.0;-1.0;-1.0;-1.0;-1.0;87.0;7.0;1.0;1.0;0.0;2.0
24;81.0;0.0;1.0;1.0;0.0;1.0;199.0;1.0;0.0;0.0;0.0;1.0
25;-1.0;-1.0;-1.0;-1.0;-1.0;-1.0;215.0;2.0;2.0;0.0;0.0;3.0
27;115.0;3.0;3.0;1.0;0.0;2.0;100.0;1.0;1.0;1.0;0.0;2.0
28;-1.0;-1.0;-1.0;-1.0;-1.0;-1.0;259.0;3.0;5.0;0.0;2.0;2.0
31;0.0;0.0;0.0;0.0;1.0;1.0;15.0;0.0;2.0;0.0;0.0;2.0
33;48.0;1.0;0.0;0.0;0.0;1.0;331.0;3.0;5.0;0.0;0.0;2.0
35;-1.0;-1.0;-1.0;-1.0;-1.0;-1.0;2.0;0.0;1.0;0.0;0.0;1.0
36;1515.0;5.0;9.0;1.0;1.0;2.0;4104.0;12.0;11.0;0.0;3.0;4.0
37;1648.0;16.0;6.0;1.0;0.0;3.0;4251.0;22.0;12.0;3.0;0.0;3.0
38;5.0;1.0;0.0;0.0;0.0;1.0;-1.0;-1.0;-1.0;-1.0;-1.0;-1.0
39;989.0;8.0;4.0;0.0;1.0;1.0;4503.0;19.0;13.0;0.0;3.0;2.0
42;100.0;1.0;1.0;0.0;0.0;1.0;-1.0;-1.0;-1.0;-1.0;-1.0;-1.0
43;-1.0;-1.0;-1.0;-1.0;-1.0;-1.0;2.0;1.0;0.0;0.0;0.0;1.0
46;536.0;0.0;8.0;0.0;0.0;1.0;120.0;2.0;3.0;0.0;0.0;2.0
47;2085.0;27.0;11.0;2.0;0.0;2.0;1894.0;10.0;19.0;0.0;1.0;3.0
48;2279.0;9.0;11.0;3.0;1.0;2.0;2146.0;19.0;14.0;6.0;0.0;2.0
49;3808.0;21.0;14.0;1.0;3.0;4.0;2289.0;16.0;25.0;0.0;8.0;5.0
50;159.0;0.0;1.0;0.0;0.0;1.0;-1.0;-1.0;-1.0;-1.0;-1.0;-1.0
51;368.0;2.0;2.0;3.0;0.0;2.0;87.0;1.0;7.0;0.0;0.0;1.0
52;46.0;1.0;2.0;1.0;1.0;3.0;548.0;8.0;4.0;0.0;0.0;10.0
56;150.0;4.0;1.0;0.0;0.0;1.0;-1.0;-1.0;-1.0;-1.0;-1.0;-1.0
57;38.0;0.0;3.0;0.0;0.0;3.0;0.0;0.0;0.0;0.0;1.0;1.0
58;4.0;1.0;0.0;0.0;0.0;1.0;353.0;2.0;3.0;0.0;0.0;3.0
59;233.0;2.0;1.0;0.0;12.0;2.0;-1.0;-1.0;-1.0;-1.0;-1.0;-1.0
62;-1.0;-1.0;-1.0;-1.0;-1.0;-1.0;67.0;1.0;0.0;0.0;0.0;1.0
63;320.0;2.0;2.0;0.0;0.0;1.0;71.0;0.0;2.0;0.0;0.0;1.0
64;77.0;0.0;2.0;0.0;0.0;2.0;3.0;0.0;1.0;0.0;0.0;1.0
65;-1.0;-1.0;-1.0;-1.0;-1.0;-1.0;70.0;0.0;1.0;0.0;0.0;1.0
66;134.0;1.0;1.0;0.0;1.0;1.0;20.0;1.0;0.0;0.0;0.0;1.0
67;850.0;1.0;3.0;0.0;1.0;1.0;14.0;0.0;1.0;0.0;0.0;1.0
68;37.0;1.0;1.0;0.0;0.0;1.0;-1.0;-1.0;-1.0;-1.0;-1.0;-1.0
69;459.0;5.0;10.0;2.0;1.0;5.0;347.0;4.0;3.0;0.0;0.0;3.0
70;-1.0;-1.0;-1.0;-1.0;-1.0;-1.0;130.0;0.0;1.0;0.0;0.0;1.0
71;-1.0;-1.0;-1.0;-1.0;-1.0;-1.0;41.0;1.0;0.0;0.0;0.0;1.0
72;-1.0;-1.0;-1.0;-1.0;-1.0;-1.0;143.0;1.0;0.0;0.0;0.0;1.0
73;-1.0;-1.0;-1.0;-1.0;-1.0;-1.0;143.0;0.0;1.0;0.0;0.0;1.0
74;43.0;5.0;0.0;0.0;0.0;1.0;14.0;1.0;1.0;0.0;0.0;1.0
75;197.0;1.0;0.0;0.0;3.0;1.0;152.0;0.0;2.0;0.0;0.0;1.0
76;-1.0;-1.0;-1.0;-1.0;-1.0;-1.0;48.0;1.0;1.0;0.0;0.0;2.0
79;0.0;0.0;0.0;1.0;0.0;1.0;542.0;3.0;3.0;0.0;0.0;2.0
80;-1.0;-1.0;-1.0;-1.0;-1.0;-1.0;72.0;0.0;1.0;0.0;1.0;1.0
81;0.0;0.0;0.0;1.0;0.0;1.0;36.0;1.0;0.0;0.0;0.0;1.0
82;81.0;1.0;0.0;0.0;1.0;1.0;199.0;0.0;1.0;0.0;0.0;1.0
83;61.0;0.0;1.0;0.0;0.0;1.0;-1.0;-1.0;-1.0;-1.0;-1.0;-1.0
85;1942.0;12.0;3.0;0.0;0.0;3.0;374.0;6.0;1.0;0.0;0.0;2.0
88;140.0;7.0;1.0;0.0;0.0;3.0;373.0;4.0;7.0;1.0;0.0;6.0
89;24.0;1.0;0.0;0.0;0.0;1.0;45.0;0.0;2.0;0.0;0.0;1.0
90;6532.0;23.0;25.0;3.0;0.0;3.0;4391.0;11.0;16.0;0.0;0.0;3.0
91;4591.0;24.0;17.0;0.0;1.0;1.0;1940.0;10.0;9.0;0.0;0.0;2.0
92;188.0;0.0;4.0;1.0;0.0;3.0;200.0;2.0;3.0;1.0;1.0;4.0
93;0.0;0.0;0.0;0.0;2.0;1.0;587.0;2.0;0.0;0.0;0.0;1.0
94;45.0;2.0;0.0;2.0;0.0;1.0;228.0;0.0;1.0;0.0;0.0;1.0
95;366.0;6.0;11.0;0.0;0.0;4.0;1310.0;4.0;10.0;0.0;0.0;4.0
96;482.0;10.0;3.0;0.0;0.0;5.0;459.0;7.0;3.0;1.0;0.0;3.0
97;162.0;1.0;4.0;0.0;0.0;2.0;89.0;2.0;0.0;0.0;0.0;1.0
98;1698.0;6.0;3.0;1.0;1.0;2.0;207.0;1.0;1.0;0.0;0.0;2.0
100;218.0;4.0;2.0;0.0;2.0;4.0;125.0;4.0;2.0;0.0;0.0;5.0
102;2.0;0.0;1.0;0.0;1.0;1.0;420.0;5.0;7.0;0.0;0.0;1.0
104;194.0;5.0;0.0;1.0;0.0;2.0;1679.0;5.0;0.0;1.0;0.0;1.0
105;-1.0;-1.0;-1.0;-1.0;-1.0;-1.0;240.0;3.0;4.0;1.0;0.0;3.0
106;1031.0;5.0;11.0;0.0;1.0;3.0;745.0;4.0;1.0;0.0;1.0;3.0
107;-1.0;-1.0;-1.0;-1.0;-1.0;-1.0;0.0;0.0;0.0;0.0;1.0;1.0
108;184.0;1.0;0.0;0.0;0.0;1.0;437.0;6.0;3.0;0.0;0.0;2.0
109;395.0;2.0;5.0;0.0;0.0;3.0;678.0;13.0;5.0;0.0;1.0;4.0
111;146.0;2.0;2.0;0.0;1.0;2.0;298.0;5.0;0.0;0.0;4.0;2.0
114;22.0;0.0;1.0;0.0;0.0;1.0;-1.0;-1.0;-1.0;-1.0;-1.0;-1.0
115;26.0;0.0;1.0;1.0;0.0;1.0;-1.0;-1.0;-1.0;-1.0;-1.0;-1.0
116;415.0;4.0;11.0;0.0;3.0;2.0;39.0;0.0;1.0;0.0;0.0;1.0
117;0.0;0.0;0.0;0.0;1.0;1.0;532.0;2.0;2.0;0.0;0.0;1.0
118;43.0;0.0;1.0;0.0;0.0;1.0;-1.0;-1.0;-1.0;-1.0;-1.0;-1.0
119;57.0;2.0;2.0;0.0;0.0;2.0;252.0;4.0;1.0;0.0;0.0;2.0
120;128.0;2.0;1.0;0.0;0.0;1.0;72.0;3.0;2.0;0.0;0.0;1.0
121;190.0;3.0;0.0;1.0;0.0;1.0;2290.0;1.0;0.0;0.0;0.0;1.0
122;3.0;0.0;1.0;0.0;0.0;1.0;192.0;1.0;2.0;1.0;0.0;2.0
126;39.0;1.0;2.0;0.0;0.0;1.0;-1.0;-1.0;-1.0;-1.0;-1.0;-1.0
128;0.0;0.0;0.0;2.0;0.0;1.0;199.0;2.0;0.0;0.0;1.0;2.0
129;17.0;1.0;0.0;0.0;0.0;1.0;3.0;1.0;0.0;0.0;2.0;1.0
131;61.0;1.0;0.0;0.0;0.0;1.0;1052.0;1.0;3.0;0.0;0.0;2.0
133;488.0;5.0;6.0;1.0;2.0;4.0;102.0;1.0;0.0;0.0;0.0;1.0
135;-1.0;-1.0;-1.0;-1.0;-1.0;-1.0;2.0;0.0;1.0;1.0;0.0;1.0
136;432.0;1.0;6.0;0.0;0.0;3.0;10298.0;8.0;14.0;0.0;1.0;4.0
137;237.0;4.0;1.0;3.0;0.0;2.0;10248.0;7.0;8.0;3.0;0.0;2.0
139;1841.0;4.0;2.0;0.0;0.0;2.0;275.0;2.0;2.0;0.0;0.0;1.0
140;4.0;2.0;0.0;0.0;0.0;1.0;131.0;5.0;1.0;0.0;0.0;2.0
141;61.0;1.0;0.0;0.0;0.0;1.0;6.0;0.0;1.0;0.0;0.0;1.0
142;-1.0;-1.0;-1.0;-1.0;-1.0;-1.0;2.0;0.0;1.0;0.0;0.0;1.0
143;41.0;3.0;1.0;0.0;0.0;1.0;42.0;0.0;1.0;0.0;0.0;1.0
144;284.0;3.0;2.0;0.0;1.0;2.0;742.0;9.0;7.0;0.0;1.0;2.0
145;3425.0;4.0;2.0;2.0;4.0;1.0;1032.0;1.0;0.0;0.0;0.0;1.0
146;3425.0;2.0;4.0;4.0;2.0;1.0;1206.0;2.0;1.0;0.0;0.0;3.0
147;463.0;7.0;2.0;0.0;0.0;1.0;253.0;6.0;1.0;0.0;0.0;1.0
149;49.0;0.0;2.0;1.0;0.0;2.0;123.0;1.0;2.0;2.0;0.0;1.0
151;28.0;1.0;1.0;0.0;0.0;2.0;-1.0;-1.0;-1.0;-1.0;-1.0;-1.0
152;411.0;11.0;8.0;0.0;1.0;1.0;38.0;2.0;1.0;0.0;0.0;2.0
153;72.0;0.0;2.0;0.0;1.0;1.0;10.0;2.0;0.0;0.0;0.0;1.0
155;-1.0;-1.0;-1.0;-1.0;-1.0;-1.0;3.0;1.0;0.0;0.0;0.0;1.0
157;116.0;4.0;0.0;0.0;0.0;2.0;-1.0;-1.0;-1.0;-1.0;-1.0;-1.0
158;575.0;2.0;5.0;0.0;2.0;3.0;561.0;4.0;2.0;0.0;0.0;2.0
159;-1.0;-1.0;-1.0;-1.0;-1.0;-1.0;371.0;0.0;1.0;0.0;0.0;1.0
161;60.0;0.0;1.0;0.0;0.0;1.0;-1.0;-1.0;-1.0;-1.0;-1.0;-1.0
163;25.0;0.0;1.0;0.0;0.0;1.0;-1.0;-1.0;-1.0;-1.0;-1.0;-1.0
164;11.0;1.0;0.0;0.0;0.0;1.0;-1.0;-1.0;-1.0;-1.0;-1.0;-1.0
165;18.0;0.0;1.0;0.0;0.0;1.0;47.0;1.0;1.0;0.0;0.0;1.0
166;371.0;4.0;6.0;0.0;0.0;2.0;549.0;3.0;7.0;0.0;0.0;3.0
167;-1.0;-1.0;-1.0;-1.0;-1.0;-1.0;26.0;1.0;3.0;2.0;1.0;1.0
169;218.0;4.0;2.0;2.0;1.0;2.0;785.0;6.0;0.0;0.0;1.0;1.0
171;329.0;4.0;1.0;0.0;0.0;2.0;19.0;1.0;0.0;0.0;0.0;1.0
172;982.0;4.0;7.0;0.0;0.0;2.0;1698.0;2.0;5.0;0.0;0.0;3.0
173;600.0;4.0;4.0;0.0;1.0;3.0;799.0;2.0;6.0;0.0;0.0;4.0
174;339.0;0.0;3.0;0.0;0.0;2.0;20.0;1.0;0.0;0.0;0.0;1.0
175;54.0;2.0;1.0;0.0;0.0;1.0;126.0;0.0;3.0;0.0;1.0;2.0
176;376.0;3.0;3.0;0.0;0.0;2.0;1743.0;6.0;9.0;0.0;0.0;4.0
177;21.0;1.0;0.0;0.0;0.0;1.0;13.0;1.0;0.0;0.0;0.0;1.0
178;87.0;2.0;2.0;2.0;0.0;3.0;527.0;0.0;2.0;0.0;0.0;2.0
179;258.0;3.0;3.0;1.0;2.0;4.0;19.0;1.0;0.0;0.0;0.0;1.0
180;98.0;0.0;3.0;0.0;0.0;1.0;352.0;0.0;5.0;0.0;0.0;3.0
183;7.0;1.0;2.0;0.0;0.0;2.0;-1.0;-1.0;-1.0;-1.0;-1.0;-1.0
185;645.0;9.0;11.0;1.0;0.0;3.0;59.0;1.0;1.0;0.0;0.0;2.0
186;99.0;1.0;1.0;0.0;1.0;1.0;45.0;1.0;2.0;0.0;0.0;2.0
188;53.0;0.0;1.0;0.0;0.0;1.0;17.0;0.0;1.0;0.0;0.0;1.0
190;402.0;7.0;4.0;0.0;1.0;5.0;131.0;3.0;3.0;1.0;1.0;5.0
191;-1.0;-1.0;-1.0;-1.0;-1.0;-1.0;23.0;0.0;1.0;0.0;0.0;1.0
192;41.0;0.0;1.0;0.0;0.0;1.0;-1.0;-1.0;-1.0;-1.0;-1.0;-1.0
193;63.0;0.0;2.0;0.0;1.0;2.0;-1.0;-1.0;-1.0;-1.0;-1.0;-1.0
194;70.0;2.0;0.0;0.0;0.0;1.0;39.0;0.0;1.0;0.0;0.0;1.0
195;70.0;0.0;2.0;0.0;0.0;1.0;-1.0;-1.0;-1.0;-1.0;-1.0;-1.0
197;191.0;1.0;2.0;0.0;0.0;1.0;306.0;3.0;2.0;0.0;0.0;1.0
199;28.0;0.0;1.0;0.0;0.0;1.0;-1.0;-1.0;-1.0;-1.0;-1.0;-1.0
200;100.0;0.0;1.0;0.0;0.0;1.0;4.0;2.0;0.0;0.0;1.0;1.0
201;-1.0;-1.0;-1.0;-1.0;-1.0;-1.0;10.0;1.0;1.0;0.0;0.0;1.0
202;239.0;2.0;3.0;0.0;1.0;1.0;61.0;2.0;0.0;0.0;0.0;1.0
203;41.0;1.0;0.0;0.0;0.0;1.0;-1.0;-1.0;-1.0;-1.0;-1.0;-1.0
204;54.0;1.0;0.0;0.0;0.0;1.0;48.0;0.0;1.0;0.0;0.0;1.0
206;295.0;1.0;5.0;1.0;0.0;1.0;-1.0;-1.0;-1.0;-1.0;-1.0;-1.0
207;253.0;9.0;5.0;0.0;3.0;3.0;269.0;7.0;4.0;0.0;1.0;3.0
208;710.0;4.0;9.0;0.0;2.0;5.0;557.0;3.0;14.0;0.0;0.0;5.0
210;574.0;2.0;14.0;0.0;1.0;3.0;38.0;1.0;0.0;0.0;0.0;1.0
211;-1.0;-1.0;-1.0;-1.0;-1.0;-1.0;9.0;1.0;0.0;0.0;0.0;1.0
212;90.0;1.0;2.0;0.0;0.0;1.0;47.0;1.0;1.0;0.0;0.0;1.0
214;157.0;4.0;1.0;0.0;0.0;1.0;-1.0;-1.0;-1.0;-1.0;-1.0;-1.0
215;17.0;0.0;1.0;0.0;0.0;1.0;-1.0;-1.0;-1.0;-1.0;-1.0;-1.0
217;-1.0;-1.0;-1.0;-1.0;-1.0;-1.0;74.0;1.0;2.0;0.0;0.0;3.0
218;1031.0;2.0;3.0;0.0;1.0;1.0;338.0;3.0;3.0;0.0;0.0;2.0
220;365.0;5.0;1.0;0.0;1.0;5.0;111.0;1.0;1.0;0.0;0.0;1.0
221;649.0;10.0;11.0;1.0;1.0;5.0;1565.0;25.0;4.0;17.0;1.0;17.0
222;250.0;3.0;1.0;0.0;0.0;1.0;88.0;1.0;0.0;0.0;0.0;1.0
224;-1.0;-1.0;-1.0;-1.0;-1.0;-1.0;30.0;0.0;2.0;0.0;0.0;1.0
225;1546.0;11.0;3.0;1.0;1.0;5.0;813.0;4.0;9.0;1.0;1.0;3.0
227;102.0;1.0;1.0;0.0;0.0;2.0;-1.0;-1.0;-1.0;-1.0;-1.0;-1.0
228;29.0;0.0;1.0;0.0;0.0;1.0;-1.0;-1.0;-1.0;-1.0;-1.0;-1.0
235;181.0;2.0;2.0;0.0;0.0;2.0;454.0;3.0;2.0;0.0;3.0;2.0
236;7.0;1.0;0.0;0.0;1.0;2.0;-1.0;-1.0;-1.0;-1.0;-1.0;-1.0
237;262.0;0.0;5.0;0.0;0.0;2.0;351.0;3.0;6.0;0.0;0.0;1.0
239;17.0;1.0;0.0;0.0;0.0;1.0;-1.0;-1.0;-1.0;-1.0;-1.0;-1.0
240;25.0;1.0;0.0;0.0;0.0;1.0;-1.0;-1.0;-1.0;-1.0;-1.0;-1.0
242;48.0;0.0;1.0;0.0;0.0;1.0;158.0;3.0;2.0;0.0;0.0;1.0
243;1218.0;6.0;2.0;0.0;2.0;3.0;14.0;2.0;0.0;0.0;0.0;2.0
244;93.0;2.0;1.0;0.0;1.0;2.0;95.0;2.0;0.0;0.0;0.0;2.0
246;53.0;1.0;0.0;0.0;0.0;1.0;-1.0;-1.0;-1.0;-1.0;-1.0;-1.0
248;46.0;0.0;1.0;0.0;0.0;1.0;5.0;0.0;1.0;0.0;0.0;1.0
250;198.0;4.0;2.0;0.0;0.0;1.0;84.0;6.0;3.0;0.0;0.0;2.0
252;338.0;2.0;1.0;0.0;0.0;2.0;28.0;1.0;0.0;0.0;1.0;1.0
253;55.0;0.0;1.0;0.0;0.0;1.0;-1.0;-1.0;-1.0;-1.0;-1.0;-1.0
254;196.0;9.0;4.0;1.0;0.0;4.0;54.0;6.0;4.0;0.0;1.0;3.0
256;-1.0;-1.0;-1.0;-1.0;-1.0;-1.0;190.0;3.0;1.0;2.0;0.0;3.0
257;466.0;1.0;9.0;0.0;0.0;2.0;259.0;0.0;6.0;0.0;0.0;1.0
258;317.0;4.0;0.0;1.0;0.0;1.0;188.0;0.0;4.0;1.0;2.0;1.0
259;2.0;1.0;0.0;0.0;0.0;1.0;30.0;0.0;1.0;0.0;0.0;1.0
260;90.0;1.0;1.0;0.0;0.0;1.0;558.0;2.0;5.0;1.0;0.0;1.0
261;5.0;0.0;1.0;0.0;0.0;1.0;-1.0;-1.0;-1.0;-1.0;-1.0;-1.0
262;169.0;6.0;0.0;0.0;1.0;2.0;498.0;6.0;1.0;0.0;0.0;6.0
263;1347.0;19.0;5.0;0.0;3.0;10.0;603.0;11.0;1.0;0.0;0.0;9.0
265;99.0;0.0;2.0;0.0;0.0;1.0;75.0;0.0;2.0;0.0;1.0;2.0
266;934.0;6.0;11.0;0.0;0.0;3.0;626.0;4.0;7.0;1.0;1.0;3.0
267;610.0;8.0;3.0;0.0;0.0;2.0;649.0;5.0;4.0;0.0;0.0;3.0
268;1080.0;8.0;8.0;0.0;1.0;5.0;1999.0;10.0;12.0;0.0;0.0;4.0
269;771.0;4.0;6.0;0.0;2.0;4.0;220.0;3.0;1.0;0.0;0.0;1.0
271;63.0;1.0;1.0;0.0;0.0;1.0;73.0;1.0;0.0;0.0;0.0;1.0
272;353.0;6.0;3.0;0.0;0.0;1.0;435.0;6.0;2.0;0.0;0.0;2.0
273;142.0;4.0;4.0;1.0;0.0;2.0;307.0;2.0;1.0;0.0;0.0;2.0
274;0.0;0.0;0.0;1.0;0.0;1.0;144.0;3.0;2.0;0.0;0.0;3.0
278;405.0;11.0;7.0;1.0;0.0;2.0;248.0;13.0;9.0;1.0;0.0;3.0
279;228.0;2.0;1.0;0.0;0.0;1.0;2350.0;1.0;2.0;0.0;0.0;1.0
280;95.0;1.0;2.0;0.0;0.0;2.0;1207.0;5.0;4.0;0.0;0.0;4.0
282;31.0;2.0;3.0;0.0;0.0;1.0;-1.0;-1.0;-1.0;-1.0;-1.0;-1.0
283;463.0;1.0;2.0;2.0;0.0;3.0;47.0;0.0;2.0;1.0;0.0;2.0
285;-1.0;-1.0;-1.0;-1.0;-1.0;-1.0;31.0;0.0;2.0;0.0;0.0;1.0
288;426.0;0.0;11.0;1.0;4.0;3.0;4062.0;4.0;7.0;2.0;2.0;5.0
289;3771.0;54.0;26.0;0.0;1.0;2.0;2769.0;28.0;14.0;0.0;0.0;2.0
290;76.0;1.0;0.0;0.0;0.0;1.0;-1.0;-1.0;-1.0;-1.0;-1.0;-1.0
291;-1.0;-1.0;-1.0;-1.0;-1.0;-1.0;19.0;0.0;1.0;1.0;0.0;2.0
292;28.0;1.0;0.0;0.0;0.0;1.0;-1.0;-1.0;-1.0;-1.0;-1.0;-1.0
294;76.0;1.0;2.0;0.0;1.0;2.0;-1.0;-1.0;-1.0;-1.0;-1.0;-1.0
295;35.0;0.0;1.0;0.0;0.0;1.0;50.0;0.0;2.0;0.0;0.0;2.0
297;270.0;8.0;6.0;0.0;0.0;2.0;155.0;4.0;1.0;0.0;0.0;1.0
299;287.0;5.0;1.0;0.0;1.0;2.0;1029.0;7.0;5.0;0.0;0.0;3.0
300;716.0;9.0;10.0;0.0;0.0;3.0;1493.0;18.0;5.0;0.0;0.0;2.0
301;924.0;16.0;15.0;2.0;0.0;4.0;1892.0;6.0;28.0;0.0;0.0;2.0
304;77.0;2.0;2.0;0.0;0.0;4.0;-1.0;-1.0;-1.0;-1.0;-1.0;-1.0
306;-1.0;-1.0;-1.0;-1.0;-1.0;-1.0;636.0;0.0;1.0;0.0;1.0;1.0
308;516.0;4.0;2.0;0.0;0.0;2.0;252.0;0.0;3.0;0.0;0.0;2.0
310;62.0;1.0;5.0;0.0;0.0;2.0;56.0;1.0;0.0;0.0;0.0;1.0
311;0.0;0.0;0.0;0.0;1.0;1.0;54.0;1.0;0.0;0.0;0.0;1.0
314;128.0;1.0;2.0;0.0;0.0;1.0;283.0;4.0;6.0;0.0;0.0;2.0
317;-1.0;-1.0;-1.0;-1.0;-1.0;-1.0;94.0;0.0;1.0;0.0;0.0;1.0
321;919.0;2.0;1.0;0.0;0.0;1.0;920.0;2.0;1.0;1.0;0.0;1.0
322;919.0;1.0;2.0;0.0;0.0;1.0;920.0;1.0;2.0;0.0;1.0;1.0
323;-1.0;-1.0;-1.0;-1.0;-1.0;-1.0;7.0;2.0;0.0;0.0;0.0;1.0
324;410.0;4.0;2.0;1.0;0.0;2.0;230.0;2.0;11.0;0.0;8.0;5.0
325;82.0;2.0;2.0;0.0;0.0;2.0;211.0;1.0;0.0;0.0;0.0;1.0
326;0.0;0.0;0.0;1.0;0.0;1.0;54.0;0.0;1.0;0.0;0.0;1.0
327;-1.0;-1.0;-1.0;-1.0;-1.0;-1.0;54.0;2.0;0.0;0.0;1.0;1.0
328;0.0;0.0;0.0;0.0;1.0;1.0;-1.0;-1.0;-1.0;-1.0;-1.0;-1.0
330;52.0;2.0;1.0;0.0;2.0;2.0;-1.0;-1.0;-1.0;-1.0;-1.0;-1.0
331;490.0;8.0;3.0;0.0;0.0;2.0;313.0;8.0;1.0;0.0;0.0;2.0
333;23.0;1.0;0.0;0.0;0.0;1.0;89.0;0.0;2.0;0.0;0.0;1.0
334;31.0;1.0;3.0;0.0;0.0;1.0;-1.0;-1.0;-1.0;-1.0;-1.0;-1.0
335;405.0;7.0;11.0;0.0;0.0;1.0;225.0;8.0;11.0;0.0;1.0;1.0
337;702.0;1.0;3.0;0.0;1.0;1.0;421.0;5.0;2.0;1.0;1.0;1.0
339;175.0;3.0;5.0;1.0;0.0;3.0;20.0;0.0;1.0;0.0;0.0;1.0
340;1.0;0.0;1.0;0.0;0.0;1.0;147.0;0.0;2.0;0.0;0.0;1.0
341;117.0;1.0;3.0;0.0;0.0;2.0;69.0;3.0;0.0;0.0;0.0;2.0
342;600.0;2.0;7.0;0.0;1.0;5.0;91.0;1.0;2.0;0.0;0.0;3.0
343;121.0;0.0;5.0;1.0;0.0;1.0;-1.0;-1.0;-1.0;-1.0;-1.0;-1.0
344;304.0;1.0;6.0;0.0;2.0;3.0;82.0;1.0;3.0;0.0;2.0;3.0
345;3.0;1.0;0.0;0.0;0.0;1.0;-1.0;-1.0;-1.0;-1.0;-1.0;-1.0
346;-1.0;-1.0;-1.0;-1.0;-1.0;-1.0;246.0;1.0;0.0;0.0;0.0;1.0
348;30.0;0.0;1.0;0.0;0.0;1.0;65.0;0.0;1.0;0.0;0.0;1.0
350;-1.0;-1.0;-1.0;-1.0;-1.0;-1.0;3.0;0.0;1.0;0.0;0.0;1.0
351;29.0;1.0;0.0;0.0;0.0;1.0;915.0;9.0;4.0;2.0;1.0;4.0
352;53.0;0.0;2.0;0.0;0.0;1.0;-1.0;-1.0;-1.0;-1.0;-1.0;-1.0
354;342.0;8.0;8.0;0.0;2.0;1.0;1057.0;10.0;1.0;0.0;4.0;1.0
355;-1.0;-1.0;-1.0;-1.0;-1.0;-1.0;58.0;1.0;0.0;0.0;0.0;1.0
356;650.0;16.0;4.0;1.0;2.0;3.0;21.0;0.0;1.0;0.0;0.0;1.0
357;1162.0;0.0;12.0;0.0;0.0;3.0;80.0;1.0;2.0;1.0;0.0;2.0
358;1918.0;1.0;5.0;0.0;3.0;2.0;2420.0;8.0;1.0;0.0;1.0;2.0
359;347.0;3.0;4.0;0.0;1.0;2.0;69.0;1.0;2.0;0.0;0.0;1.0
360;35.0;0.0;1.0;1.0;0.0;1.0;331.0;4.0;5.0;0.0;0.0;2.0
363;157.0;0.0;2.0;0.0;0.0;2.0;-1.0;-1.0;-1.0;-1.0;-1.0;-1.0
364;2.0;1.0;0.0;1.0;0.0;1.0;556.0;9.0;7.0;0.0;0.0;4.0
367;53.0;0.0;1.0;0.0;0.0;1.0;-1.0;-1.0;-1.0;-1.0;-1.0;-1.0
371;188.0;3.0;1.0;0.0;0.0;4.0;98.0;0.0;1.0;0.0;0.0;1.0
372;439.0;2.0;4.0;0.0;0.0;2.0;95.0;1.0;3.0;0.0;0.0;3.0
373;278.0;0.0;5.0;0.0;0.0;2.0;150.0;0.0;3.0;0.0;0.0;2.0
374;492.0;6.0;10.0;0.0;0.0;4.0;191.0;1.0;5.0;0.0;0.0;2.0
376;22.0;1.0;0.0;0.0;0.0;1.0;-1.0;-1.0;-1.0;-1.0;-1.0;-1.0
378;48.0;0.0;6.0;2.0;1.0;3.0;244.0;7.0;4.0;6.0;0.0;3.0
379;141.0;5.0;2.0;0.0;1.0;2.0;46.0;2.0;2.0;0.0;0.0;1.0
380;-1.0;-1.0;-1.0;-1.0;-1.0;-1.0;776.0;1.0;0.0;0.0;0.0;1.0
381;28.0;1.0;1.0;0.0;0.0;2.0;375.0;2.0;0.0;0.0;8.0;1.0
382;1031.0;3.0;2.0;1.0;0.0;1.0;300.0;2.0;3.0;0.0;0.0;1.0
383;197.0;0.0;3.0;3.0;0.0;2.0;58.0;1.0;2.0;0.0;0.0;1.0
386;207.0;2.0;1.0;1.0;0.0;2.0;115.0;0.0;3.0;0.0;1.0;2.0
388;204.0;8.0;0.0;0.0;0.0;3.0;-1.0;-1.0;-1.0;-1.0;-1.0;-1.0
390;488.0;3.0;3.0;0.0;1.0;1.0;140.0;0.0;3.0;0.0;0.0;1.0
391;-1.0;-1.0;-1.0;-1.0;-1.0;-1.0;598.0;1.0;1.0;0.0;0.0;1.0
392;-1.0;-1.0;-1.0;-1.0;-1.0;-1.0;7.0;0.0;2.0;0.0;0.0;1.0
394;388.0;8.0;3.0;0.0;1.0;3.0;-1.0;-1.0;-1.0;-1.0;-1.0;-1.0
395;6.0;1.0;0.0;0.0;0.0;1.0;68.0;0.0;1.0;0.0;1.0;2.0
396;19.0;1.0;1.0;0.0;0.0;2.0;-1.0;-1.0;-1.0;-1.0;-1.0;-1.0
397;147.0;5.0;2.0;0.0;0.0;2.0;237.0;1.0;3.0;0.0;0.0;3.0
399;0.0;0.0;0.0;2.0;0.0;1.0;-1.0;-1.0;-1.0;-1.0;-1.0;-1.0
401;786.0;4.0;5.0;1.0;0.0;4.0;1896.0;10.0;19.0;5.0;1.0;10.0
402;112.0;3.0;4.0;0.0;2.0;1.0;11.0;1.0;0.0;0.0;0.0;1.0
403;247.0;2.0;6.0;0.0;0.0;2.0;33.0;1.0;2.0;0.0;0.0;2.0
405;1241.0;22.0;31.0;3.0;1.0;4.0;915.0;11.0;10.0;1.0;0.0;4.0
406;83.0;0.0;4.0;0.0;0.0;2.0;211.0;1.0;1.0;0.0;0.0;1.0
412;-1.0;-1.0;-1.0;-1.0;-1.0;-1.0;23.0;0.0;1.0;0.0;0.0;1.0
413;657.0;0.0;5.0;0.0;0.0;2.0;30.0;2.0;0.0;0.0;0.0;2.0
415;120.0;2.0;2.0;0.0;0.0;3.0;-1.0;-1.0;-1.0;-1.0;-1.0;-1.0
416;18.0;0.0;1.0;0.0;0.0;1.0;51.0;0.0;1.0;0.0;0.0;1.0
418;85.0;0.0;2.0;0.0;0.0;2.0;38.0;0.0;1.0;0.0;0.0;1.0
419;819.0;8.0;8.0;2.0;4.0;1.0;85.0;1.0;1.0;0.0;2.0;2.0
420;7940.0;13.0;21.0;4.0;0.0;2.0;2736.0;7.0;5.0;4.0;0.0;2.0
421;179.0;2.0;3.0;0.0;0.0;2.0;-1.0;-1.0;-1.0;-1.0;-1.0;-1.0
422;-1.0;-1.0;-1.0;-1.0;-1.0;-1.0;155.0;2.0;3.0;0.0;0.0;2.0
423;-1.0;-1.0;-1.0;-1.0;-1.0;-1.0;46.0;4.0;1.0;1.0;2.0;2.0
424;1386.0;21.0;6.0;0.0;3.0;4.0;2030.0;13.0;9.0;1.0;6.0;4.0
427;54.0;1.0;2.0;0.0;0.0;1.0;211.0;0.0;1.0;0.0;0.0;1.0
428;295.0;5.0;1.0;0.0;1.0;1.0;-1.0;-1.0;-1.0;-1.0;-1.0;-1.0
430;157.0;1.0;4.0;0.0;0.0;1.0;-1.0;-1.0;-1.0;-1.0;-1.0;-1.0
435;78.0;4.0;0.0;0.0;0.0;1.0;-1.0;-1.0;-1.0;-1.0;-1.0;-1.0
436;94.0;3.0;2.0;1.0;0.0;3.0;5865.0;5.0;3.0;1.0;0.0;1.0
438;206.0;0.0;2.0;0.0;0.0;1.0;-1.0;-1.0;-1.0;-1.0;-1.0;-1.0
440;-1.0;-1.0;-1.0;-1.0;-1.0;-1.0;84.0;1.0;2.0;0.0;0.0;1.0
441;252.0;1.0;1.0;0.0;3.0;3.0;346.0;2.0;4.0;1.0;1.0;3.0
442;2.0;0.0;1.0;0.0;0.0;1.0;-1.0;-1.0;-1.0;-1.0;-1.0;-1.0
444;226.0;6.0;4.0;2.0;0.0;2.0;2480.0;1.0;5.0;0.0;0.0;3.0
445;28.0;1.0;0.0;0.0;0.0;1.0;127.0;2.0;0.0;0.0;0.0;1.0
446;2532.0;4.0;7.0;1.0;0.0;2.0;357.0;0.0;7.0;1.0;0.0;2.0
448;402.0;5.0;2.0;1.0;0.0;4.0;123.0;2.0;1.0;0.0;2.0;1.0
449;1549.0;11.0;19.0;0.0;2.0;1.0;676.0;13.0;8.0;1.0;0.0;2.0
453;125.0;0.0;2.0;0.0;0.0;1.0;-1.0;-1.0;-1.0;-1.0;-1.0;-1.0
454;0.0;0.0;0.0;0.0;3.0;1.0;516.0;1.0;1.0;0.0;2.0;2.0
455;31.0;3.0;2.0;0.0;0.0;1.0;10.0;2.0;1.0;2.0;0.0;2.0
457;14.0;1.0;0.0;0.0;0.0;1.0;300.0;2.0;14.0;1.0;1.0;3.0
459;90.0;1.0;1.0;0.0;0.0;1.0;640.0;5.0;4.0;0.0;1.0;3.0
461;0.0;0.0;0.0;1.0;0.0;1.0;179.0;2.0;0.0;0.0;0.0;2.0
464;72.0;1.0;0.0;0.0;0.0;1.0;-1.0;-1.0;-1.0;-1.0;-1.0;-1.0
465;405.0;2.0;10.0;0.0;0.0;1.0;317.0;5.0;13.0;0.0;1.0;2.0
466;601.0;8.0;3.0;0.0;0.0;4.0;32.0;3.0;0.0;0.0;0.0;3.0
467;15.0;1.0;0.0;0.0;0.0;1.0;-1.0;-1.0;-1.0;-1.0;-1.0;-1.0
468;85.0;5.0;1.0;0.0;2.0;2.0;-1.0;-1.0;-1.0;-1.0;-1.0;-1.0
469;0.0;0.0;0.0;0.0;2.0;1.0;-1.0;-1.0;-1.0;-1.0;-1.0;-1.0
470;920.0;4.0;28.0;1.0;1.0;5.0;766.0;1.0;8.0;0.0;0.0;2.0
471;287.0;2.0;4.0;0.0;0.0;2.0;88.0;0.0;1.0;0.0;0.0;1.0
472;246.0;4.0;5.0;1.0;0.0;4.0;125.0;3.0;2.0;0.0;1.0;5.0
473;189.0;0.0;2.0;0.0;0.0;1.0;156.0;0.0;3.0;0.0;1.0;1.0
474;1025.0;8.0;4.0;0.0;3.0;4.0;507.0;7.0;3.0;0.0;4.0;3.0
476;0.0;0.0;0.0;0.0;2.0;1.0;0.0;0.0;0.0;0.0;7.0;2.0
478;35.0;1.0;1.0;1.0;0.0;1.0;-1.0;-1.0;-1.0;-1.0;-1.0;-1.0
479;39.0;0.0;4.0;1.0;0.0;1.0;-1.0;-1.0;-1.0;-1.0;-1.0;-1.0
480;624.0;4.0;1.0;0.0;0.0;2.0;3582.0;6.0;2.0;0.0;0.0;1.0
481;9.0;0.0;1.0;2.0;0.0;2.0;587.0;0.0;2.0;0.0;0.0;1.0
482;-1.0;-1.0;-1.0;-1.0;-1.0;-1.0;2293.0;4.0;0.0;0.0;0.0;1.0
483;-1.0;-1.0;-1.0;-1.0;-1.0;-1.0;133.0;0.0;1.0;0.0;0.0;1.0
485;513.0;9.0;5.0;0.0;1.0;10.0;363.0;5.0;1.0;0.0;1.0;4.0
486;-1.0;-1.0;-1.0;-1.0;-1.0;-1.0;0.0;0.0;0.0;0.0;2.0;1.0
489;-1.0;-1.0;-1.0;-1.0;-1.0;-1.0;170.0;0.0;2.0;0.0;0.0;1.0
490;36.0;1.0;1.0;0.0;0.0;1.0;2.0;1.0;0.0;0.0;0.0;1.0
491;425.0;7.0;2.0;0.0;0.0;2.0;599.0;15.0;4.0;0.0;0.0;4.0
492;850.0;10.0;10.0;1.0;1.0;3.0;1104.0;5.0;8.0;1.0;0.0;4.0
494;34.0;1.0;0.0;0.0;0.0;1.0;0.0;0.0;0.0;1.0;0.0;1.0
495;6928.0;18.0;13.0;1.0;5.0;2.0;2865.0;5.0;7.0;0.0;4.0;2.0
499;140.0;0.0;3.0;0.0;0.0;1.0;651.0;6.0;3.0;1.0;0.0;3.0
500;-1.0;-1.0;-1.0;-1.0;-1.0;-1.0;46.0;2.0;1.0;0.0;0.0;2.0
502;134.0;1.0;1.0;1.0;0.0;1.0;20.0;0.0;1.0;0.0;0.0;1.0
503;525.0;0.0;3.0;1.0;0.0;2.0;60.0;3.0;0.0;2.0;1.0;2.0
504;93.0;2.0;1.0;0.0;0.0;1.0;24.0;0.0;1.0;0.0;0.0;1.0
505;98.0;3.0;4.0;0.0;0.0;1.0;333.0;0.0;2.0;0.0;0.0;2.0
506;275.0;1.0;9.0;0.0;0.0;2.0;-1.0;-1.0;-1.0;-1.0;-1.0;-1.0
507;374.0;7.0;8.0;0.0;0.0;2.0;253.0;4.0;2.0;0.0;0.0;1.0
508;-1.0;-1.0;-1.0;-1.0;-1.0;-1.0;30.0;0.0;2.0;0.0;0.0;1.0
510;35.0;1.0;1.0;0.0;2.0;2.0;16.0;0.0;1.0;0.0;0.0;1.0
512;86.0;0.0;4.0;0.0;1.0;2.0;974.0;7.0;0.0;0.0;0.0;3.0
513;-1.0;-1.0;-1.0;-1.0;-1.0;-1.0;73.0;1.0;1.0;0.0;0.0;2.0
514;-1.0;-1.0;-1.0;-1.0;-1.0;-1.0;15.0;1.0;1.0;0.0;0.0;1.0
517;244.0;1.0;1.0;0.0;0.0;1.0;-1.0;-1.0;-1.0;-1.0;-1.0;-1.0
519;-1.0;-1.0;-1.0;-1.0;-1.0;-1.0;43.0;1.0;0.0;0.0;0.0;1.0
521;614.0;5.0;2.0;1.0;0.0;2.0;1546.0;8.0;11.0;1.0;0.0;2.0
522;7.0;0.0;2.0;0.0;0.0;2.0;6322.0;5.0;5.0;0.0;1.0;3.0
524;5.0;1.0;0.0;0.0;0.0;1.0;88.0;0.0;2.0;0.0;1.0;2.0
526;0.0;0.0;0.0;0.0;1.0;1.0;-1.0;-1.0;-1.0;-1.0;-1.0;-1.0
527;109.0;3.0;0.0;1.0;0.0;1.0;271.0;6.0;3.0;0.0;0.0;2.0
528;17.0;0.0;1.0;0.0;0.0;1.0;-1.0;-1.0;-1.0;-1.0;-1.0;-1.0
531;200.0;3.0;4.0;0.0;0.0;2.0;75.0;3.0;4.0;0.0;1.0;2.0
532;86.0;0.0;1.0;0.0;0.0;1.0;-1.0;-1.0;-1.0;-1.0;-1.0;-1.0
533;0.0;0.0;0.0;0.0;1.0;1.0;-1.0;-1.0;-1.0;-1.0;-1.0;-1.0
534;-1.0;-1.0;-1.0;-1.0;-1.0;-1.0;220.0;4.0;3.0;0.0;0.0;1.0
535;20.0;1.0;0.0;0.0;0.0;1.0;-1.0;-1.0;-1.0;-1.0;-1.0;-1.0
537;89.0;4.0;3.0;0.0;0.0;2.0;11.0;1.0;0.0;0.0;0.0;1.0
538;-1.0;-1.0;-1.0;-1.0;-1.0;-1.0;58.0;0.0;1.0;0.0;0.0;1.0
539;0.0;0.0;0.0;1.0;0.0;1.0;-1.0;-1.0;-1.0;-1.0;-1.0;-1.0
540;-1.0;-1.0;-1.0;-1.0;-1.0;-1.0;322.0;1.0;1.0;2.0;0.0;2.0
541;53.0;1.0;0.0;0.0;0.0;1.0;147.0;2.0;1.0;0.0;0.0;2.0
542;109.0;1.0;3.0;0.0;0.0;1.0;-1.0;-1.0;-1.0;-1.0;-1.0;-1.0
543;107.0;2.0;2.0;2.0;0.0;2.0;-1.0;-1.0;-1.0;-1.0;-1.0;-1.0
545;34.0;1.0;0.0;0.0;0.0;1.0;-1.0;-1.0;-1.0;-1.0;-1.0;-1.0
546;1803.0;2.0;3.0;0.0;0.0;1.0;275.0;2.0;2.0;0.0;0.0;1.0
547;80.0;0.0;2.0;0.0;0.0;2.0;-1.0;-1.0;-1.0;-1.0;-1.0;-1.0
548;-1.0;-1.0;-1.0;-1.0;-1.0;-1.0;9.0;0.0;2.0;1.0;0.0;2.0
549;249.0;2.0;5.0;0.0;0.0;2.0;80.0;0.0;2.0;0.0;0.0;1.0
550;-1.0;-1.0;-1.0;-1.0;-1.0;-1.0;72.0;0.0;1.0;0.0;0.0;1.0
551;91.0;2.0;1.0;0.0;0.0;3.0;289.0;7.0;3.0;0.0;0.0;3.0
552;-1.0;-1.0;-1.0;-1.0;-1.0;-1.0;54.0;0.0;2.0;0.0;0.0;1.0
553;-1.0;-1.0;-1.0;-1.0;-1.0;-1.0;0.0;0.0;0.0;0.0;2.0;1.0
554;267.0;2.0;2.0;0.0;2.0;1.0;-1.0;-1.0;-1.0;-1.0;-1.0;-1.0
556;473.0;0.0;1.0;0.0;0.0;1.0;3792.0;2.0;8.0;0.0;0.0;2.0
557;873.0;9.0;10.0;4.0;2.0;2.0;37.0;1.0;0.0;1.0;0.0;1.0
559;125.0;2.0;0.0;0.0;0.0;1.0;112.0;1.0;1.0;0.0;0.0;2.0
560;876.0;10.0;13.0;1.0;3.0;5.0;1122.0;14.0;14.0;1.0;1.0;4.0
561;1080.0;7.0;6.0;1.0;1.0;3.0;2195.0;13.0;4.0;6.0;1.0;3.0
564;-1.0;-1.0;-1.0;-1.0;-1.0;-1.0;16.0;1.0;1.0;1.0;0.0;1.0
567;247.0;4.0;1.0;0.0;1.0;2.0;258.0;6.0;3.0;2.0;1.0;3.0
569;405.0;10.0;2.0;0.0;0.0;1.0;276.0;13.0;4.0;1.0;0.0;1.0
571;-1.0;-1.0;-1.0;-1.0;-1.0;-1.0;210.0;2.0;0.0;0.0;0.0;1.0
572;987.0;8.0;9.0;0.0;0.0;4.0;570.0;3.0;2.0;0.0;0.0;4.0
574;561.0;0.0;3.0;0.0;0.0;1.0;-1.0;-1.0;-1.0;-1.0;-1.0;-1.0
575;186.0;2.0;0.0;12.0;0.0;2.0;-1.0;-1.0;-1.0;-1.0;-1.0;-1.0
578;4177.0;31.0;55.0;1.0;0.0;4.0;4369.0;23.0;32.0;0.0;0.0;3.0
580;130.0;0.0;1.0;0.0;0.0;1.0;190.0;4.0;1.0;0.0;1.0;2.0
582;137.0;2.0;5.0;0.0;0.0;2.0;-1.0;-1.0;-1.0;-1.0;-1.0;-1.0
583;7.0;0.0;3.0;0.0;1.0;2.0;966.0;2.0;2.0;0.0;2.0;1.0
584;113.0;5.0;3.0;0.0;0.0;3.0;66.0;3.0;2.0;0.0;0.0;2.0
585;85.0;1.0;3.0;0.0;1.0;1.0;-1.0;-1.0;-1.0;-1.0;-1.0;-1.0
586;99.0;2.0;3.0;0.0;1.0;2.0;435.0;3.0;3.0;0.0;1.0;2.0
588;-1.0;-1.0;-1.0;-1.0;-1.0;-1.0;41.0;1.0;0.0;0.0;0.0;1.0
589;6.0;0.0;1.0;0.0;0.0;1.0;68.0;1.0;1.0;0.0;0.0;2.0
592;31.0;1.0;0.0;0.0;0.0;1.0;68.0;0.0;1.0;0.0;0.0;1.0
593;-1.0;-1.0;-1.0;-1.0;-1.0;-1.0;41.0;0.0;1.0;0.0;0.0;1.0
595;1087.0;7.0;6.0;0.0;0.0;2.0;1966.0;4.0;6.0;0.0;0.0;1.0
598;7.0;1.0;1.0;1.0;0.0;3.0;282.0;4.0;3.0;0.0;0.0;3.0
599;17.0;1.0;0.0;0.0;0.0;1.0;-1.0;-1.0;-1.0;-1.0;-1.0;-1.0
600;193.0;4.0;0.0;0.0;0.0;2.0;-1.0;-1.0;-1.0;-1.0;-1.0;-1.0
601;1.0;1.0;0.0;0.0;0.0;1.0;280.0;3.0;0.0;0.0;0.0;2.0
605;-1.0;-1.0;-1.0;-1.0;-1.0;-1.0;2.0;1.0;0.0;0.0;1.0;1.0
606;348.0;3.0;4.0;0.0;1.0;1.0;672.0;0.0;2.0;0.0;0.0;1.0
607;31.0;3.0;1.0;0.0;0.0;1.0;-1.0;-1.0;-1.0;-1.0;-1.0;-1.0
611;143.0;4.0;3.0;0.0;2.0;3.0;4.0;0.0;1.0;0.0;0.0;1.0
612;72.0;2.0;0.0;1.0;0.0;1.0;10.0;0.0;2.0;0.0;0.0;1.0
614;20.0;0.0;1.0;0.0;0.0;1.0;-1.0;-1.0;-1.0;-1.0;-1.0;-1.0
615;372.0;7.0;7.0;0.0;0.0;1.0;471.0;2.0;5.0;0.0;0.0;2.0
616;-1.0;-1.0;-1.0;-1.0;-1.0;-1.0;20.0;1.0;0.0;0.0;0.0;1.0
617;228.0;1.0;2.0;0.0;0.0;1.0;2948.0;3.0;2.0;0.0;0.0;2.0
622;989.0;4.0;8.0;1.0;0.0;1.0;4327.0;12.0;19.0;3.0;0.0;1.0
623;6796.0;22.0;11.0;1.0;2.0;1.0;3082.0;7.0;2.0;0.0;1.0;1.0
624;-1.0;-1.0;-1.0;-1.0;-1.0;-1.0;127.0;0.0;2.0;0.0;0.0;1.0
625;115.0;1.0;2.0;0.0;0.0;1.0;-1.0;-1.0;-1.0;-1.0;-1.0;-1.0
627;-1.0;-1.0;-1.0;-1.0;-1.0;-1.0;50.0;1.0;0.0;0.0;0.0;1.0
628;342.0;8.0;5.0;5.0;0.0;2.0;39.0;1.0;0.0;0.0;0.0;1.0
631;729.0;1.0;8.0;0.0;0.0;2.0;1323.0;3.0;7.0;0.0;4.0;2.0
632;74.0;0.0;3.0;0.0;0.0;1.0;140.0;3.0;1.0;0.0;0.0;3.0
634;256.0;6.0;2.0;0.0;7.0;2.0;1088.0;12.0;4.0;0.0;1.0;1.0
636;189.0;2.0;0.0;0.0;0.0;1.0;402.0;3.0;1.0;1.0;0.0;2.0
637;136.0;2.0;1.0;0.0;0.0;2.0;77.0;0.0;2.0;0.0;0.0;1.0
638;267.0;2.0;2.0;2.0;0.0;1.0;-1.0;-1.0;-1.0;-1.0;-1.0;-1.0
639;823.0;3.0;5.0;3.0;0.0;1.0;377.0;2.0;3.0;4.0;0.0;1.0
640;1083.0;13.0;6.0;0.0;0.0;3.0;2283.0;5.0;2.0;0.0;0.0;2.0
641;16.0;0.0;1.0;0.0;0.0;1.0;94.0;2.0;1.0;0.0;0.0;1.0
643;177.0;2.0;0.0;0.0;1.0;2.0;-1.0;-1.0;-1.0;-1.0;-1.0;-1.0
644;52.0;1.0;1.0;0.0;0.0;1.0;20.0;0.0;1.0;0.0;0.0;1.0
645;137.0;2.0;1.0;0.0;0.0;2.0;159.0;0.0;3.0;3.0;0.0;1.0
648;1007.0;1.0;2.0;0.0;0.0;1.0;12.0;0.0;1.0;0.0;0.0;1.0
650;11.0;1.0;0.0;0.0;0.0;1.0;308.0;2.0;0.0;0.0;0.0;1.0
651;6796.0;11.0;22.0;2.0;1.0;1.0;3147.0;3.0;7.0;1.0;0.0;2.0
652;300.0;4.0;4.0;3.0;0.0;1.0;227.0;2.0;6.0;4.0;0.0;1.0
653;-1.0;-1.0;-1.0;-1.0;-1.0;-1.0;54.0;0.0;1.0;0.0;0.0;1.0
654;-1.0;-1.0;-1.0;-1.0;-1.0;-1.0;41.0;0.0;1.0;0.0;0.0;1.0
656;141.0;2.0;1.0;0.0;0.0;2.0;-1.0;-1.0;-1.0;-1.0;-1.0;-1.0
657;150.0;1.0;2.0;1.0;0.0;2.0;231.0;3.0;0.0;0.0;0.0;2.0
658;-1.0;-1.0;-1.0;-1.0;-1.0;-1.0;0.0;0.0;0.0;1.0;0.0;1.0
661;282.0;4.0;0.0;0.0;0.0;2.0;25.0;0.0;1.0;0.0;0.0;1.0
663;-1.0;-1.0;-1.0;-1.0;-1.0;-1.0;43.0;0.0;1.0;0.0;0.0;1.0
664;171.0;1.0;2.0;0.0;0.0;1.0;-1.0;-1.0;-1.0;-1.0;-1.0;-1.0
665;837.0;2.0;5.0;0.0;0.0;2.0;102.0;0.0;1.0;0.0;0.0;1.0
666;342.0;8.0;8.0;2.0;0.0;1.0;1458.0;3.0;14.0;4.0;2.0;2.0
668;40.0;0.0;1.0;0.0;1.0;1.0;116.0;1.0;2.0;2.0;0.0;2.0
669;83.0;1.0;0.0;0.0;0.0;1.0;-1.0;-1.0;-1.0;-1.0;-1.0;-1.0
670;173.0;3.0;3.0;1.0;0.0;2.0;154.0;2.0;1.0;0.0;0.0;1.0
672;384.0;2.0;3.0;1.0;0.0;4.0;163.0;0.0;2.0;0.0;0.0;2.0
673;-1.0;-1.0;-1.0;-1.0;-1.0;-1.0;17.0;1.0;0.0;0.0;1.0;2.0
674;-1.0;-1.0;-1.0;-1.0;-1.0;-1.0;0.0;0.0;0.0;1.0;0.0;1.0
676;223.0;1.0;3.0;0.0;0.0;1.0;126.0;3.0;3.0;0.0;0.0;2.0
677;354.0;7.0;5.0;1.0;3.0;5.0;725.0;8.0;8.0;1.0;4.0;4.0
678;711.0;20.0;4.0;0.0;1.0;1.0;761.0;8.0;1.0;0.0;0.0;2.0
681;487.0;4.0;7.0;8.0;0.0;4.0;1296.0;4.0;15.0;5.0;0.0;2.0
682;587.0;14.0;11.0;0.0;3.0;5.0;335.0;5.0;6.0;0.0;0.0;2.0
683;744.0;4.0;6.0;1.0;0.0;3.0;140.0;3.0;0.0;0.0;0.0;1.0
685;2.0;0.0;1.0;0.0;0.0;1.0;-1.0;-1.0;-1.0;-1.0;-1.0;-1.0
687;120.0;4.0;0.0;0.0;0.0;2.0;328.0;1.0;1.0;0.0;1.0;2.0
688;960.0;12.0;7.0;1.0;2.0;3.0;1423.0;8.0;9.0;0.0;1.0;4.0
689;-1.0;-1.0;-1.0;-1.0;-1.0;-1.0;3.0;0.0;1.0;0.0;0.0;1.0
691;-1.0;-1.0;-1.0;-1.0;-1.0;-1.0;218.0;1.0;0.0;0.0;0.0;1.0
692;261.0;6.0;2.0;2.0;1.0;1.0;83.0;1.0;2.0;1.0;0.0;2.0
694;4.0;0.0;1.0;0.0;0.0;1.0;120.0;2.0;3.0;0.0;0.0;1.0
695;17.0;1.0;0.0;0.0;0.0;1.0;94.0;1.0;0.0;0.0;0.0;1.0
696;-1.0;-1.0;-1.0;-1.0;-1.0;-1.0;636.0;1.0;0.0;1.0;0.0;1.0
697;239.0;3.0;2.0;1.0;0.0;1.0;61.0;0.0;2.0;0.0;0.0;1.0
698;-1.0;-1.0;-1.0;-1.0;-1.0;-1.0;544.0;2.0;4.0;0.0;1.0;1.0
699;109.0;0.0;3.0;0.0;1.0;1.0;63.0;1.0;4.0;0.0;2.0;3.0
700;2.0;0.0;1.0;0.0;1.0;1.0;-1.0;-1.0;-1.0;-1.0;-1.0;-1.0
701;854.0;7.0;0.0;0.0;0.0;3.0;20.0;0.0;1.0;0.0;0.0;1.0
702;342.0;3.0;7.0;1.0;2.0;2.0;81.0;2.0;1.0;0.0;1.0;2.0
703;228.0;2.0;1.0;0.0;0.0;2.0;66.0;0.0;1.0;0.0;0.0;1.0
704;-1.0;-1.0;-1.0;-1.0;-1.0;-1.0;776.0;0.0;1.0;0.0;0.0;1.0
706;41.0;0.0;3.0;2.0;0.0;1.0;189.0;3.0;0.0;0.0;0.0;1.0
707;28.0;2.0;0.0;0.0;0.0;1.0;54.0;1.0;2.0;0.0;0.0;1.0
709;-1.0;-1.0;-1.0;-1.0;-1.0;-1.0;173.0;2.0;1.0;0.0;0.0;1.0
711;130.0;2.0;0.0;0.0;0.0;2.0;4.0;0.0;2.0;1.0;0.0;1.0
714;61.0;0.0;2.0;2.0;0.0;1.0;-1.0;-1.0;-1.0;-1.0;-1.0;-1.0
720;238.0;2.0;1.0;1.0;0.0;1.0;-1.0;-1.0;-1.0;-1.0;-1.0;-1.0
736;375.0;9.0;8.0;6.0;0.0;2.0;274.0;6.0;8.0;2.0;0.0;3.0
743;303.0;2.0;1.0;2.0;0.0;3.0;60.0;0.0;1.0;0.0;0.0;1.0
744;431.0;5.0;3.0;1.0;0.0;2.0;174.0;1.0;1.0;1.0;0.0;2.0
752;75.0;0.0;4.0;0.0;0.0;1.0;21.0;0.0;2.0;0.0;0.0;1.0
754;48.0;0.0;1.0;0.0;0.0;1.0;68.0;0.0;1.0;0.0;0.0;1.0
766;8.0;0.0;1.0;0.0;0.0;1.0;121.0;0.0;2.0;0.0;0.0;1.0
771;27.0;1.0;0.0;0.0;0.0;1.0;-1.0;-1.0;-1.0;-1.0;-1.0;-1.0
772;99.0;0.0;3.0;0.0;0.0;1.0;38.0;1.0;0.0;0.0;0.0;1.0
774;82.0;2.0;2.0;1.0;0.0;1.0;152.0;3.0;0.0;1.0;0.0;1.0
780;332.0;1.0;5.0;1.0;0.0;2.0;145.0;1.0;2.0;0.0;0.0;1.0
782;78.0;0.0;4.0;0.0;0.0;1.0;41.0;0.0;1.0;0.0;0.0;1.0
783;0.0;0.0;0.0;1.0;0.0;1.0;-1.0;-1.0;-1.0;-1.0;-1.0;-1.0
784;53.0;1.0;0.0;0.0;0.0;1.0;-1.0;-1.0;-1.0;-1.0;-1.0;-1.0
785;1402.0;5.0;7.0;2.0;0.0;2.0;1253.0;5.0;5.0;4.0;0.0;2.0
786;61.0;0.0;2.0;0.0;0.0;1.0;445.0;2.0;1.0;1.0;0.0;2.0
788;244.0;2.0;4.0;1.0;0.0;1.0;-1.0;-1.0;-1.0;-1.0;-1.0;-1.0
797;36.0;1.0;1.0;0.0;0.0;1.0;42.0;0.0;2.0;0.0;0.0;2.0
798;29.0;0.0;1.0;0.0;0.0;1.0;460.0;3.0;2.0;1.0;0.0;3.0
799;189.0;5.0;1.0;0.0;0.0;1.0;80.0;2.0;0.0;0.0;0.0;1.0
801;114.0;1.0;2.0;0.0;0.0;1.0;-1.0;-1.0;-1.0;-1.0;-1.0;-1.0
802;126.0;2.0;0.0;3.0;0.0;1.0;2.0;0.0;1.0;0.0;0.0;1.0
804;0.0;0.0;0.0;1.0;0.0;1.0;-1.0;-1.0;-1.0;-1.0;-1.0;-1.0
805;320.0;2.0;2.0;0.0;0.0;1.0;57.0;2.0;0.0;0.0;0.0;2.0
807;36.0;1.0;1.0;0.0;0.0;1.0;-1.0;-1.0;-1.0;-1.0;-1.0;-1.0
809;-1.0;-1.0;-1.0;-1.0;-1.0;-1.0;17.0;0.0;3.0;0.0;0.0;2.0
812;104.0;2.0;1.0;2.0;0.0;2.0;-1.0;-1.0;-1.0;-1.0;-1.0;-1.0
830;85.0;2.0;3.0;0.0;0.0;4.0;101.0;1.0;3.0;0.0;0.0;1.0
845;96.0;1.0;1.0;0.0;0.0;2.0;120.0;1.0;2.0;2.0;0.0;2.0
846;27.0;1.0;0.0;0.0;0.0;1.0;23.0;1.0;0.0;0.0;0.0;1.0
