user,gender,fb_friends,sms_sent_S-H,sms_sent_O-S-H,sms_rec_S-H,sms_rec_O-S-H,sms_unq_people S-H,sms_unq_people O-S-H,sms_convo_S-H,sms_convo_O-S-H,bt_interactions_S-H,bt_avg_duration_S-H,bt_unq_people_S-H,bt_outside_interactions_S-H,bt_interactions_O-S-H,bt_avg_duration_O-S-H,bt_unq_people_O-S-H,bt_outside_interactions_O-S-H,calls_duration_S-H,calls_made_S-H,Calls Received S-H,Missed As Caller S-H,Missed As Callee S-H,Unique People S-H,Duration O-S-H,Calls Made O-S-H,Calls Received O-S-H,Missed As Caller O-S-H,Missed As Callee O-S-H,Unique People O-S-H
0.00,0,19,4,58,8,66,2,1,4,14,866.00,2705.89,251.00,50.00,575.00,1429.04,135.00,107.00,204,3,2,0,0,2,52,0,4,0,0,1
2.00,0,7,0,0,0,0,0,0,0,0,149.00,2206.71,54.00,12.00,87.00,2862.07,16.00,39.00,0,0,0,0,0,0,0,0,0,0,0,0
3.00,0,18,47,100,46,101,3,3,29,31,567.00,2076.72,208.00,100.00,688.00,2342.44,186.00,208.00,394,6,4,0,0,3,281,3,3,0,1,4
4.00,0,30,23,59,15,54,5,6,14,28,423.00,2417.73,126.00,41.00,839.00,1990.23,171.00,100.00,500,7,10,4,0,7,668,6,7,2,0,3
5.00,0,26,14,7,12,6,1,2,9,5,1411.00,2084.90,217.00,70.00,687.00,2336.24,116.00,105.00,126,0,2,0,3,1,2,1,0,0,0,1
6.00,1,18,27,19,20,14,2,2,18,20,1331.00,2417.81,314.00,67.00,577.00,4274.35,145.00,67.00,171,6,2,0,1,2,233,2,2,0,1,3
7.00,1,6,0,0,0,0,0,0,0,0,105.00,1291.43,74.00,17.00,57.00,3526.32,31.00,14.00,0,0,0,0,0,0,0,0,0,0,0,0
8.00,0,6,2,11,3,14,2,3,3,7,180.00,6301.67,46.00,74.00,197.00,7370.56,35.00,99.00,85,2,2,0,0,2,116,1,1,1,0,2
9.00,0,2,1,0,0,0,1,0,1,0,130.00,2088.46,0.00,130.00,208.00,2837.02,0.00,208.00,0,0,0,0,0,0,0,0,0,0,0,0
10.00,0,8,0,0,0,0,0,0,0,0,594.00,1605.56,127.00,41.00,230.00,902.61,75.00,81.00,0,0,0,0,0,0,0,0,0,0,0,0
11.00,0,9,0,1,0,1,0,1,0,2,338.00,1731.66,47.00,126.00,1415.00,1633.36,44.00,247.00,0,0,0,0,0,0,2,0,1,0,0,1
12.00,0,21,27,41,28,45,2,3,15,20,1624.00,1726.29,327.00,82.00,1876.00,2045.15,315.00,180.00,141,2,2,1,0,2,210,3,3,4,0,3
13.00,0,78,26,42,21,43,7,6,11,36,1433.00,1338.17,396.00,87.00,1759.00,1707.90,336.00,151.00,604,5,1,1,2,4,1021,5,4,4,6,6
14.00,0,0,3,12,2,10,1,1,2,6,919.00,1539.83,230.00,32.00,1098.00,1644.81,259.00,52.00,33,1,0,0,0,1,0,0,0,0,0,0
15.00,0,62,0,15,0,19,0,5,0,9,841.00,2735.67,218.00,71.00,467.00,2646.68,181.00,94.00,159,1,5,0,1,3,309,3,4,2,0,5
16.00,0,7,0,0,0,0,0,0,0,0,209.00,2483.25,19.00,46.00,654.00,3649.08,21.00,83.00,0,0,0,0,0,0,4,1,0,0,0,1
17.00,0,11,0,0,0,0,0,0,0,0,715.00,1920.42,212.00,126.00,454.00,1880.62,114.00,221.00,36,1,1,0,0,1,0,0,0,0,0,0
18.00,0,9,19,40,13,45,2,3,9,22,794.00,1804.91,142.00,16.00,236.00,1592.80,84.00,16.00,0,0,0,0,0,0,0,0,0,0,0,0
19.00,0,10,9,8,6,2,2,2,4,3,687.00,1701.75,243.00,93.00,381.00,3368.50,44.00,304.00,1085,5,7,0,0,1,3068,11,4,0,0,2
20.00,0,0,141,172,212,284,2,2,66,94,288.00,2525.00,100.00,75.00,395.00,3607.59,96.00,124.00,885,11,21,1,3,2,1079,7,20,1,0,1
21.00,1,0,204,282,132,170,1,1,63,93,67.00,4455.22,7.00,44.00,177.00,5627.12,39.00,71.00,883,21,10,3,1,1,1079,20,7,0,1,1
22.00,0,13,4,1,4,0,2,1,4,1,1177.00,1706.71,154.00,110.00,928.00,3069.83,135.00,186.00,40,1,0,1,0,1,153,1,2,0,1,2
23.00,0,8,16,28,13,25,1,2,11,19,614.00,2168.40,172.00,68.00,515.00,3296.50,97.00,155.00,0,0,0,0,0,0,87,7,1,1,0,2
24.00,0,0,3,6,3,5,1,1,2,4,166.00,1913.86,58.00,103.00,108.00,1716.67,2.00,105.00,81,0,1,1,0,1,199,1,0,0,0,1
25.00,0,12,1,10,1,15,1,4,2,10,904.00,1458.85,255.00,31.00,1599.00,1465.29,307.00,130.00,0,0,0,0,0,0,215,2,2,0,0,3
27.00,0,21,28,20,32,23,4,4,22,24,804.00,1994.03,176.00,15.00,299.00,3201.67,75.00,6.00,115,3,3,1,0,2,100,1,1,1,0,2
28.00,0,14,5,2,6,2,1,2,4,3,84.00,2289.29,45.00,2.00,242.00,2184.30,85.00,15.00,0,0,0,0,0,0,259,3,5,0,2,2
29.00,0,30,2,0,1,0,1,0,2,0,1234.00,1771.56,254.00,98.00,503.00,1725.45,138.00,220.00,0,0,0,0,0,0,0,0,0,0,0,0
30.00,0,24,0,0,0,0,0,0,0,0,826.00,2203.87,212.00,99.00,162.00,1029.63,34.00,121.00,0,0,0,0,0,0,0,0,0,0,0,0
32.00,1,11,0,0,0,0,0,0,0,0,841.00,1536.03,205.00,26.00,96.00,3190.62,13.00,59.00,0,0,0,0,0,0,0,0,0,0,0,0
33.00,0,25,13,39,18,39,2,2,7,15,120.00,960.00,47.00,41.00,237.00,1848.10,53.00,91.00,48,1,0,0,0,1,331,3,5,0,0,2
34.00,0,8,0,0,0,0,0,0,0,0,1208.00,2095.28,269.00,118.00,640.00,1970.16,96.00,353.00,0,0,0,0,0,0,0,0,0,0,0,0
35.00,0,3,1,7,0,8,1,1,1,5,413.00,1818.16,110.00,100.00,933.00,1071.70,285.00,159.00,0,0,0,0,0,0,2,0,1,0,0,1
36.00,1,33,39,176,28,159,3,5,20,65,483.00,1558.39,142.00,19.00,478.00,2863.18,127.00,15.00,1515,5,9,1,1,2,4104,12,11,0,3,4
37.00,0,39,29,91,41,109,3,6,19,45,290.00,1553.79,100.00,93.00,608.00,1880.43,140.00,55.00,1648,16,6,1,0,3,4251,22,12,3,0,3
38.00,0,32,0,0,0,0,0,0,0,0,544.00,2279.23,153.00,63.00,94.00,2080.85,29.00,55.00,5,1,0,0,0,1,0,0,0,0,0,0
39.00,0,33,24,61,15,55,6,4,28,46,1046.00,1677.82,156.00,41.00,374.00,2286.10,105.00,91.00,989,8,4,0,1,1,4503,19,13,0,3,2
40.00,0,0,0,0,0,0,0,0,0,0,95.00,1749.47,0.00,95.00,202.00,1706.44,4.00,196.00,0,0,0,0,0,0,0,0,0,0,0,0
41.00,1,10,0,0,0,0,0,0,0,0,1380.00,2465.65,243.00,82.00,605.00,3742.81,101.00,157.00,0,0,0,0,0,0,0,0,0,0,0,0
42.00,0,13,2,0,1,0,1,0,1,0,1060.00,1900.19,272.00,92.00,371.00,1901.08,143.00,93.00,100,1,1,0,0,1,0,0,0,0,0,0
43.00,0,14,0,8,1,7,1,1,1,5,304.00,1583.88,107.00,150.00,421.00,1274.11,17.00,404.00,0,0,0,0,0,0,2,1,0,0,0,1
44.00,0,7,0,0,0,0,0,0,0,0,1246.00,2329.70,249.00,61.00,815.00,3531.53,113.00,114.00,0,0,0,0,0,0,0,0,0,0,0,0
45.00,0,2,0,0,0,0,0,0,0,0,525.00,1556.00,135.00,75.00,243.00,2480.25,21.00,221.00,0,0,0,0,0,0,0,0,0,0,0,0
46.00,1,26,21,8,18,7,2,3,9,4,420.00,1767.14,154.00,59.00,559.00,2132.74,116.00,102.00,536,0,8,0,0,1,120,2,3,0,0,2
47.00,0,10,19,9,32,21,2,4,16,19,412.00,1940.53,126.00,59.00,933.00,2622.19,128.00,76.00,2085,27,11,2,0,2,1894,10,19,0,1,3
48.00,1,16,79,89,54,50,1,2,46,45,1436.00,2296.59,283.00,86.00,1105.00,3376.83,225.00,297.00,2279,9,11,3,1,2,2146,19,14,6,0,2
49.00,0,38,95,77,127,123,6,5,76,69,1563.00,2135.51,410.00,54.00,594.00,2935.86,216.00,85.00,3808,21,14,1,3,4,2289,16,25,0,8,5
50.00,0,10,3,2,3,1,1,1,2,2,1442.00,1625.66,346.00,112.00,762.00,1869.29,240.00,256.00,159,0,1,0,0,1,0,0,0,0,0,0
51.00,1,14,33,29,23,31,2,2,23,22,540.00,1541.67,224.00,73.00,1058.00,2445.94,276.00,172.00,368,2,2,3,0,2,87,1,7,0,0,1
52.00,0,65,7,15,10,19,4,8,6,13,1391.00,1508.20,360.00,138.00,2552.00,2373.08,316.00,373.00,46,1,2,1,1,3,548,8,4,0,0,10
53.00,1,6,0,0,0,0,0,0,0,0,584.00,2229.97,198.00,73.00,519.00,2653.76,179.00,159.00,0,0,0,0,0,0,0,0,0,0,0,0
54.00,1,23,0,3,0,2,0,2,0,2,1594.00,1417.38,233.00,20.00,377.00,1869.23,127.00,151.00,0,0,0,0,0,0,0,0,0,0,0,0
55.00,0,15,18,7,20,6,1,2,1,4,785.00,1473.63,186.00,59.00,795.00,1546.04,190.00,63.00,0,0,0,0,0,0,0,0,0,0,0,0
57.00,0,7,4,5,3,12,1,3,2,8,1142.00,2362.96,269.00,62.00,1178.00,1936.50,178.00,54.00,38,0,3,0,0,3,0,0,0,0,1,1
58.00,0,22,7,16,3,9,2,3,4,9,756.00,3229.37,169.00,73.00,677.00,3189.22,104.00,123.00,4,1,0,0,0,1,353,2,3,0,0,3
59.00,0,7,2,6,6,4,1,2,3,2,145.00,2168.28,43.00,31.00,262.00,5398.85,53.00,49.00,233,2,1,0,12,2,0,0,0,0,0,0
61.00,1,19,10,16,11,14,1,1,5,6,2011.00,1980.66,352.00,87.00,392.00,3358.16,103.00,156.00,0,0,0,0,0,0,0,0,0,0,0,0
62.00,0,3,0,5,0,6,0,1,0,2,313.00,3092.01,55.00,131.00,748.00,5733.69,62.00,253.00,0,0,0,0,0,0,67,1,0,0,0,1
63.00,0,8,8,2,10,3,2,1,6,3,948.00,1606.96,211.00,33.00,376.00,2281.12,96.00,140.00,320,2,2,0,0,1,71,0,2,0,0,1
64.00,0,16,0,12,1,22,1,4,1,10,827.00,2307.13,252.00,43.00,1290.00,3141.40,197.00,87.00,77,0,2,0,0,2,3,0,1,0,0,1
65.00,0,15,2,0,1,0,1,0,2,0,699.00,2521.46,208.00,86.00,522.00,1963.22,113.00,234.00,0,0,0,0,0,0,70,0,1,0,0,1
66.00,1,8,0,1,0,1,0,1,0,1,39.00,738.46,8.00,30.00,66.00,1940.91,14.00,31.00,134,1,1,0,1,1,20,1,0,0,0,1
67.00,0,6,19,3,15,2,1,1,4,1,542.00,2230.63,144.00,136.00,476.00,1807.56,58.00,362.00,850,1,3,0,1,1,14,0,1,0,0,1
68.00,1,17,1,5,0,5,1,2,1,6,152.00,1383.55,55.00,43.00,257.00,1617.90,100.00,33.00,37,1,1,0,0,1,0,0,0,0,0,0
69.00,0,32,12,6,10,5,4,4,12,5,848.00,1765.68,275.00,63.00,1340.00,3199.03,191.00,168.00,459,5,10,2,1,5,347,4,3,0,0,3
70.00,0,0,2,6,4,4,1,1,4,6,799.00,1484.61,174.00,88.00,914.00,1939.82,135.00,286.00,0,0,0,0,0,0,130,0,1,0,0,1
71.00,0,12,0,2,0,1,0,1,0,1,178.00,1946.63,20.00,156.00,643.00,1679.16,68.00,445.00,0,0,0,0,0,0,41,1,0,0,0,1
72.00,0,19,4,2,4,1,1,1,4,1,1615.00,2272.01,325.00,94.00,1087.00,1577.00,232.00,100.00,0,0,0,0,0,0,143,1,0,0,0,1
73.00,0,13,2,10,5,12,1,2,3,3,467.00,1770.45,149.00,13.00,668.00,2573.35,166.00,9.00,0,0,0,0,0,0,143,0,1,0,0,1
74.00,1,30,7,8,6,8,2,2,4,4,803.00,2172.85,174.00,36.00,171.00,2289.47,28.00,114.00,43,5,0,0,0,1,14,1,1,0,0,1
75.00,1,65,8,18,21,19,2,3,14,17,655.00,1297.10,206.00,62.00,741.00,1871.66,142.00,107.00,197,1,0,0,3,1,152,0,2,0,0,1
76.00,0,15,7,11,8,14,2,2,9,11,687.00,1789.52,155.00,35.00,321.00,2246.73,114.00,73.00,0,0,0,0,0,0,48,1,1,0,0,2
77.00,0,1,0,0,0,0,0,0,0,0,20.00,555.00,3.00,17.00,46.00,1571.74,10.00,33.00,0,0,0,0,0,0,0,0,0,0,0,0
78.00,0,16,0,0,0,0,0,0,0,0,1028.00,2191.34,209.00,51.00,840.00,2370.36,166.00,97.00,0,0,0,0,0,0,0,0,0,0,0,0
79.00,0,18,0,12,0,13,0,1,0,6,1144.00,1724.74,292.00,95.00,939.00,1592.65,231.00,153.00,0,0,0,1,0,1,542,3,3,0,0,2
80.00,0,22,0,0,0,0,0,0,0,0,649.00,1722.80,185.00,123.00,426.00,1519.01,56.00,301.00,0,0,0,0,0,0,72,0,1,0,1,1
81.00,0,62,0,0,0,1,0,1,0,1,1031.00,1117.94,302.00,114.00,1557.00,1925.82,284.00,188.00,0,0,0,1,0,1,36,1,0,0,0,1
82.00,0,2,3,5,3,6,1,1,2,4,170.00,1478.82,66.00,12.00,185.00,1895.68,64.00,73.00,81,1,0,0,1,1,199,0,1,0,0,1
83.00,0,20,0,2,0,1,0,1,0,1,654.00,1322.94,163.00,50.00,1058.00,2814.27,138.00,89.00,61,0,1,0,0,1,0,0,0,0,0,0
84.00,0,6,0,0,0,0,0,0,0,0,654.00,2107.80,224.00,60.00,203.00,3560.10,86.00,70.00,0,0,0,0,0,0,0,0,0,0,0,0
85.00,0,25,36,11,26,8,3,3,10,3,566.00,1273.14,142.00,12.00,488.00,2004.10,94.00,34.00,1942,12,3,0,0,3,374,6,1,0,0,2
86.00,0,3,0,0,0,0,0,0,0,0,304.00,1252.30,111.00,38.00,133.00,1357.89,54.00,43.00,0,0,0,0,0,0,0,0,0,0,0,0
87.00,0,13,0,0,0,0,0,0,0,0,842.00,1497.86,279.00,96.00,372.00,1348.39,148.00,69.00,0,0,0,0,0,0,0,0,0,0,0,0
88.00,0,34,5,20,3,16,3,6,5,14,1780.00,2166.07,332.00,91.00,1922.00,1551.20,318.00,162.00,140,7,1,0,0,3,373,4,7,1,0,6
89.00,0,0,7,1,8,2,1,1,3,1,130.00,1686.92,47.00,41.00,150.00,4526.00,13.00,109.00,24,1,0,0,0,1,45,0,2,0,0,1
90.00,1,25,240,155,272,180,5,6,72,70,1319.00,1854.13,348.00,86.00,838.00,3041.17,170.00,122.00,6532,23,25,3,0,3,4391,11,16,0,0,3
91.00,0,13,264,164,233,145,2,3,61,53,566.00,2596.64,161.00,73.00,814.00,2870.27,103.00,77.00,4591,24,17,0,1,1,1940,10,9,0,0,2
92.00,0,0,6,14,5,15,3,3,5,9,1651.00,2344.22,287.00,106.00,1619.00,1815.75,316.00,269.00,188,0,4,1,0,3,200,2,3,1,1,4
93.00,1,8,70,118,93,167,1,1,19,21,447.00,2353.02,166.00,14.00,201.00,1735.82,73.00,16.00,0,0,0,0,2,1,587,2,0,0,0,1
94.00,0,13,3,6,7,10,2,1,3,2,742.00,2095.96,174.00,12.00,473.00,3507.40,123.00,33.00,45,2,0,2,0,1,228,0,1,0,0,1
95.00,0,10,17,14,34,20,4,7,15,20,1329.00,2247.40,234.00,106.00,1274.00,2117.66,252.00,200.00,366,6,11,0,0,4,1310,4,10,0,0,4
96.00,1,61,13,15,10,14,4,4,7,14,150.00,1030.00,43.00,39.00,1104.00,1617.12,191.00,94.00,482,10,3,0,0,5,459,7,3,1,0,3
97.00,0,15,20,19,14,15,3,3,8,15,1262.00,1731.06,319.00,79.00,200.00,2172.00,93.00,52.00,162,1,4,0,0,2,89,2,0,0,0,1
98.00,0,2,8,4,8,2,1,1,3,2,834.00,1351.08,268.00,118.00,392.00,2497.19,94.00,216.00,1698,6,3,1,1,2,207,1,1,0,0,2
99.00,0,24,0,3,0,4,0,1,0,2,1055.00,1918.58,222.00,81.00,433.00,2241.34,133.00,152.00,0,0,0,0,0,0,0,0,0,0,0,0
100.00,1,40,18,48,23,54,6,9,16,30,1816.00,2793.17,316.00,55.00,1183.00,3358.58,246.00,85.00,218,4,2,0,2,4,125,4,2,0,0,5
101.00,0,0,0,0,0,0,0,0,0,0,414.00,1161.59,157.00,91.00,907.00,1577.07,198.00,210.00,0,0,0,0,0,0,0,0,0,0,0,0
102.00,0,6,21,43,25,36,2,1,10,14,674.00,1961.13,195.00,108.00,488.00,1985.04,117.00,169.00,2,0,1,0,1,1,420,5,7,0,0,1
103.00,0,1,0,0,0,0,0,0,0,0,84.00,3228.57,0.00,84.00,118.00,3101.69,0.00,118.00,0,0,0,0,0,0,0,0,0,0,0,0
104.00,1,39,38,87,36,79,2,4,21,25,600.00,2406.50,205.00,58.00,371.00,3747.17,62.00,182.00,194,5,0,1,0,2,1679,5,0,1,0,1
105.00,0,8,0,18,0,13,0,2,0,6,1325.00,1940.15,223.00,106.00,1104.00,2732.07,186.00,157.00,0,0,0,0,0,0,240,3,4,1,0,3
106.00,0,15,20,0,27,0,2,0,9,0,904.00,2231.08,234.00,78.00,225.00,2536.00,27.00,126.00,1031,5,11,0,1,3,745,4,1,0,1,3
107.00,1,27,0,0,0,0,0,0,0,0,817.00,1457.41,277.00,81.00,678.00,1355.75,200.00,141.00,0,0,0,0,0,0,0,0,0,0,1,1
108.00,0,42,4,13,4,14,2,5,4,9,652.00,2233.90,202.00,81.00,823.00,1754.07,186.00,146.00,184,1,0,0,0,1,437,6,3,0,0,2
110.00,1,3,0,0,0,0,0,0,0,0,52.00,12871.15,1.00,51.00,72.00,8991.67,0.00,72.00,0,0,0,0,0,0,0,0,0,0,0,0
111.00,0,25,3,2,3,4,1,1,1,4,523.00,1961.19,212.00,46.00,391.00,2858.82,105.00,71.00,146,2,2,0,1,2,298,5,0,0,4,2
112.00,1,8,0,0,0,1,0,1,0,1,388.00,2828.35,126.00,39.00,241.00,1330.71,6.00,235.00,0,0,0,0,0,0,0,0,0,0,0,0
113.00,1,6,0,0,0,0,0,0,0,0,713.00,1657.78,191.00,31.00,215.00,2042.79,66.00,116.00,0,0,0,0,0,0,0,0,0,0,0,0
114.00,0,7,48,10,64,9,2,2,16,8,1528.00,2164.99,276.00,58.00,491.00,3591.45,124.00,48.00,22,0,1,0,0,1,0,0,0,0,0,0
115.00,0,30,25,38,22,32,1,1,12,25,503.00,1363.42,185.00,35.00,181.00,2040.33,61.00,54.00,26,0,1,1,0,1,0,0,0,0,0,0
116.00,0,5,5,16,4,10,2,2,6,12,509.00,1827.11,214.00,88.00,598.00,2160.70,178.00,170.00,415,4,11,0,3,2,39,0,1,0,0,1
117.00,0,11,0,0,0,0,0,0,0,0,0.00,0.00,0.00,0.00,27.00,3411.11,1.00,26.00,0,0,0,0,1,1,532,2,2,0,0,1
118.00,0,31,0,4,3,3,1,2,3,4,1331.00,1867.84,138.00,34.00,158.00,2439.87,69.00,16.00,43,0,1,0,0,1,0,0,0,0,0,0
119.00,0,7,19,70,25,55,1,3,16,26,1004.00,2320.52,219.00,77.00,1428.00,2129.62,230.00,149.00,57,2,2,0,0,2,252,4,1,0,0,2
120.00,0,3,23,26,23,35,2,2,18,22,1252.00,2048.96,201.00,73.00,252.00,4225.00,41.00,159.00,128,2,1,0,0,1,72,3,2,0,0,1
121.00,0,12,14,13,11,17,3,1,9,4,736.00,2110.60,215.00,30.00,94.00,3220.21,25.00,61.00,190,3,0,1,0,1,2290,1,0,0,0,1
122.00,0,33,1,63,1,61,1,2,2,13,1167.00,2149.36,126.00,65.00,867.00,1573.70,167.00,83.00,3,0,1,0,0,1,192,1,2,1,0,2
123.00,1,18,6,3,3,1,2,1,3,3,959.00,1200.31,298.00,81.00,956.00,2014.96,131.00,127.00,0,0,0,0,0,0,0,0,0,0,0,0
124.00,0,0,0,0,0,0,0,0,0,0,303.00,2174.26,96.00,60.00,143.00,2672.73,33.00,96.00,0,0,0,0,0,0,0,0,0,0,0,0
125.00,0,1,0,0,0,0,0,0,0,0,369.00,1633.33,71.00,69.00,162.00,1338.89,2.00,160.00,0,0,0,0,0,0,0,0,0,0,0,0
126.00,0,5,8,2,8,2,1,1,6,2,328.00,1789.94,130.00,120.00,396.00,1871.21,109.00,229.00,39,1,2,0,0,1,0,0,0,0,0,0
127.00,0,4,0,0,0,0,0,0,0,0,655.00,1719.39,203.00,135.00,545.00,1868.26,100.00,298.00,0,0,0,0,0,0,0,0,0,0,0,0
128.00,0,20,10,5,13,5,3,3,9,4,826.00,1663.80,259.00,55.00,526.00,2219.77,131.00,142.00,0,0,0,2,0,1,199,2,0,0,1,2
129.00,0,8,3,2,1,5,1,2,3,4,459.00,2520.92,135.00,28.00,343.00,1811.37,74.00,42.00,17,1,0,0,0,1,3,1,0,0,2,1
130.00,0,18,0,0,0,0,0,0,0,0,1168.00,1665.92,263.00,54.00,1076.00,1723.88,242.00,132.00,0,0,0,0,0,0,0,0,0,0,0,0
131.00,1,24,0,16,0,12,0,3,0,7,114.00,1081.58,37.00,30.00,502.00,1925.50,114.00,30.00,61,1,0,0,0,1,1052,1,3,0,0,2
132.00,1,16,0,0,0,0,0,0,0,0,1253.00,1614.21,362.00,105.00,557.00,1965.35,145.00,172.00,0,0,0,0,0,0,0,0,0,0,0,0
133.00,0,21,31,28,35,18,4,3,16,8,705.00,1859.57,198.00,17.00,452.00,1232.52,152.00,40.00,488,5,6,1,2,4,102,1,0,0,0,1
135.00,1,23,0,3,0,1,0,1,0,2,29.00,8472.41,2.00,27.00,101.00,5391.09,5.00,96.00,0,0,0,0,0,0,2,0,1,1,0,1
136.00,0,18,138,180,135,191,3,4,73,81,1512.00,2077.18,255.00,113.00,1431.00,3097.69,177.00,218.00,432,1,6,0,0,3,10298,8,14,0,1,4
137.00,1,27,138,183,135,170,4,4,74,82,1297.00,1953.12,270.00,85.00,927.00,3257.93,192.00,86.00,237,4,1,3,0,2,10248,7,8,3,0,2
138.00,0,12,0,0,0,0,0,0,0,0,527.00,1620.11,93.00,134.00,304.00,2081.25,30.00,265.00,0,0,0,0,0,0,0,0,0,0,0,0
139.00,0,31,12,60,22,61,3,2,14,25,832.00,2512.50,165.00,11.00,236.00,3461.44,81.00,18.00,1841,4,2,0,0,2,275,2,2,0,0,1
140.00,0,16,11,14,10,12,2,2,9,11,1450.00,2483.79,258.00,88.00,548.00,2528.10,114.00,235.00,4,2,0,0,0,1,131,5,1,0,0,2
141.00,0,12,33,87,39,85,2,3,17,42,269.00,1667.29,97.00,51.00,271.00,1852.03,64.00,69.00,61,1,0,0,0,1,6,0,1,0,0,1
144.00,0,16,15,34,16,38,2,4,15,13,1021.00,1785.31,241.00,44.00,1162.00,2315.58,162.00,120.00,284,3,2,0,1,2,742,9,7,0,1,2
145.00,0,2,3,11,6,10,1,1,7,6,972.00,1386.11,264.00,92.00,336.00,2066.96,94.00,179.00,3425,4,2,2,4,1,1032,1,0,0,0,1
146.00,1,25,21,48,21,58,4,4,23,37,652.00,2050.31,144.00,24.00,240.00,2650.00,76.00,43.00,3425,2,4,4,2,1,1206,2,1,0,0,3
147.00,0,18,5,9,8,10,1,1,3,5,846.00,1320.57,213.00,13.00,378.00,1073.02,82.00,9.00,463,7,2,0,0,1,253,6,1,0,0,1
148.00,0,31,0,2,0,0,0,1,0,2,1310.00,2078.47,238.00,57.00,501.00,5368.26,103.00,78.00,0,0,0,0,0,0,0,0,0,0,0,0
149.00,0,0,9,54,7,49,1,2,4,26,1636.00,2236.43,324.00,104.00,1178.00,2847.45,252.00,350.00,49,0,2,1,0,2,123,1,2,2,0,1
150.00,0,2,0,0,0,0,0,0,0,0,75.00,3192.00,0.00,75.00,207.00,2528.99,10.00,197.00,0,0,0,0,0,0,0,0,0,0,0,0
151.00,1,30,8,39,8,43,1,2,2,17,1547.00,1689.85,306.00,77.00,699.00,3537.77,132.00,88.00,28,1,1,0,0,2,0,0,0,0,0,0
152.00,0,14,26,39,24,41,2,2,13,19,1169.00,2354.06,264.00,66.00,871.00,2217.11,203.00,149.00,411,11,8,0,1,1,38,2,1,0,0,2
153.00,0,4,1,6,1,6,1,1,1,3,654.00,1059.17,185.00,97.00,401.00,1676.56,76.00,264.00,72,0,2,0,1,1,10,2,0,0,0,1
154.00,1,24,0,14,0,12,0,1,0,10,1043.00,1867.88,280.00,39.00,770.00,2046.23,239.00,62.00,0,0,0,0,0,0,0,0,0,0,0,0
155.00,0,15,6,6,8,7,2,2,5,5,1141.00,2177.56,248.00,139.00,598.00,1677.09,92.00,358.00,0,0,0,0,0,0,3,1,0,0,0,1
156.00,0,8,0,0,0,0,0,0,0,0,697.00,2549.78,180.00,75.00,592.00,4201.01,143.00,58.00,0,0,0,0,0,0,0,0,0,0,0,0
157.00,1,23,10,14,10,13,3,3,5,9,1210.00,2172.64,285.00,82.00,633.00,2864.93,155.00,174.00,116,4,0,0,0,2,0,0,0,0,0,0
158.00,1,39,12,9,11,13,2,2,8,7,1239.00,2083.05,279.00,57.00,813.00,2996.68,241.00,117.00,575,2,5,0,2,3,561,4,2,0,0,2
160.00,0,4,0,0,0,0,0,0,0,0,244.00,1401.64,32.00,117.00,823.00,1399.03,30.00,260.00,0,0,0,0,0,0,0,0,0,0,0,0
161.00,0,10,1,1,0,11,1,1,1,3,47.00,714.89,18.00,17.00,148.00,3881.76,40.00,40.00,60,0,1,0,0,1,0,0,0,0,0,0
163.00,0,12,18,16,25,20,5,4,15,19,802.00,2942.77,256.00,42.00,589.00,2283.87,180.00,89.00,25,0,1,0,0,1,0,0,0,0,0,0
164.00,1,8,96,50,81,34,3,4,40,27,877.00,2138.31,238.00,28.00,535.00,1994.02,175.00,56.00,11,1,0,0,0,1,0,0,0,0,0,0
165.00,1,10,2,3,1,4,2,1,3,4,433.00,1670.44,182.00,9.00,374.00,2827.54,68.00,40.00,18,0,1,0,0,1,47,1,1,0,0,1
167.00,0,7,0,3,0,3,0,1,0,1,1218.00,1857.88,237.00,60.00,610.00,1504.92,160.00,50.00,0,0,0,0,0,0,26,1,3,2,1,1
168.00,0,6,0,0,0,0,0,0,0,0,910.00,1445.27,203.00,0.00,283.00,1097.17,148.00,4.00,0,0,0,0,0,0,0,0,0,0,0,0
169.00,0,14,0,6,0,6,0,1,0,3,531.00,3044.07,189.00,42.00,112.00,9168.75,30.00,55.00,218,4,2,2,1,2,785,6,0,0,1,1
170.00,0,0,16,16,18,16,2,3,7,7,1067.00,1731.12,211.00,21.00,614.00,2263.68,159.00,95.00,0,0,0,0,0,0,0,0,0,0,0,0
171.00,0,32,17,17,15,17,2,2,13,12,382.00,1671.20,172.00,20.00,270.00,967.78,103.00,79.00,329,4,1,0,0,2,19,1,0,0,0,1
172.00,0,7,34,67,40,80,1,3,14,37,1168.00,2042.21,192.00,75.00,719.00,2251.04,218.00,130.00,982,4,7,0,0,2,1698,2,5,0,0,3
173.00,0,32,4,11,2,12,2,2,3,9,945.00,2165.08,261.00,68.00,697.00,2590.67,201.00,156.00,600,4,4,0,1,3,799,2,6,0,0,4
174.00,1,23,0,12,3,21,1,4,1,12,960.00,2861.56,122.00,90.00,365.00,2552.88,62.00,244.00,339,0,3,0,0,2,20,1,0,0,0,1
176.00,1,63,379,728,324,640,5,11,99,202,1463.00,1746.07,337.00,98.00,1979.00,2107.88,246.00,186.00,376,3,3,0,0,2,1743,6,9,0,0,4
177.00,1,20,4,16,3,13,1,2,1,5,1419.00,2694.29,304.00,59.00,858.00,2710.84,151.00,160.00,21,1,0,0,0,1,13,1,0,0,0,1
178.00,0,25,24,35,30,24,4,4,16,18,922.00,1915.51,206.00,16.00,454.00,2045.15,134.00,82.00,87,2,2,2,0,3,527,0,2,0,0,2
179.00,0,9,39,40,40,38,3,4,24,27,799.00,1607.76,288.00,99.00,1063.00,2397.74,263.00,148.00,258,3,3,1,2,4,19,1,0,0,0,1
180.00,0,19,1,20,3,18,2,1,3,4,1109.00,1990.98,206.00,57.00,1457.00,1902.75,305.00,162.00,98,0,3,0,0,1,352,0,5,0,0,3
181.00,0,24,0,0,0,0,0,0,0,0,610.00,2201.80,242.00,34.00,682.00,3225.66,210.00,70.00,0,0,0,0,0,0,0,0,0,0,0,0
182.00,0,18,0,1,0,0,0,1,0,1,860.00,2368.60,246.00,15.00,286.00,6162.59,93.00,46.00,0,0,0,0,0,0,0,0,0,0,0,0
183.00,1,22,4,1,2,1,2,1,5,2,1107.00,1913.55,312.00,79.00,771.00,3567.70,215.00,115.00,7,1,2,0,0,2,0,0,0,0,0,0
184.00,0,6,0,0,0,0,0,0,0,0,21.00,1914.29,0.00,21.00,63.00,1990.48,1.00,60.00,0,0,0,0,0,0,0,0,0,0,0,0
185.00,0,10,0,0,3,0,2,0,3,0,829.00,1966.47,266.00,107.00,367.00,1911.99,67.00,251.00,645,9,11,1,0,3,59,1,1,0,0,2
186.00,0,62,2,4,3,6,1,2,1,5,403.00,1295.29,129.00,36.00,641.00,1256.16,148.00,137.00,99,1,1,0,1,1,45,1,2,0,0,2
187.00,1,12,4,2,5,1,1,1,7,1,309.00,2496.12,102.00,48.00,319.00,3025.39,89.00,114.00,0,0,0,0,0,0,0,0,0,0,0,0
188.00,0,17,2,12,3,15,1,1,2,3,728.00,2171.29,225.00,63.00,952.00,2422.37,192.00,109.00,53,0,1,0,0,1,17,0,1,0,0,1
189.00,1,16,0,0,0,0,0,0,0,0,688.00,2119.19,201.00,28.00,287.00,2563.07,78.00,52.00,0,0,0,0,0,0,0,0,0,0,0,0
190.00,0,53,10,6,8,7,3,4,5,8,1084.00,1905.44,326.00,61.00,1653.00,1553.90,258.00,104.00,402,7,4,0,1,5,131,3,3,1,1,5
191.00,0,9,0,1,0,1,0,1,0,1,674.00,1967.36,219.00,86.00,806.00,2337.10,259.00,88.00,0,0,0,0,0,0,23,0,1,0,0,1
192.00,0,20,19,15,13,16,2,2,12,10,635.00,1853.86,230.00,74.00,819.00,1167.03,245.00,65.00,41,0,1,0,0,1,0,0,0,0,0,0
193.00,0,25,47,33,43,30,3,2,22,22,804.00,2158.58,316.00,54.00,284.00,4136.62,98.00,71.00,63,0,2,0,1,2,0,0,0,0,0,0
194.00,0,18,21,44,26,51,2,3,15,25,480.00,1982.50,184.00,87.00,598.00,3878.43,160.00,108.00,70,2,0,0,0,1,39,0,1,0,0,1
195.00,1,19,11,1,13,3,1,1,6,2,1380.00,2842.61,305.00,73.00,594.00,2643.43,105.00,109.00,70,0,2,0,0,1,0,0,0,0,0,0
196.00,1,16,0,0,0,0,0,0,0,0,1091.00,2566.36,225.00,44.00,482.00,4874.69,117.00,50.00,0,0,0,0,0,0,0,0,0,0,0,0
197.00,1,0,6,15,5,14,2,2,4,11,1256.00,2346.50,111.00,112.00,577.00,1871.23,126.00,317.00,191,1,2,0,0,1,306,3,2,0,0,1
198.00,0,9,0,0,0,0,0,0,0,0,1044.00,3139.66,210.00,35.00,508.00,2499.21,104.00,132.00,0,0,0,0,0,0,0,0,0,0,0,0
199.00,0,9,2,0,2,0,1,0,2,0,742.00,1440.97,207.00,88.00,135.00,2253.33,22.00,111.00,28,0,1,0,0,1,0,0,0,0,0,0
200.00,0,32,3,17,5,12,2,2,4,7,605.00,1491.57,209.00,81.00,404.00,2571.53,83.00,177.00,100,0,1,0,0,1,4,2,0,0,1,1
201.00,0,21,0,13,0,12,0,1,0,6,1407.00,1795.74,322.00,64.00,459.00,3003.27,158.00,75.00,0,0,0,0,0,0,10,1,1,0,0,1
203.00,0,7,9,16,12,14,1,1,6,9,817.00,2185.19,236.00,57.00,202.00,1584.65,102.00,58.00,41,1,0,0,0,1,0,0,0,0,0,0
204.00,0,10,0,5,0,5,0,1,0,4,360.00,2780.83,142.00,54.00,283.00,2405.30,66.00,154.00,54,1,0,0,0,1,48,0,1,0,0,1
205.00,0,15,3,0,4,0,1,0,2,0,922.00,2173.21,250.00,107.00,616.00,1875.49,178.00,142.00,0,0,0,0,0,0,0,0,0,0,0,0
206.00,0,6,0,0,0,0,0,0,0,0,589.00,1894.23,197.00,64.00,541.00,3181.33,82.00,124.00,295,1,5,1,0,1,0,0,0,0,0,0
207.00,0,28,5,7,6,5,2,2,5,5,2061.00,1773.36,341.00,77.00,1064.00,1373.12,223.00,189.00,253,9,5,0,3,3,269,7,4,0,1,3
208.00,0,33,16,18,18,28,5,5,15,16,1345.00,2054.50,343.00,91.00,497.00,6479.88,107.00,164.00,710,4,9,0,2,5,557,3,14,0,0,5
209.00,0,9,0,0,0,0,0,0,0,0,728.00,2029.95,163.00,81.00,650.00,2241.69,133.00,217.00,0,0,0,0,0,0,0,0,0,0,0,0
210.00,0,9,2,1,4,7,1,2,2,5,607.00,2287.81,138.00,67.00,586.00,2000.17,31.00,116.00,574,2,14,0,1,3,38,1,0,0,0,1
211.00,1,20,3,2,4,3,3,1,4,1,670.00,1663.43,187.00,16.00,314.00,2101.91,103.00,31.00,0,0,0,0,0,0,9,1,0,0,0,1
212.00,0,13,10,3,9,2,1,1,3,2,230.00,1450.43,111.00,20.00,200.00,1099.50,17.00,53.00,90,1,2,0,0,1,47,1,1,0,0,1
213.00,0,12,10,14,6,14,1,1,2,5,211.00,1811.37,82.00,7.00,93.00,2864.52,24.00,19.00,0,0,0,0,0,0,0,0,0,0,0,0
214.00,0,6,0,9,0,10,0,1,0,7,402.00,1655.22,107.00,122.00,258.00,1156.98,34.00,212.00,157,4,1,0,0,1,0,0,0,0,0,0
215.00,0,8,1,0,2,1,2,1,2,1,1473.00,1828.51,319.00,45.00,1324.00,1613.29,202.00,132.00,17,0,1,0,0,1,0,0,0,0,0,0
216.00,0,7,0,0,0,0,0,0,0,0,796.00,1599.12,187.00,112.00,656.00,1610.67,139.00,186.00,0,0,0,0,0,0,0,0,0,0,0,0
217.00,1,45,15,11,18,14,6,3,10,5,443.00,2613.32,153.00,83.00,586.00,1547.10,145.00,121.00,0,0,0,0,0,0,74,1,2,0,0,3
218.00,1,23,109,128,87,119,3,3,39,49,729.00,2007.82,191.00,7.00,152.00,6684.87,51.00,5.00,1031,2,3,0,1,1,338,3,3,0,0,2
219.00,0,60,0,0,0,1,0,1,0,1,124.00,2080.65,64.00,12.00,35.00,2468.57,14.00,18.00,0,0,0,0,0,0,0,0,0,0,0,0
220.00,0,17,8,2,9,4,2,3,5,3,656.00,1195.88,192.00,9.00,1032.00,2341.86,186.00,60.00,365,5,1,0,1,5,111,1,1,0,0,1
221.00,0,66,13,41,30,44,7,10,19,31,1077.00,1741.23,258.00,60.00,1428.00,2332.77,194.00,68.00,649,10,11,1,1,5,1565,25,4,17,1,17
222.00,0,9,0,2,0,2,0,1,0,1,1670.00,1855.33,225.00,49.00,754.00,2448.14,124.00,169.00,250,3,1,0,0,1,88,1,0,0,0,1
223.00,0,5,0,0,0,0,0,0,0,0,535.00,2648.97,177.00,56.00,435.00,5691.72,50.00,172.00,0,0,0,0,0,0,0,0,0,0,0,0
224.00,0,4,2,8,0,6,1,1,1,2,487.00,2616.84,135.00,27.00,612.00,4168.63,138.00,90.00,0,0,0,0,0,0,30,0,2,0,0,1
225.00,1,11,6,39,15,40,5,5,10,28,1188.00,2456.82,161.00,70.00,357.00,1919.33,83.00,197.00,1546,11,3,1,1,5,813,4,9,1,1,3
226.00,0,28,0,0,0,0,0,0,0,0,235.00,1318.72,93.00,2.00,128.00,1368.75,72.00,10.00,0,0,0,0,0,0,0,0,0,0,0,0
227.00,0,19,12,22,4,14,4,4,8,12,1121.00,1941.03,112.00,44.00,253.00,2384.58,43.00,172.00,102,1,1,0,0,2,0,0,0,0,0,0
228.00,0,14,0,0,0,0,0,0,0,0,862.00,2064.85,252.00,69.00,422.00,2155.45,133.00,133.00,29,0,1,0,0,1,0,0,0,0,0,0
229.00,0,13,6,4,4,4,2,1,4,2,717.00,2237.66,187.00,44.00,703.00,2182.36,131.00,134.00,0,0,0,0,0,0,0,0,0,0,0,0
230.00,0,5,0,0,0,0,0,0,0,0,801.00,1756.93,153.00,57.00,348.00,2193.97,120.00,92.00,0,0,0,0,0,0,0,0,0,0,0,0
231.00,0,8,0,0,0,0,0,0,0,0,801.00,1754.31,190.00,47.00,809.00,1642.40,236.00,144.00,0,0,0,0,0,0,0,0,0,0,0,0
232.00,0,1,0,4,0,4,0,1,0,3,718.00,2871.31,184.00,46.00,188.00,7432.98,38.00,107.00,0,0,0,0,0,0,0,0,0,0,0,0
233.00,0,14,0,0,1,0,1,0,1,0,383.00,2634.20,106.00,73.00,185.00,1540.54,5.00,179.00,0,0,0,0,0,0,0,0,0,0,0,0
234.00,0,11,4,0,4,0,1,0,2,0,243.00,1961.73,75.00,40.00,128.00,3103.12,16.00,106.00,0,0,0,0,0,0,0,0,0,0,0,0
235.00,1,24,12,25,11,29,4,4,11,12,1562.00,2184.51,359.00,74.00,1450.00,2513.59,251.00,121.00,181,2,2,0,0,2,454,3,2,0,3,2
236.00,0,34,0,10,0,4,0,3,0,4,249.00,1754.22,123.00,30.00,640.00,2418.75,180.00,43.00,7,1,0,0,1,2,0,0,0,0,0,0
237.00,0,10,24,89,31,106,2,2,10,33,895.00,2895.08,269.00,101.00,726.00,2477.27,152.00,278.00,262,0,5,0,0,2,351,3,6,0,0,1
238.00,0,16,0,4,0,3,0,1,0,2,1598.00,1714.39,332.00,77.00,410.00,1999.76,144.00,145.00,0,0,0,0,0,0,0,0,0,0,0,0
239.00,1,17,2,0,1,0,1,0,2,0,1160.00,1748.28,297.00,123.00,920.00,2061.52,186.00,331.00,17,1,0,0,0,1,0,0,0,0,0,0
240.00,0,15,4,1,7,0,1,1,2,1,411.00,3280.29,136.00,27.00,382.00,8456.54,82.00,35.00,25,1,0,0,0,1,0,0,0,0,0,0
241.00,0,11,0,0,0,0,0,0,0,0,69.00,1278.26,26.00,5.00,88.00,1114.77,47.00,7.00,0,0,0,0,0,0,0,0,0,0,0,0
242.00,0,15,20,53,14,47,2,2,11,22,788.00,2152.16,232.00,79.00,750.00,2414.00,159.00,337.00,48,0,1,0,0,1,158,3,2,0,0,1
243.00,0,16,4,13,3,7,1,2,1,7,1473.00,2311.41,268.00,63.00,1106.00,1901.72,223.00,132.00,1218,6,2,0,2,3,14,2,0,0,0,2
244.00,0,15,1,6,2,7,1,3,1,3,1525.00,1743.34,329.00,36.00,642.00,2330.84,197.00,184.00,93,2,1,0,1,2,95,2,0,0,0,2
246.00,0,9,0,15,0,12,0,1,0,3,705.00,2682.55,171.00,51.00,577.00,2373.48,91.00,209.00,53,1,0,0,0,1,0,0,0,0,0,0
247.00,1,3,0,0,0,0,0,0,0,0,688.00,1870.20,172.00,98.00,246.00,3917.07,51.00,151.00,0,0,0,0,0,0,0,0,0,0,0,0
248.00,0,8,0,0,0,0,0,0,0,0,805.00,1671.80,109.00,31.00,193.00,1559.07,68.00,77.00,46,0,1,0,0,1,5,0,1,0,0,1
249.00,0,23,9,3,13,1,1,1,7,2,752.00,3086.97,180.00,43.00,704.00,5007.10,98.00,111.00,0,0,0,0,0,0,0,0,0,0,0,0
250.00,0,4,17,19,16,24,2,2,12,16,939.00,1342.81,342.00,129.00,946.00,1218.08,200.00,184.00,198,4,2,0,0,1,84,6,3,0,0,2
251.00,0,5,0,0,0,0,0,0,0,0,729.00,1587.24,94.00,48.00,190.00,1102.11,14.00,176.00,0,0,0,0,0,0,0,0,0,0,0,0
252.00,0,7,1,0,1,0,1,0,1,0,498.00,2068.07,165.00,89.00,165.00,2994.55,25.00,125.00,338,2,1,0,0,2,28,1,0,0,1,1
253.00,0,5,1,10,1,16,1,2,1,9,458.00,1760.04,185.00,40.00,133.00,3378.95,55.00,50.00,55,0,1,0,0,1,0,0,0,0,0,0
254.00,0,21,3,16,2,12,3,3,4,10,1684.00,2076.66,322.00,73.00,1012.00,1637.85,238.00,292.00,196,9,4,1,0,4,54,6,4,0,1,3
256.00,0,13,6,0,6,1,2,1,4,1,257.00,2179.38,84.00,24.00,240.00,2262.50,78.00,42.00,0,0,0,0,0,0,190,3,1,2,0,3
258.00,0,10,1,0,0,0,1,0,1,0,314.00,1171.34,122.00,5.00,256.00,1196.48,125.00,22.00,317,4,0,1,0,1,188,0,4,1,2,1
259.00,0,14,4,3,3,2,1,1,1,1,598.00,1529.60,174.00,10.00,753.00,1482.47,153.00,57.00,2,1,0,0,0,1,30,0,1,0,0,1
260.00,1,17,0,8,1,9,1,1,1,6,1128.00,2124.20,289.00,75.00,483.00,3545.96,46.00,306.00,90,1,1,0,0,1,558,2,5,1,0,1
261.00,0,11,0,0,0,0,0,0,0,0,587.00,1692.16,155.00,61.00,343.00,2094.75,44.00,204.00,5,0,1,0,0,1,0,0,0,0,0,0
262.00,1,34,5,2,3,0,2,2,4,1,778.00,1536.63,217.00,56.00,1562.00,2964.28,213.00,112.00,169,6,0,0,1,2,498,6,1,0,0,6
263.00,1,71,9,11,4,7,2,4,6,7,617.00,1344.41,244.00,66.00,1929.00,2160.96,297.00,55.00,1347,19,5,0,3,10,603,11,1,0,0,9
264.00,0,2,0,0,0,0,0,0,0,0,1088.00,2133.36,296.00,44.00,384.00,2468.75,144.00,72.00,0,0,0,0,0,0,0,0,0,0,0,0
265.00,1,11,7,0,5,1,2,1,6,1,456.00,2330.92,139.00,91.00,654.00,2538.99,160.00,209.00,99,0,2,0,0,1,75,0,2,0,1,2
266.00,0,23,13,40,16,39,4,3,13,15,471.00,1881.53,127.00,52.00,722.00,2313.99,118.00,98.00,934,6,11,0,0,3,626,4,7,1,1,3
267.00,0,27,4,6,5,11,2,5,6,11,1545.00,1431.26,299.00,96.00,794.00,1719.14,172.00,187.00,610,8,3,0,0,2,649,5,4,0,0,3
268.00,0,44,36,43,33,56,3,8,26,41,978.00,1660.12,307.00,64.00,969.00,2591.95,211.00,141.00,1080,8,8,0,1,5,1999,10,12,0,0,4
269.00,0,20,5,13,6,13,3,6,6,12,948.00,1596.20,205.00,26.00,515.00,3221.36,102.00,48.00,771,4,6,0,2,4,220,3,1,0,0,1
271.00,0,0,18,15,20,16,1,1,11,12,431.00,2090.26,144.00,35.00,360.00,1523.33,127.00,66.00,63,1,1,0,0,1,73,1,0,0,0,1
272.00,0,33,12,25,12,32,4,5,7,11,1200.00,1861.50,294.00,30.00,830.00,2147.35,208.00,53.00,353,6,3,0,0,1,435,6,2,0,0,2
273.00,0,14,4,12,1,9,2,2,3,9,903.00,1752.49,203.00,29.00,622.00,1811.09,142.00,62.00,142,4,4,1,0,2,307,2,1,0,0,2
274.00,1,22,61,204,57,206,3,2,40,116,1680.00,1826.61,243.00,65.00,507.00,2911.24,92.00,289.00,0,0,0,1,0,1,144,3,2,0,0,3
275.00,1,15,0,5,0,4,0,1,0,4,601.00,2385.52,225.00,98.00,256.00,2029.69,33.00,215.00,0,0,0,0,0,0,0,0,0,0,0,0
276.00,0,15,3,9,5,15,1,2,5,9,961.00,1898.02,269.00,24.00,692.00,2996.97,113.00,31.00,0,0,0,0,0,0,0,0,0,0,0,0
277.00,1,15,0,0,0,0,0,0,0,0,287.00,3724.39,76.00,15.00,122.00,2033.61,48.00,59.00,0,0,0,0,0,0,0,0,0,0,0,0
278.00,0,0,45,122,43,106,2,2,24,54,1087.00,2183.07,296.00,41.00,713.00,2232.12,211.00,87.00,405,11,7,1,0,2,248,13,9,1,0,3
279.00,0,11,415,1033,433,979,1,1,62,92,1161.00,1599.48,266.00,98.00,670.00,2238.36,170.00,239.00,228,2,1,0,0,1,2350,1,2,0,0,1
280.00,0,51,0,23,0,26,0,5,0,13,1015.00,1613.50,306.00,62.00,1103.00,1881.87,232.00,114.00,95,1,2,0,0,2,1207,5,4,0,0,4
281.00,1,9,0,0,0,0,0,0,0,0,941.00,1945.06,193.00,41.00,631.00,1284.63,117.00,116.00,0,0,0,0,0,0,0,0,0,0,0,0
282.00,0,18,0,4,0,7,0,3,0,6,1833.00,2156.79,225.00,36.00,523.00,1447.23,141.00,108.00,31,2,3,0,0,1,0,0,0,0,0,0
283.00,0,15,5,7,5,7,2,2,5,3,1497.00,1799.80,331.00,39.00,1301.00,1948.27,290.00,129.00,463,1,2,2,0,3,47,0,2,1,0,2
284.00,1,12,2,0,1,0,1,0,2,0,558.00,1312.37,187.00,30.00,288.00,1404.17,86.00,78.00,0,0,0,0,0,0,0,0,0,0,0,0
285.00,0,14,0,2,0,2,0,1,0,2,723.00,2736.51,242.00,62.00,366.00,3529.51,66.00,167.00,0,0,0,0,0,0,31,0,2,0,0,1
286.00,0,12,0,6,0,6,0,1,0,3,743.00,1377.25,206.00,99.00,1120.00,3075.54,162.00,140.00,0,0,0,0,0,0,0,0,0,0,0,0
287.00,0,11,0,0,0,0,0,0,0,0,1364.00,1967.82,236.00,133.00,1043.00,2393.38,132.00,388.00,0,0,0,0,0,0,0,0,0,0,0,0
288.00,0,29,49,107,50,111,4,3,31,27,562.00,3330.43,168.00,20.00,250.00,4219.20,89.00,84.00,426,0,11,1,4,3,4062,4,7,2,2,5
289.00,0,2,93,73,79,63,2,2,33,34,728.00,2085.58,214.00,97.00,1344.00,1880.58,179.00,292.00,3771,54,26,0,1,2,2769,28,14,0,0,2
290.00,0,17,0,14,0,15,0,2,0,7,798.00,1776.69,168.00,13.00,406.00,1846.55,144.00,17.00,76,1,0,0,0,1,0,0,0,0,0,0
291.00,1,24,2,33,2,36,1,5,3,18,1000.00,2125.80,203.00,37.00,450.00,2296.67,158.00,30.00,0,0,0,0,0,0,19,0,1,1,0,2
292.00,0,7,1,6,0,1,1,2,1,7,1277.00,2299.22,268.00,36.00,578.00,2008.65,155.00,27.00,28,1,0,0,0,1,0,0,0,0,0,0
293.00,1,11,0,0,0,0,0,0,0,0,183.00,2683.61,66.00,77.00,287.00,2794.08,73.00,167.00,0,0,0,0,0,0,0,0,0,0,0,0
294.00,0,37,23,56,17,42,2,2,11,23,536.00,1807.28,202.00,45.00,1017.00,1872.86,241.00,124.00,76,1,2,0,1,2,0,0,0,0,0,0
295.00,0,15,0,0,0,0,0,0,0,0,575.00,1456.70,168.00,105.00,648.00,2087.96,127.00,201.00,35,0,1,0,0,1,50,0,2,0,0,2
296.00,1,12,59,290,75,440,1,1,17,26,512.00,1467.19,155.00,19.00,299.00,1936.45,122.00,14.00,0,0,0,0,0,0,0,0,0,0,0,0
297.00,0,18,8,5,5,3,1,1,7,6,698.00,1505.16,228.00,106.00,786.00,1922.90,190.00,212.00,270,8,6,0,0,2,155,4,1,0,0,1
298.00,1,2,0,0,0,0,0,0,0,0,317.00,1430.91,138.00,92.00,268.00,1833.58,56.00,172.00,0,0,0,0,0,0,0,0,0,0,0,0
299.00,0,21,111,224,103,220,5,4,33,62,819.00,2077.66,252.00,9.00,511.00,1397.85,155.00,18.00,287,5,1,0,1,2,1029,7,5,0,0,3
300.00,1,65,38,63,41,48,4,4,26,37,599.00,2362.94,154.00,41.00,711.00,3083.12,142.00,76.00,716,9,10,0,0,3,1493,18,5,0,0,2
301.00,0,35,36,40,32,47,4,4,19,32,772.00,2121.76,283.00,48.00,1335.00,2527.42,208.00,70.00,924,16,15,2,0,4,1892,6,28,0,0,2
302.00,0,4,0,0,0,0,0,0,0,0,881.00,2078.55,178.00,34.00,274.00,5109.85,94.00,74.00,0,0,0,0,0,0,0,0,0,0,0,0
303.00,0,3,0,0,0,0,0,0,0,0,457.00,1943.76,112.00,36.00,107.00,2730.84,31.00,67.00,0,0,0,0,0,0,0,0,0,0,0,0
304.00,0,16,75,35,84,43,5,5,38,24,712.00,2174.16,216.00,22.00,500.00,2259.60,145.00,94.00,77,2,2,0,0,4,0,0,0,0,0,0
306.00,0,33,6,0,5,0,1,0,4,0,1445.00,1977.51,290.00,56.00,838.00,3076.25,117.00,121.00,0,0,0,0,0,0,636,0,1,0,1,1
307.00,0,7,0,0,0,0,0,0,0,0,494.00,1704.66,117.00,50.00,201.00,1368.66,73.00,84.00,0,0,0,0,0,0,0,0,0,0,0,0
308.00,1,20,23,34,13,29,3,2,8,5,1369.00,1886.12,287.00,95.00,870.00,1646.21,238.00,194.00,516,4,2,0,0,2,252,0,3,0,0,2
309.00,0,7,0,0,0,0,0,0,0,0,1621.00,2231.40,318.00,68.00,558.00,2503.23,113.00,155.00,0,0,0,0,0,0,0,0,0,0,0,0
310.00,0,11,19,2,20,3,3,2,14,3,381.00,2000.79,111.00,60.00,574.00,1763.94,137.00,74.00,62,1,5,0,0,2,56,1,0,0,0,1
311.00,1,22,12,2,8,6,2,2,4,3,892.00,2513.00,281.00,39.00,1581.00,2133.21,308.00,113.00,0,0,0,0,1,1,54,1,0,0,0,1
313.00,0,9,0,0,0,0,0,0,0,0,98.00,1787.76,0.00,98.00,246.00,2782.93,1.00,245.00,0,0,0,0,0,0,0,0,0,0,0,0
314.00,0,7,24,58,23,54,2,2,16,39,557.00,1284.02,175.00,119.00,580.00,1447.24,63.00,432.00,128,1,2,0,0,1,283,4,6,0,0,2
315.00,0,31,3,0,3,0,1,0,1,0,689.00,1604.93,168.00,75.00,344.00,1663.08,87.00,182.00,0,0,0,0,0,0,0,0,0,0,0,0
316.00,0,7,0,0,0,0,0,0,0,0,14.00,1371.43,0.00,14.00,30.00,1890.00,0.00,30.00,0,0,0,0,0,0,0,0,0,0,0,0
317.00,0,15,6,3,5,5,1,2,4,3,700.00,1565.14,219.00,31.00,160.00,1361.25,95.00,24.00,0,0,0,0,0,0,94,0,1,0,0,1
318.00,0,5,0,0,0,0,0,0,0,0,633.00,2400.47,194.00,74.00,676.00,1802.66,109.00,115.00,0,0,0,0,0,0,0,0,0,0,0,0
319.00,0,0,0,0,0,0,0,0,0,0,466.00,2490.77,106.00,74.00,207.00,2753.62,35.00,157.00,0,0,0,0,0,0,0,0,0,0,0,0
320.00,1,11,0,0,0,0,0,0,0,0,69.00,4060.87,1.00,68.00,73.00,2112.33,0.00,73.00,0,0,0,0,0,0,0,0,0,0,0,0
321.00,1,0,17,7,9,9,2,1,7,7,117.00,7635.90,32.00,51.00,158.00,11067.72,18.00,114.00,919,2,1,0,0,1,920,2,1,1,0,1
323.00,0,25,0,3,0,1,0,1,0,2,314.00,1951.91,89.00,36.00,776.00,1500.00,163.00,261.00,0,0,0,0,0,0,7,2,0,0,0,1
324.00,0,72,16,32,11,33,5,6,10,24,821.00,1784.29,259.00,50.00,1395.00,1736.77,219.00,90.00,410,4,2,1,0,2,230,2,11,0,8,5
325.00,0,7,2,0,6,4,1,2,4,3,1395.00,2132.47,384.00,77.00,1153.00,2384.91,223.00,169.00,82,2,2,0,0,2,211,1,0,0,0,1
326.00,1,13,4,5,8,2,1,1,3,2,260.00,2246.54,81.00,2.00,267.00,1848.31,121.00,8.00,0,0,0,1,0,1,54,0,1,0,0,1
327.00,0,9,0,1,0,0,0,1,0,1,748.00,2010.56,169.00,25.00,340.00,1615.59,85.00,60.00,0,0,0,0,0,0,54,2,0,0,1,1
328.00,0,7,0,0,0,0,0,0,0,0,598.00,1841.14,170.00,91.00,290.00,4844.48,42.00,166.00,0,0,0,0,1,1,0,0,0,0,0,0
329.00,0,4,0,0,0,0,0,0,0,0,64.00,7312.50,8.00,36.00,126.00,8026.19,7.00,59.00,0,0,0,0,0,0,0,0,0,0,0,0
330.00,1,32,1,5,3,8,2,2,2,5,1214.00,2188.47,282.00,51.00,551.00,3702.36,91.00,168.00,52,2,1,0,2,2,0,0,0,0,0,0
332.00,0,6,3,2,3,1,1,2,1,3,32.00,4303.12,13.00,8.00,12.00,3400.00,1.00,7.00,0,0,0,0,0,0,0,0,0,0,0,0
334.00,0,15,13,7,16,5,1,1,6,2,1290.00,1678.37,222.00,11.00,439.00,1278.59,156.00,31.00,31,1,3,0,0,1,0,0,0,0,0,0
335.00,1,9,62,116,62,130,2,2,35,64,551.00,1913.79,191.00,5.00,121.00,6265.29,51.00,23.00,405,7,11,0,0,1,225,8,11,0,1,1
336.00,0,21,0,1,0,3,0,2,0,2,842.00,3156.77,212.00,65.00,612.00,3162.75,194.00,135.00,0,0,0,0,0,0,0,0,0,0,0,0
337.00,0,5,1,15,1,14,1,1,2,10,91.00,2821.98,35.00,25.00,25.00,2400.00,1.00,24.00,702,1,3,0,1,1,421,5,2,1,1,1
338.00,1,12,0,0,0,0,0,0,0,0,705.00,2442.13,212.00,58.00,279.00,2970.97,93.00,56.00,0,0,0,0,0,0,0,0,0,0,0,0
339.00,0,19,2,22,4,21,2,3,3,10,1107.00,2291.33,304.00,54.00,367.00,4274.39,126.00,98.00,175,3,5,1,0,3,20,0,1,0,0,1
340.00,0,3,33,15,34,22,1,1,17,15,152.00,2808.55,48.00,42.00,405.00,2426.67,73.00,120.00,1,0,1,0,0,1,147,0,2,0,0,1
341.00,0,12,8,2,7,1,1,1,3,1,788.00,2356.60,115.00,3.00,254.00,4243.70,79.00,9.00,117,1,3,0,0,2,69,3,0,0,0,2
342.00,1,51,13,22,13,21,4,6,14,19,948.00,2101.27,272.00,81.00,651.00,2538.25,122.00,213.00,600,2,7,0,1,5,91,1,2,0,0,3
343.00,0,8,0,0,0,0,0,0,0,0,429.00,2265.73,77.00,80.00,801.00,3093.63,44.00,204.00,121,0,5,1,0,1,0,0,0,0,0,0
344.00,0,24,9,11,6,18,2,3,3,7,1275.00,2647.53,263.00,83.00,908.00,2184.91,187.00,221.00,304,1,6,0,2,3,82,1,3,0,2,3
345.00,0,14,1,0,2,0,1,0,1,0,460.00,2077.83,126.00,68.00,447.00,2500.00,53.00,117.00,3,1,0,0,0,1,0,0,0,0,0,0
346.00,0,17,0,0,0,0,0,0,0,0,64.00,1382.81,0.00,64.00,143.00,3656.64,3.00,140.00,0,0,0,0,0,0,246,1,0,0,0,1
347.00,0,8,0,0,0,0,0,0,0,0,105.00,4808.57,3.00,101.00,127.00,3895.28,2.00,124.00,0,0,0,0,0,0,0,0,0,0,0,0
348.00,0,18,0,3,2,5,1,3,1,5,383.00,2548.83,150.00,17.00,996.00,1793.37,187.00,78.00,30,0,1,0,0,1,65,0,1,0,0,1
349.00,0,5,0,0,0,0,0,0,0,0,1008.00,1784.23,223.00,44.00,522.00,1801.72,164.00,54.00,0,0,0,0,0,0,0,0,0,0,0,0
350.00,0,24,4,4,5,3,1,1,3,2,939.00,1510.22,234.00,34.00,265.00,1644.91,86.00,44.00,0,0,0,0,0,0,3,0,1,0,0,1
351.00,0,30,18,26,9,18,2,5,5,10,486.00,2159.26,134.00,99.00,428.00,4007.24,124.00,150.00,29,1,0,0,0,1,915,9,4,2,1,4
352.00,0,18,2,1,2,1,1,1,1,1,552.00,1454.35,161.00,39.00,701.00,1363.05,203.00,177.00,53,0,2,0,0,1,0,0,0,0,0,0
353.00,0,12,0,0,0,0,0,0,0,0,1135.00,2242.20,308.00,76.00,372.00,2408.06,104.00,140.00,0,0,0,0,0,0,0,0,0,0,0,0
354.00,1,16,10,6,14,5,1,1,4,4,862.00,1879.70,271.00,94.00,387.00,2790.70,95.00,172.00,342,8,8,0,2,1,1057,10,1,0,4,1
355.00,1,10,6,0,3,2,1,1,2,2,480.00,1672.50,131.00,3.00,286.00,2049.65,83.00,7.00,0,0,0,0,0,0,58,1,0,0,0,1
356.00,0,19,17,5,13,1,2,1,4,3,934.00,2381.37,308.00,103.00,340.00,1611.18,46.00,262.00,650,16,4,1,2,3,21,0,1,0,0,1
357.00,1,19,27,92,26,85,3,2,19,17,716.00,1937.01,224.00,53.00,489.00,2622.09,113.00,75.00,1162,0,12,0,0,3,80,1,2,1,0,2
358.00,1,48,12,35,11,29,4,5,12,19,994.00,2136.52,265.00,50.00,862.00,1732.13,196.00,223.00,1918,1,5,0,3,2,2420,8,1,0,1,2
359.00,0,18,18,24,13,25,4,3,11,13,1263.00,2160.57,261.00,34.00,1042.00,2630.33,207.00,83.00,347,3,4,0,1,2,69,1,2,0,0,1
360.00,0,14,1,2,1,3,1,2,1,3,407.00,1496.31,138.00,44.00,635.00,1071.02,178.00,125.00,35,0,1,1,0,1,331,4,5,0,0,2
361.00,0,1,0,1,1,1,1,1,1,2,544.00,1966.54,132.00,64.00,394.00,2716.75,94.00,160.00,0,0,0,0,0,0,0,0,0,0,0,0
362.00,0,5,2,0,3,0,2,0,3,0,418.00,1276.08,142.00,74.00,315.00,1089.52,63.00,225.00,0,0,0,0,0,0,0,0,0,0,0,0
363.00,0,10,4,9,6,11,2,1,4,5,1332.00,1649.55,279.00,75.00,534.00,2738.20,112.00,158.00,157,0,2,0,0,2,0,0,0,0,0,0
364.00,0,6,21,43,19,49,1,3,9,17,697.00,1633.00,177.00,66.00,1171.00,893.34,210.00,218.00,2,1,0,1,0,1,556,9,7,0,0,4
365.00,1,13,0,1,0,2,0,1,0,1,543.00,1645.86,167.00,45.00,306.00,2286.27,50.00,60.00,0,0,0,0,0,0,0,0,0,0,0,0
366.00,0,0,1,0,1,0,1,0,1,0,808.00,1337.75,270.00,77.00,1014.00,957.99,196.00,199.00,0,0,0,0,0,0,0,0,0,0,0,0
367.00,0,7,0,8,1,4,1,3,1,8,466.00,2781.12,133.00,7.00,154.00,2382.47,64.00,14.00,53,0,1,0,0,1,0,0,0,0,0,0
368.00,1,16,9,18,14,18,4,4,10,19,717.00,1907.11,256.00,43.00,780.00,2285.77,190.00,51.00,0,0,0,0,0,0,0,0,0,0,0,0
369.00,0,3,0,0,0,0,0,0,0,0,301.00,1816.94,116.00,65.00,373.00,2507.77,156.00,94.00,0,0,0,0,0,0,0,0,0,0,0,0
370.00,0,13,9,11,6,7,1,1,3,4,243.00,1467.90,94.00,48.00,673.00,1120.21,148.00,103.00,0,0,0,0,0,0,0,0,0,0,0,0
371.00,1,50,22,42,21,48,6,8,19,39,966.00,1898.14,281.00,52.00,994.00,2128.67,223.00,129.00,188,3,1,0,0,4,98,0,1,0,0,1
372.00,0,21,21,5,19,5,4,2,15,4,1256.00,1926.35,388.00,47.00,749.00,2870.23,176.00,107.00,439,2,4,0,0,2,95,1,3,0,0,3
373.00,0,60,0,4,0,5,0,2,0,3,1039.00,2527.05,230.00,48.00,1658.00,2018.58,210.00,116.00,278,0,5,0,0,2,150,0,3,0,0,2
374.00,0,23,6,7,10,11,2,2,9,9,498.00,1895.18,130.00,76.00,795.00,1875.85,196.00,180.00,492,6,10,0,0,4,191,1,5,0,0,2
375.00,0,9,0,0,0,0,0,0,0,0,568.00,1576.58,208.00,74.00,466.00,3613.52,82.00,99.00,0,0,0,0,0,0,0,0,0,0,0,0
376.00,0,19,57,9,41,9,1,1,12,7,526.00,2577.38,194.00,23.00,504.00,3725.60,136.00,22.00,22,1,0,0,0,1,0,0,0,0,0,0
378.00,0,30,1,19,1,17,1,5,2,11,1632.00,2173.90,234.00,77.00,1591.00,1828.10,287.00,258.00,48,0,6,2,1,3,244,7,4,6,0,3
379.00,0,8,30,34,34,27,1,2,5,11,702.00,2089.32,192.00,2.00,158.00,2456.96,74.00,0.00,141,5,2,0,1,2,46,2,2,0,0,1
380.00,0,0,2,2,4,2,1,1,3,3,1023.00,1396.48,333.00,71.00,336.00,1839.29,93.00,140.00,0,0,0,0,0,0,776,1,0,0,0,1
381.00,0,27,2,0,1,1,1,1,1,1,43.00,3683.72,21.00,14.00,286.00,1947.90,97.00,52.00,28,1,1,0,0,2,375,2,0,0,8,1
382.00,0,5,77,88,92,103,2,1,33,35,410.00,1980.00,145.00,3.00,162.00,6403.70,55.00,6.00,1031,3,2,1,0,1,300,2,3,0,0,1
383.00,1,8,8,9,5,8,3,3,5,7,1426.00,2595.02,303.00,65.00,804.00,3210.82,200.00,213.00,197,0,3,3,0,2,58,1,2,0,0,1
384.00,0,4,0,0,0,0,0,0,0,0,862.00,1656.26,268.00,116.00,639.00,1546.01,184.00,258.00,0,0,0,0,0,0,0,0,0,0,0,0
385.00,0,29,0,0,0,0,0,0,0,0,128.00,1403.91,50.00,12.00,131.00,2161.83,52.00,21.00,0,0,0,0,0,0,0,0,0,0,0,0
386.00,0,8,6,8,4,11,2,1,4,5,1486.00,2299.26,285.00,65.00,821.00,2757.73,195.00,306.00,207,2,1,1,0,2,115,0,3,0,1,2
387.00,0,11,0,0,0,0,0,0,0,0,30.00,1190.00,2.00,28.00,96.00,1500.00,0.00,96.00,0,0,0,0,0,0,0,0,0,0,0,0
388.00,0,20,42,10,42,7,3,3,21,8,1110.00,2438.92,280.00,83.00,425.00,2300.47,134.00,133.00,204,8,0,0,0,3,0,0,0,0,0,0
389.00,0,3,0,1,0,2,0,1,0,2,594.00,1448.99,232.00,26.00,300.00,1465.00,88.00,134.00,0,0,0,0,0,0,0,0,0,0,0,0
390.00,0,17,49,48,44,56,2,2,29,28,632.00,1181.49,224.00,78.00,371.00,2054.72,59.00,101.00,488,3,3,0,1,1,140,0,3,0,0,1
391.00,0,7,35,95,39,123,2,2,14,32,379.00,2312.93,124.00,34.00,259.00,4089.96,78.00,46.00,0,0,0,0,0,0,598,1,1,0,0,1
392.00,0,19,0,1,0,3,0,1,0,2,314.00,1344.27,138.00,8.00,131.00,1822.90,33.00,67.00,0,0,0,0,0,0,7,0,2,0,0,1
393.00,0,26,0,0,0,4,0,2,0,2,2.00,300.00,2.00,0.00,10.00,1440.00,1.00,2.00,0,0,0,0,0,0,0,0,0,0,0,0
394.00,1,15,2,5,4,7,2,3,3,6,1542.00,2200.00,311.00,38.00,669.00,2118.83,104.00,70.00,388,8,3,0,1,3,0,0,0,0,0,0
395.00,1,16,3,10,2,9,2,2,3,6,740.00,1721.76,184.00,65.00,604.00,2042.88,140.00,199.00,6,1,0,0,0,1,68,0,1,0,1,2
396.00,0,17,0,1,0,0,0,1,0,1,797.00,2028.86,227.00,12.00,465.00,1454.84,128.00,17.00,19,1,1,0,0,2,0,0,0,0,0,0
397.00,0,6,9,8,12,8,2,2,4,7,1006.00,1765.11,212.00,41.00,1258.00,2021.07,244.00,107.00,147,5,2,0,0,2,237,1,3,0,0,3
398.00,0,26,0,0,0,0,0,0,0,0,18.00,583.33,0.00,18.00,12.00,2925.00,0.00,12.00,0,0,0,0,0,0,0,0,0,0,0,0
399.00,0,13,17,5,17,5,2,1,7,1,1130.00,1897.70,280.00,62.00,725.00,1849.66,222.00,132.00,0,0,0,2,0,1,0,0,0,0,0,0
400.00,0,9,0,0,0,0,0,0,0,0,442.00,1254.30,184.00,63.00,158.00,1902.53,40.00,94.00,0,0,0,0,0,0,0,0,0,0,0,0
401.00,0,56,3,79,9,85,3,9,6,53,985.00,2491.37,274.00,38.00,1391.00,3161.54,226.00,60.00,786,4,5,1,0,4,1896,10,19,5,1,10
402.00,0,22,2,2,2,0,1,1,3,1,1098.00,1411.48,211.00,64.00,452.00,1987.17,79.00,189.00,112,3,4,0,2,1,11,1,0,0,0,1
403.00,0,24,9,8,7,8,2,3,3,8,1715.00,1761.34,292.00,74.00,1091.00,2490.47,120.00,337.00,247,2,6,0,0,2,33,1,2,0,0,2
404.00,1,10,0,0,0,0,0,0,0,0,561.00,1537.97,172.00,52.00,294.00,5137.76,79.00,125.00,0,0,0,0,0,0,0,0,0,0,0,0
405.00,1,31,38,38,43,38,3,3,17,20,1195.00,1726.95,275.00,50.00,948.00,2075.63,233.00,139.00,1241,22,31,3,1,4,915,11,10,1,0,4
406.00,0,26,3,3,1,4,1,1,3,2,453.00,2134.44,168.00,25.00,194.00,2616.49,96.00,19.00,83,0,4,0,0,2,211,1,1,0,0,1
407.00,0,11,0,0,0,0,0,0,0,0,1405.00,1954.16,220.00,42.00,146.00,2167.81,44.00,44.00,0,0,0,0,0,0,0,0,0,0,0,0
408.00,0,8,1,0,0,0,1,0,1,0,896.00,2051.79,177.00,60.00,297.00,3315.15,70.00,85.00,0,0,0,0,0,0,0,0,0,0,0,0
409.00,0,8,6,20,2,21,3,2,4,8,364.00,1840.38,142.00,120.00,413.00,2000.48,94.00,255.00,0,0,0,0,0,0,0,0,0,0,0,0
410.00,0,10,0,0,0,0,0,0,0,0,60.00,2385.00,4.00,56.00,58.00,1805.17,3.00,55.00,0,0,0,0,0,0,0,0,0,0,0,0
411.00,0,20,0,0,0,0,0,0,0,0,334.00,1773.05,132.00,61.00,430.00,1368.84,138.00,85.00,0,0,0,0,0,0,0,0,0,0,0,0
412.00,0,11,0,2,0,2,0,1,0,3,1616.00,2242.20,284.00,56.00,674.00,2558.90,153.00,180.00,0,0,0,0,0,0,23,0,1,0,0,1
413.00,0,15,8,10,7,15,2,3,2,9,990.00,1861.82,141.00,103.00,432.00,1448.61,72.00,303.00,657,0,5,0,0,2,30,2,0,0,0,2
414.00,1,10,18,16,21,17,2,3,13,15,593.00,2063.07,202.00,11.00,145.00,3053.79,61.00,37.00,0,0,0,0,0,0,0,0,0,0,0,0
415.00,1,31,10,31,5,30,3,5,7,9,891.00,2631.99,216.00,84.00,746.00,2828.28,176.00,94.00,120,2,2,0,0,3,0,0,0,0,0,0
416.00,1,23,0,10,0,8,0,2,0,6,1300.00,2797.85,280.00,77.00,647.00,2581.30,147.00,187.00,18,0,1,0,0,1,51,0,1,0,0,1
417.00,0,2,0,0,0,0,0,0,0,0,132.00,2711.36,0.00,132.00,358.00,2619.55,3.00,355.00,0,0,0,0,0,0,0,0,0,0,0,0
418.00,0,0,0,2,0,3,0,1,0,1,844.00,1683.41,226.00,7.00,561.00,1425.13,179.00,42.00,85,0,2,0,0,2,38,0,1,0,0,1
419.00,0,9,42,50,33,48,2,3,16,15,144.00,8841.67,45.00,28.00,161.00,11670.19,27.00,69.00,819,8,8,2,4,1,85,1,1,0,2,2
420.00,0,1,14,5,15,6,3,1,10,2,135.00,1806.67,52.00,8.00,101.00,938.61,19.00,17.00,7940,13,21,4,0,2,2736,7,5,4,0,2
421.00,0,22,5,11,6,14,2,2,3,7,812.00,1687.32,278.00,42.00,749.00,2009.88,181.00,142.00,179,2,3,0,0,2,0,0,0,0,0,0
422.00,0,0,6,14,4,10,4,5,6,10,979.00,2230.23,267.00,73.00,640.00,4783.12,181.00,118.00,0,0,0,0,0,0,155,2,3,0,0,2
423.00,0,23,2,3,3,4,1,2,1,2,1062.00,1975.14,250.00,39.00,790.00,1754.81,234.00,45.00,0,0,0,0,0,0,46,4,1,1,2,2
424.00,0,30,16,8,12,10,5,3,16,13,707.00,2096.61,205.00,42.00,1198.00,2308.60,214.00,160.00,1386,21,6,0,3,4,2030,13,9,1,6,4
425.00,0,2,0,0,0,0,0,0,0,0,999.00,2378.98,213.00,53.00,261.00,3629.89,68.00,143.00,0,0,0,0,0,0,0,0,0,0,0,0
426.00,0,8,0,0,0,0,0,0,0,0,133.00,1921.80,11.00,122.00,219.00,1726.03,8.00,210.00,0,0,0,0,0,0,0,0,0,0,0,0
427.00,0,5,6,3,3,4,2,2,5,6,1443.00,1973.39,330.00,35.00,935.00,2454.55,132.00,126.00,54,1,2,0,0,1,211,0,1,0,0,1
428.00,0,3,0,0,0,0,0,0,0,0,356.00,1627.25,184.00,78.00,421.00,2701.43,131.00,137.00,295,5,1,0,1,1,0,0,0,0,0,0
429.00,0,8,0,0,0,0,0,0,0,0,390.00,2070.77,102.00,52.00,209.00,2608.13,61.00,107.00,0,0,0,0,0,0,0,0,0,0,0,0
430.00,0,2,0,10,0,9,0,1,0,7,398.00,1640.95,121.00,110.00,415.00,1737.83,79.00,313.00,157,1,4,0,0,1,0,0,0,0,0,0
431.00,0,20,0,0,0,0,0,0,0,0,479.00,2441.34,188.00,16.00,73.00,7315.07,30.00,27.00,0,0,0,0,0,0,0,0,0,0,0,0
432.00,0,18,1,0,2,0,1,0,1,0,686.00,1934.26,232.00,36.00,448.00,3591.96,91.00,104.00,0,0,0,0,0,0,0,0,0,0,0,0
433.00,0,2,0,0,0,0,0,0,0,0,612.00,1930.88,219.00,65.00,296.00,3345.61,113.00,83.00,0,0,0,0,0,0,0,0,0,0,0,0
434.00,0,1,0,0,0,0,0,0,0,0,631.00,2347.23,121.00,69.00,547.00,2754.30,109.00,186.00,0,0,0,0,0,0,0,0,0,0,0,0
435.00,0,6,3,4,3,5,1,1,5,5,942.00,1837.58,152.00,16.00,358.00,2263.41,78.00,80.00,78,4,0,0,0,1,0,0,0,0,0,0
436.00,0,24,8,12,6,14,2,3,6,14,1048.00,2462.12,136.00,48.00,223.00,3516.59,68.00,133.00,94,3,2,1,0,3,5865,5,3,1,0,1
437.00,0,17,6,3,6,2,2,2,8,4,1044.00,1663.51,302.00,102.00,601.00,1214.48,204.00,220.00,0,0,0,0,0,0,0,0,0,0,0,0
438.00,0,14,6,1,2,2,1,2,3,2,988.00,2552.13,258.00,36.00,623.00,3988.12,188.00,118.00,206,0,2,0,0,1,0,0,0,0,0,0
439.00,1,14,0,0,0,0,0,0,0,0,1074.00,3291.90,124.00,27.00,169.00,2201.18,77.00,49.00,0,0,0,0,0,0,0,0,0,0,0,0
440.00,0,22,1,0,1,0,1,0,1,0,373.00,1568.36,155.00,52.00,261.00,2293.10,48.00,133.00,0,0,0,0,0,0,84,1,2,0,0,1
441.00,0,13,4,13,3,17,2,3,4,7,1663.00,1724.23,351.00,76.00,923.00,2513.76,246.00,188.00,252,1,1,0,3,3,346,2,4,1,1,3
442.00,0,9,8,2,9,2,1,1,3,1,271.00,2465.31,74.00,0.00,4.00,525.00,4.00,0.00,2,0,1,0,0,1,0,0,0,0,0,0
443.00,1,10,0,0,0,0,0,0,0,0,889.00,1758.83,219.00,73.00,501.00,2569.46,88.00,186.00,0,0,0,0,0,0,0,0,0,0,0,0
444.00,0,49,4,12,3,20,2,2,5,9,610.00,1541.80,128.00,6.00,200.00,1506.00,69.00,18.00,226,6,4,2,0,2,2480,1,5,0,0,3
445.00,0,8,2,3,2,2,1,1,2,1,158.00,1410.76,53.00,64.00,149.00,1961.07,13.00,130.00,28,1,0,0,0,1,127,2,0,0,0,1
446.00,0,14,10,0,11,1,2,1,5,1,229.00,2204.80,82.00,62.00,308.00,3330.19,49.00,139.00,2532,4,7,1,0,2,357,0,7,1,0,2
447.00,0,2,0,0,0,0,0,0,0,0,3.00,2000.00,0.00,3.00,2.00,3000.00,0.00,2.00,0,0,0,0,0,0,0,0,0,0,0,0
448.00,0,23,26,90,28,84,4,3,13,41,1467.00,2120.65,376.00,61.00,1216.00,2463.40,102.00,186.00,402,5,2,1,0,4,123,2,1,0,2,1
449.00,0,12,24,15,17,5,2,1,15,14,1043.00,1667.11,316.00,27.00,620.00,4428.39,170.00,30.00,1549,11,19,0,2,1,676,13,8,1,0,2
450.00,0,7,0,0,0,0,0,0,0,0,338.00,2518.05,100.00,22.00,227.00,2818.94,39.00,145.00,0,0,0,0,0,0,0,0,0,0,0,0
451.00,0,4,1,0,1,0,1,0,1,0,333.00,1876.58,92.00,118.00,193.00,1737.82,12.00,180.00,0,0,0,0,0,0,0,0,0,0,0,0
453.00,0,6,1,0,1,0,1,0,1,0,573.00,1883.77,251.00,70.00,333.00,2090.99,100.00,158.00,125,0,2,0,0,1,0,0,0,0,0,0
455.00,0,11,0,7,0,3,0,2,0,6,1613.00,2166.03,210.00,45.00,395.00,1642.03,129.00,77.00,31,3,2,0,0,1,10,2,1,2,0,2
456.00,0,3,0,0,0,0,0,0,0,0,93.00,3274.19,17.00,42.00,242.00,3096.69,112.00,55.00,0,0,0,0,0,0,0,0,0,0,0,0
457.00,0,34,6,25,4,21,4,7,6,20,243.00,1758.02,80.00,24.00,860.00,1607.79,204.00,117.00,14,1,0,0,0,1,300,2,14,1,1,3
459.00,0,2,1,13,2,13,2,2,2,12,586.00,1801.54,202.00,42.00,166.00,6831.33,26.00,74.00,90,1,1,0,0,1,640,5,4,0,1,3
460.00,0,7,0,0,0,0,0,0,0,0,153.00,2501.96,48.00,83.00,274.00,2363.87,15.00,259.00,0,0,0,0,0,0,0,0,0,0,0,0
461.00,0,10,0,4,0,5,0,3,0,4,866.00,2154.39,210.00,53.00,1129.00,2341.28,227.00,94.00,0,0,0,1,0,1,179,2,0,0,0,2
462.00,0,19,0,4,0,4,0,1,0,2,511.00,2004.31,134.00,15.00,417.00,2048.92,103.00,25.00,0,0,0,0,0,0,0,0,0,0,0,0
463.00,0,5,0,0,0,0,0,0,0,0,179.00,2307.82,45.00,112.00,174.00,5334.48,2.00,172.00,0,0,0,0,0,0,0,0,0,0,0,0
464.00,1,20,8,1,7,0,1,1,4,1,53.00,1267.92,19.00,27.00,66.00,1050.00,3.00,59.00,72,1,0,0,0,1,0,0,0,0,0,0
465.00,0,12,38,22,70,39,1,1,37,27,1849.00,2192.81,274.00,43.00,715.00,2329.93,155.00,117.00,405,2,10,0,0,1,317,5,13,0,1,2
466.00,0,34,2,11,4,10,3,3,4,9,1420.00,1517.32,191.00,26.00,298.00,2872.15,56.00,77.00,601,8,3,0,0,4,32,3,0,0,0,3
467.00,0,14,0,0,0,0,0,0,0,0,2428.00,1586.12,324.00,102.00,686.00,1350.87,146.00,300.00,15,1,0,0,0,1,0,0,0,0,0,0
468.00,0,4,3,4,3,7,2,2,3,7,449.00,1559.47,199.00,85.00,306.00,2333.33,85.00,177.00,85,5,1,0,2,2,0,0,0,0,0,0
469.00,1,29,16,5,17,5,1,1,6,1,830.00,1740.72,237.00,9.00,262.00,1675.19,101.00,37.00,0,0,0,0,2,1,0,0,0,0,0,0
470.00,1,21,2,4,3,4,1,1,3,8,791.00,3160.43,233.00,32.00,870.00,1654.14,163.00,140.00,920,4,28,1,1,5,766,1,8,0,0,2
471.00,1,13,0,4,1,5,1,2,1,4,349.00,1578.22,157.00,12.00,286.00,2291.96,94.00,62.00,287,2,4,0,0,2,88,0,1,0,0,1
472.00,0,72,25,58,27,59,4,9,17,34,394.00,1634.77,156.00,43.00,946.00,2093.02,166.00,82.00,246,4,5,1,0,4,125,3,2,0,1,5
473.00,0,8,1,3,2,2,1,1,2,3,766.00,1536.81,223.00,2.00,398.00,1436.68,102.00,20.00,189,0,2,0,0,1,156,0,3,0,1,1
474.00,0,23,90,41,86,31,7,5,57,32,826.00,2043.70,216.00,29.00,573.00,1496.86,196.00,23.00,1025,8,4,0,3,4,507,7,3,0,4,3
475.00,0,12,22,32,25,38,1,1,12,25,1037.00,1636.55,256.00,70.00,472.00,1113.56,110.00,260.00,0,0,0,0,0,0,0,0,0,0,0,0
476.00,1,27,1,7,1,12,1,1,2,4,1730.00,1868.32,244.00,17.00,1279.00,3311.26,232.00,42.00,0,0,0,0,2,1,0,0,0,0,7,2
477.00,1,11,0,16,0,16,0,1,0,4,119.00,1900.84,59.00,5.00,114.00,2460.53,59.00,36.00,0,0,0,0,0,0,0,0,0,0,0,0
478.00,0,19,0,0,0,0,0,0,0,0,779.00,1675.61,221.00,97.00,353.00,1533.99,32.00,310.00,35,1,1,1,0,1,0,0,0,0,0,0
479.00,0,18,4,0,5,1,1,1,1,1,764.00,1660.21,192.00,0.00,134.00,1961.19,34.00,0.00,39,0,4,1,0,1,0,0,0,0,0,0
480.00,0,13,24,37,18,25,2,1,6,15,632.00,1861.23,212.00,12.00,107.00,1474.77,65.00,19.00,624,4,1,0,0,2,3582,6,2,0,0,1
481.00,1,0,187,610,142,413,3,4,44,51,920.00,2221.63,213.00,43.00,342.00,2075.44,81.00,156.00,9,0,1,2,0,2,587,0,2,0,0,1
482.00,0,19,0,20,0,12,0,2,0,9,986.00,1283.67,148.00,27.00,258.00,1154.65,61.00,73.00,0,0,0,0,0,0,2293,4,0,0,0,1
483.00,0,14,0,0,0,0,0,0,0,0,769.00,2684.40,181.00,37.00,478.00,3733.05,118.00,92.00,0,0,0,0,0,0,133,0,1,0,0,1
484.00,1,15,9,0,14,0,1,0,5,0,380.00,1733.68,133.00,19.00,199.00,2517.59,66.00,48.00,0,0,0,0,0,0,0,0,0,0,0,0
485.00,0,101,30,90,27,84,4,9,22,42,1037.00,1535.87,254.00,21.00,1128.00,2574.20,231.00,18.00,513,9,5,0,1,10,363,5,1,0,1,4
486.00,1,57,2,1,3,1,1,1,1,1,594.00,1310.61,176.00,27.00,505.00,1599.80,136.00,87.00,0,0,0,0,0,0,0,0,0,0,2,1
487.00,0,31,0,0,0,0,0,0,0,0,673.00,1631.95,175.00,23.00,126.00,2009.52,30.00,60.00,0,0,0,0,0,0,0,0,0,0,0,0
488.00,0,8,5,14,11,18,1,1,5,10,491.00,1716.29,146.00,22.00,694.00,1744.24,137.00,97.00,0,0,0,0,0,0,0,0,0,0,0,0
489.00,0,9,3,30,6,21,2,2,3,8,433.00,2097.92,127.00,38.00,624.00,2230.29,150.00,219.00,0,0,0,0,0,0,170,0,2,0,0,1
490.00,0,18,1,1,1,1,1,1,1,2,423.00,1695.74,133.00,31.00,347.00,1883.86,113.00,75.00,36,1,1,0,0,1,2,1,0,0,0,1
491.00,0,11,8,6,7,8,2,3,6,7,713.00,2758.91,235.00,60.00,350.00,6700.29,87.00,85.00,425,7,2,0,0,2,599,15,4,0,0,4
492.00,0,26,38,80,35,68,4,6,16,42,1027.00,1407.11,247.00,17.00,682.00,2381.52,140.00,37.00,850,10,10,1,1,3,1104,5,8,1,0,4
493.00,0,3,0,0,0,0,0,0,0,0,1146.00,2035.60,149.00,48.00,897.00,2896.66,67.00,164.00,0,0,0,0,0,0,0,0,0,0,0,0
494.00,0,14,12,14,12,14,3,5,11,13,871.00,2779.22,259.00,41.00,776.00,1865.34,168.00,117.00,34,1,0,0,0,1,0,0,0,1,0,1
495.00,0,1,9,8,7,9,2,2,8,4,157.00,1278.34,71.00,18.00,95.00,3053.68,19.00,74.00,6928,18,13,1,5,2,2865,5,7,0,4,2
496.00,0,13,0,0,0,0,0,0,0,0,64.00,1148.44,42.00,0.00,42.00,1021.43,6.00,0.00,0,0,0,0,0,0,0,0,0,0,0,0
497.00,1,9,0,0,0,0,0,0,0,0,244.00,1563.93,66.00,95.00,524.00,1818.32,112.00,291.00,0,0,0,0,0,0,0,0,0,0,0,0
498.00,0,2,0,0,0,0,0,0,0,0,414.00,2159.42,122.00,53.00,210.00,2031.43,33.00,167.00,0,0,0,0,0,0,0,0,0,0,0,0
499.00,1,25,11,25,10,15,3,4,7,28,698.00,1846.42,169.00,20.00,368.00,2265.49,86.00,102.00,140,0,3,0,0,1,651,6,3,1,0,3
500.00,0,2,0,1,0,1,0,1,0,1,196.00,2914.29,73.00,62.00,173.00,4295.38,10.00,163.00,0,0,0,0,0,0,46,2,1,0,0,2
501.00,0,2,0,0,0,0,0,0,0,0,554.00,3422.38,121.00,54.00,106.00,5844.34,21.00,81.00,0,0,0,0,0,0,0,0,0,0,0,0
502.00,0,19,0,0,0,0,0,0,0,0,722.00,1849.86,234.00,83.00,362.00,1901.93,61.00,158.00,134,1,1,1,0,1,20,0,1,0,0,1
503.00,0,49,1,14,4,7,3,5,4,7,537.00,2214.53,148.00,22.00,532.00,2314.29,132.00,41.00,525,0,3,1,0,2,60,3,0,2,1,2
504.00,0,12,0,0,0,0,0,0,0,0,304.00,1317.43,104.00,58.00,639.00,1370.42,180.00,209.00,93,2,1,0,0,1,24,0,1,0,0,1
505.00,0,25,9,14,10,15,2,5,8,10,1517.00,1954.45,268.00,92.00,678.00,1883.63,200.00,286.00,98,3,4,0,0,1,333,0,2,0,0,2
506.00,0,16,12,5,18,9,2,2,8,4,865.00,2489.83,286.00,33.00,503.00,3209.34,161.00,88.00,275,1,9,0,0,2,0,0,0,0,0,0
507.00,1,19,18,16,24,10,2,1,15,17,789.00,2388.21,197.00,15.00,459.00,2347.71,136.00,43.00,374,7,8,0,0,2,253,4,2,0,0,1
508.00,0,10,0,0,0,0,0,0,0,0,584.00,2356.85,130.00,7.00,545.00,1418.53,177.00,26.00,0,0,0,0,0,0,30,0,2,0,0,1
509.00,0,16,0,4,2,3,1,1,2,4,901.00,2768.92,216.00,24.00,308.00,2645.45,86.00,68.00,0,0,0,0,0,0,0,0,0,0,0,0
510.00,0,19,0,0,0,0,0,0,0,0,262.00,1870.99,94.00,47.00,149.00,1888.59,20.00,105.00,35,1,1,0,2,2,16,0,1,0,0,1
511.00,0,0,0,0,0,0,0,0,0,0,35.00,780.00,0.00,35.00,74.00,506.76,0.00,74.00,0,0,0,0,0,0,0,0,0,0,0,0
512.00,1,45,108,249,101,229,6,7,31,55,813.00,2004.80,205.00,60.00,1430.00,2121.19,286.00,166.00,86,0,4,0,1,2,974,7,0,0,0,3
513.00,0,9,11,1,13,1,2,2,6,2,609.00,1706.40,168.00,5.00,751.00,1440.88,172.00,23.00,0,0,0,0,0,0,73,1,1,0,0,2
514.00,0,11,0,0,0,0,0,0,0,0,1318.00,1716.01,291.00,35.00,691.00,1363.68,165.00,232.00,0,0,0,0,0,0,15,1,1,0,0,1
515.00,0,2,0,0,0,0,0,0,0,0,490.00,2319.18,146.00,29.00,219.00,2421.92,70.00,102.00,0,0,0,0,0,0,0,0,0,0,0,0
516.00,0,1,0,0,0,0,0,0,0,0,177.00,2003.39,63.00,73.00,298.00,2928.52,5.00,286.00,0,0,0,0,0,0,0,0,0,0,0,0
517.00,0,6,0,0,0,0,0,0,0,0,272.00,1640.07,82.00,64.00,265.00,4025.66,51.00,124.00,244,1,1,0,0,1,0,0,0,0,0,0
518.00,0,5,0,0,0,0,0,0,0,0,789.00,1730.42,185.00,5.00,481.00,1532.43,118.00,38.00,0,0,0,0,0,0,0,0,0,0,0,0
519.00,0,16,0,10,2,13,1,3,2,5,905.00,2370.83,227.00,43.00,342.00,1989.47,77.00,130.00,0,0,0,0,0,0,43,1,0,0,0,1
520.00,0,14,0,0,0,0,0,0,0,0,1133.00,2547.48,182.00,40.00,386.00,3857.25,59.00,124.00,0,0,0,0,0,0,0,0,0,0,0,0
521.00,1,64,23,48,24,42,3,2,19,34,407.00,2340.29,146.00,0.00,397.00,3617.38,132.00,0.00,614,5,2,1,0,2,1546,8,11,1,0,2
522.00,0,9,0,8,0,7,0,1,0,8,1711.00,2073.87,227.00,64.00,257.00,1936.58,69.00,153.00,7,0,2,0,0,2,6322,5,5,0,1,3
523.00,0,11,3,0,2,0,1,0,1,0,528.00,2402.84,181.00,41.00,356.00,2194.38,97.00,79.00,0,0,0,0,0,0,0,0,0,0,0,0
524.00,1,51,7,18,7,25,2,2,3,8,1097.00,2302.10,261.00,35.00,1053.00,2891.17,170.00,124.00,5,1,0,0,0,1,88,0,2,0,1,2
525.00,1,28,0,0,0,0,0,0,0,0,891.00,1339.06,274.00,36.00,664.00,2946.69,125.00,66.00,0,0,0,0,0,0,0,0,0,0,0,0
526.00,0,4,0,0,3,0,1,0,1,0,125.00,2011.20,63.00,10.00,99.00,3445.45,43.00,24.00,0,0,0,0,1,1,0,0,0,0,0,0
527.00,0,9,15,34,16,29,2,3,12,20,509.00,2272.10,126.00,50.00,263.00,1949.43,15.00,244.00,109,3,0,1,0,1,271,6,3,0,0,2
528.00,1,21,2,2,1,3,2,2,2,4,1227.00,2140.59,251.00,55.00,785.00,2280.76,114.00,124.00,17,0,1,0,0,1,0,0,0,0,0,0
529.00,1,13,0,0,0,0,0,0,0,0,403.00,1978.66,124.00,82.00,348.00,2823.28,89.00,87.00,0,0,0,0,0,0,0,0,0,0,0,0
530.00,0,9,0,0,0,0,0,0,0,0,1202.00,1650.00,307.00,76.00,255.00,4843.53,14.00,131.00,0,0,0,0,0,0,0,0,0,0,0,0
531.00,0,7,24,35,25,31,2,3,16,24,484.00,1758.47,203.00,86.00,886.00,1318.51,192.00,236.00,200,3,4,0,0,2,75,3,4,0,1,2
532.00,0,39,2,4,1,3,1,2,1,5,445.00,1392.81,154.00,64.00,1693.00,2045.60,260.00,135.00,86,0,1,0,0,1,0,0,0,0,0,0
533.00,0,11,6,2,7,3,1,1,3,1,345.00,1753.04,115.00,108.00,334.00,1252.10,87.00,173.00,0,0,0,0,1,1,0,0,0,0,0,0
534.00,0,21,0,2,0,1,0,1,0,2,693.00,1429.87,212.00,16.00,552.00,1242.93,175.00,75.00,0,0,0,0,0,0,220,4,3,0,0,1
535.00,0,9,19,19,13,15,3,2,10,13,678.00,3084.96,211.00,67.00,803.00,2780.32,178.00,141.00,20,1,0,0,0,1,0,0,0,0,0,0
536.00,0,6,6,3,2,6,1,1,2,4,891.00,1846.46,222.00,40.00,263.00,2503.80,113.00,63.00,0,0,0,0,0,0,0,0,0,0,0,0
537.00,0,18,3,7,3,7,2,2,2,5,630.00,1533.33,232.00,76.00,489.00,1615.95,115.00,194.00,89,4,3,0,0,2,11,1,0,0,0,1
538.00,0,16,3,2,6,0,1,1,2,2,848.00,1756.13,229.00,15.00,413.00,2878.69,107.00,53.00,0,0,0,0,0,0,58,0,1,0,0,1
539.00,0,15,3,0,0,0,1,0,1,0,775.00,1944.39,238.00,44.00,551.00,1558.26,154.00,68.00,0,0,0,1,0,1,0,0,0,0,0,0
540.00,0,19,9,4,8,3,1,1,5,3,312.00,2339.42,112.00,0.00,919.00,1653.75,217.00,0.00,0,0,0,0,0,0,322,1,1,2,0,2
541.00,0,21,10,11,17,15,2,3,5,8,742.00,2078.17,180.00,3.00,441.00,3726.53,113.00,7.00,53,1,0,0,0,1,147,2,1,0,0,2
543.00,0,35,9,10,8,8,2,3,2,8,1096.00,2269.43,244.00,52.00,776.00,1570.36,179.00,236.00,107,2,2,2,0,2,0,0,0,0,0,0
544.00,0,3,0,0,0,0,0,0,0,0,576.00,1518.23,187.00,36.00,390.00,3228.46,97.00,78.00,0,0,0,0,0,0,0,0,0,0,0,0
545.00,1,21,0,1,3,0,1,1,3,1,1332.00,2866.44,137.00,40.00,292.00,3194.18,95.00,97.00,34,1,0,0,0,1,0,0,0,0,0,0
546.00,1,19,15,61,7,63,1,2,10,26,709.00,1705.22,205.00,33.00,397.00,3569.02,119.00,63.00,1803,2,3,0,0,1,275,2,2,0,0,1
547.00,0,9,4,0,3,0,1,0,1,0,1492.00,1634.52,261.00,69.00,699.00,1241.20,197.00,161.00,80,0,2,0,0,2,0,0,0,0,0,0
548.00,0,2,18,31,18,29,2,2,14,19,322.00,1210.25,182.00,0.00,88.00,1142.05,60.00,0.00,0,0,0,0,0,0,9,0,2,1,0,2
549.00,0,8,2,18,5,9,2,3,5,9,593.00,1956.83,158.00,41.00,772.00,2710.88,132.00,73.00,249,2,5,0,0,2,80,0,2,0,0,1
550.00,1,30,0,0,1,0,1,0,1,0,528.00,1868.75,159.00,12.00,421.00,1752.97,157.00,35.00,0,0,0,0,0,0,72,0,1,0,0,1
551.00,0,12,27,30,14,29,3,4,12,18,501.00,2235.33,112.00,55.00,536.00,2091.60,140.00,140.00,91,2,1,0,0,3,289,7,3,0,0,3
552.00,0,15,0,5,0,5,0,1,0,5,498.00,2219.88,149.00,0.00,156.00,1700.00,72.00,0.00,0,0,0,0,0,0,54,0,2,0,0,1
553.00,0,8,4,0,5,0,1,0,2,0,1440.00,3303.54,177.00,21.00,357.00,8159.66,96.00,73.00,0,0,0,0,0,0,0,0,0,0,2,1
554.00,0,3,8,3,6,0,1,1,8,3,572.00,1682.52,191.00,10.00,124.00,1920.97,42.00,12.00,267,2,2,0,2,1,0,0,0,0,0,0
555.00,1,2,0,0,0,0,0,0,0,0,1485.00,2247.47,343.00,27.00,406.00,1565.76,176.00,51.00,0,0,0,0,0,0,0,0,0,0,0,0
556.00,1,13,15,26,25,40,2,2,9,19,1433.00,1864.90,392.00,30.00,482.00,2719.92,89.00,195.00,473,0,1,0,0,1,3792,2,8,0,0,2
557.00,1,8,46,55,54,52,4,3,23,19,465.00,3036.77,153.00,44.00,143.00,10116.08,27.00,36.00,873,9,10,4,2,2,37,1,0,1,0,1
558.00,1,8,9,10,8,12,1,3,5,8,494.00,1286.84,164.00,49.00,861.00,2186.41,74.00,76.00,0,0,0,0,0,0,0,0,0,0,0,0
559.00,0,11,0,1,0,0,0,1,0,1,872.00,2364.91,308.00,18.00,1008.00,3150.60,224.00,64.00,125,2,0,0,0,1,112,1,1,0,0,2
560.00,0,15,31,76,37,73,4,4,26,30,1649.00,1735.42,315.00,31.00,1187.00,2507.92,257.00,50.00,876,10,13,1,3,5,1122,14,14,1,1,4
561.00,0,8,3,10,4,9,2,2,2,8,719.00,1368.15,145.00,20.00,442.00,1474.21,115.00,48.00,1080,7,6,1,1,3,2195,13,4,6,1,3
562.00,1,16,0,1,0,0,0,1,0,1,180.00,1520.00,97.00,4.00,9.00,2466.67,5.00,4.00,0,0,0,0,0,0,0,0,0,0,0,0
563.00,0,16,0,0,0,0,0,0,0,0,1053.00,1595.44,199.00,13.00,484.00,989.88,174.00,22.00,0,0,0,0,0,0,0,0,0,0,0,0
565.00,0,1,0,0,0,0,0,0,0,0,244.00,2636.07,67.00,79.00,174.00,2046.55,10.00,164.00,0,0,0,0,0,0,0,0,0,0,0,0
567.00,0,20,4,18,6,8,3,2,7,9,920.00,2200.43,201.00,41.00,351.00,2349.57,112.00,98.00,247,4,1,0,1,2,258,6,3,2,1,3
568.00,0,12,2,8,2,7,1,1,2,5,636.00,3751.42,180.00,23.00,687.00,3204.80,137.00,46.00,0,0,0,0,0,0,0,0,0,0,0,0
569.00,1,18,70,41,38,22,1,2,37,29,1560.00,1830.96,338.00,51.00,953.00,3165.27,143.00,59.00,405,10,2,0,0,1,276,13,4,1,0,1
570.00,0,6,8,31,8,21,1,1,4,11,344.00,1792.15,76.00,19.00,204.00,945.59,74.00,58.00,0,0,0,0,0,0,0,0,0,0,0,0
571.00,1,11,4,3,1,1,1,1,4,4,948.00,1639.87,212.00,33.00,148.00,835.14,27.00,117.00,0,0,0,0,0,0,210,2,0,0,0,1
572.00,0,25,7,16,6,19,3,3,7,7,684.00,1794.74,110.00,0.00,362.00,3237.85,75.00,7.00,987,8,9,0,0,4,570,3,2,0,0,4
573.00,0,5,0,0,0,0,0,0,0,0,184.00,2308.70,28.00,128.00,349.00,1569.63,7.00,326.00,0,0,0,0,0,0,0,0,0,0,0,0
574.00,0,22,2,14,1,15,1,3,1,6,51.00,1541.18,27.00,4.00,15.00,2760.00,3.00,12.00,561,0,3,0,0,1,0,0,0,0,0,0
575.00,0,16,3,5,3,7,1,3,2,4,598.00,2435.12,179.00,37.00,605.00,3377.85,189.00,62.00,186,2,0,12,0,2,0,0,0,0,0,0
576.00,0,19,0,0,0,0,0,0,0,0,900.00,2325.33,205.00,105.00,286.00,1395.10,88.00,145.00,0,0,0,0,0,0,0,0,0,0,0,0
578.00,0,59,366,637,431,727,4,7,111,199,774.00,1824.81,229.00,54.00,930.00,2048.39,168.00,155.00,4177,31,55,1,0,4,4369,23,32,0,0,3
579.00,0,3,0,0,0,0,0,0,0,0,100.00,3690.00,17.00,67.00,589.00,2219.69,59.00,198.00,0,0,0,0,0,0,0,0,0,0,0,0
580.00,0,17,6,27,6,19,3,3,8,14,1246.00,2139.73,273.00,68.00,763.00,1978.90,217.00,148.00,130,0,1,0,0,1,190,4,1,0,1,2
582.00,0,16,3,1,2,1,2,1,3,2,627.00,2867.94,160.00,32.00,442.00,2889.37,65.00,116.00,137,2,5,0,0,2,0,0,0,0,0,0
583.00,0,28,0,7,3,12,1,2,2,8,522.00,2298.85,156.00,20.00,599.00,1104.34,204.00,27.00,7,0,3,0,1,2,966,2,2,0,2,1
584.00,0,6,37,16,32,25,3,3,7,8,663.00,2509.50,216.00,36.00,459.00,1962.09,63.00,365.00,113,5,3,0,0,3,66,3,2,0,0,2
585.00,0,5,1,7,2,11,1,2,2,7,1226.00,1841.11,289.00,61.00,823.00,2064.64,228.00,186.00,85,1,3,0,1,1,0,0,0,0,0,0
586.00,0,9,14,27,17,32,3,3,14,13,367.00,1741.96,110.00,9.00,455.00,1315.38,149.00,36.00,99,2,3,0,1,2,435,3,3,0,1,2
587.00,0,9,0,0,0,0,0,0,0,0,713.00,1954.00,192.00,0.00,430.00,2058.84,143.00,0.00,0,0,0,0,0,0,0,0,0,0,0,0
588.00,1,19,6,15,7,13,3,3,7,13,583.00,1575.13,164.00,11.00,407.00,1752.83,161.00,41.00,0,0,0,0,0,0,41,1,0,0,0,1
589.00,1,23,3,17,3,22,2,5,4,13,476.00,1782.98,146.00,26.00,483.00,2457.14,130.00,79.00,6,0,1,0,0,1,68,1,1,0,0,2
590.00,0,44,0,0,0,1,0,1,0,1,113.00,825.66,56.00,14.00,177.00,1084.75,54.00,34.00,0,0,0,0,0,0,0,0,0,0,0,0
591.00,0,0,0,0,0,0,0,0,0,0,524.00,2176.72,176.00,29.00,204.00,1589.71,57.00,110.00,0,0,0,0,0,0,0,0,0,0,0,0
592.00,0,3,1,3,0,2,1,1,1,2,127.00,3340.16,41.00,47.00,151.00,3208.61,34.00,65.00,31,1,0,0,0,1,68,0,1,0,0,1
593.00,0,11,0,1,0,2,0,1,0,1,500.00,1381.80,199.00,74.00,565.00,1791.50,193.00,106.00,0,0,0,0,0,0,41,0,1,0,0,1
594.00,0,4,0,0,0,0,0,0,0,0,65.00,3069.23,0.00,65.00,123.00,6653.66,1.00,122.00,0,0,0,0,0,0,0,0,0,0,0,0
595.00,0,6,2,2,0,8,1,2,1,4,1195.00,1197.99,342.00,122.00,758.00,1806.73,190.00,381.00,1087,7,6,0,0,2,1966,4,6,0,0,1
596.00,0,10,10,4,9,4,2,2,7,3,309.00,3969.90,138.00,27.00,99.00,11957.58,45.00,41.00,0,0,0,0,0,0,0,0,0,0,0,0
597.00,0,9,0,0,0,0,0,0,0,0,380.00,1667.37,143.00,17.00,360.00,1380.83,123.00,64.00,0,0,0,0,0,0,0,0,0,0,0,0
598.00,0,41,20,13,15,9,7,6,19,16,780.00,2421.15,120.00,33.00,1400.00,2061.43,203.00,48.00,7,1,1,1,0,3,282,4,3,0,0,3
599.00,0,30,3,0,5,0,2,0,7,0,649.00,1761.17,223.00,2.00,772.00,3097.54,174.00,6.00,17,1,0,0,0,1,0,0,0,0,0,0
600.00,1,17,2,1,2,2,1,1,2,3,758.00,2332.32,157.00,87.00,640.00,3213.75,81.00,214.00,193,4,0,0,0,2,0,0,0,0,0,0
601.00,0,11,34,22,33,15,1,1,17,15,105.00,2997.14,15.00,81.00,253.00,3470.75,39.00,206.00,1,1,0,0,0,1,280,3,0,0,0,2
602.00,0,10,0,0,0,0,0,0,0,0,93.00,3135.48,14.00,15.00,246.00,5921.95,46.00,25.00,0,0,0,0,0,0,0,0,0,0,0,0
603.00,0,3,0,0,0,0,0,0,0,0,44.00,6790.91,0.00,44.00,151.00,5831.13,0.00,151.00,0,0,0,0,0,0,0,0,0,0,0,0
607.00,0,6,16,5,13,7,1,1,6,2,510.00,1717.06,166.00,60.00,302.00,1984.77,75.00,121.00,31,3,1,0,0,1,0,0,0,0,0,0
608.00,0,8,0,3,0,3,0,1,0,1,117.00,4143.59,55.00,11.00,623.00,1904.98,175.00,17.00,0,0,0,0,0,0,0,0,0,0,0,0
610.00,0,9,0,0,0,0,0,0,0,0,1107.00,1798.64,264.00,88.00,964.00,1787.55,228.00,202.00,0,0,0,0,0,0,0,0,0,0,0,0
611.00,1,35,26,30,21,23,3,4,13,18,442.00,2004.30,137.00,16.00,652.00,1817.02,155.00,64.00,143,4,3,0,2,3,4,0,1,0,0,1
612.00,0,15,1,6,1,6,1,1,1,3,621.00,1910.63,187.00,56.00,324.00,1553.70,115.00,112.00,72,2,0,1,0,1,10,0,2,0,0,1
613.00,0,0,1,1,0,1,1,1,1,2,1163.00,1859.07,227.00,54.00,221.00,1964.25,50.00,159.00,0,0,0,0,0,0,0,0,0,0,0,0
614.00,1,20,9,14,11,19,1,1,7,12,443.00,2876.75,161.00,41.00,348.00,2231.03,123.00,111.00,20,0,1,0,0,1,0,0,0,0,0,0
615.00,1,16,26,12,21,17,2,2,16,19,933.00,2100.96,190.00,27.00,592.00,3042.57,125.00,115.00,372,7,7,0,0,1,471,2,5,0,0,2
616.00,0,12,3,0,4,0,1,0,3,0,709.00,1632.02,168.00,9.00,238.00,2229.83,85.00,25.00,0,0,0,0,0,0,20,1,0,0,0,1
617.00,1,18,479,1106,455,1131,3,3,79,134,941.00,2482.57,213.00,81.00,597.00,3279.40,110.00,175.00,228,1,2,0,0,1,2948,3,2,0,0,2
619.00,0,27,0,2,0,2,0,1,0,2,629.00,2007.00,184.00,41.00,626.00,2392.33,165.00,89.00,0,0,0,0,0,0,0,0,0,0,0,0
620.00,0,3,0,0,0,0,0,0,0,0,268.00,2159.33,54.00,60.00,345.00,2844.35,29.00,66.00,0,0,0,0,0,0,0,0,0,0,0,0
621.00,0,19,0,0,0,0,0,0,0,0,670.00,1894.03,92.00,0.00,77.00,2224.68,34.00,0.00,0,0,0,0,0,0,0,0,0,0,0,0
622.00,1,20,15,52,9,56,1,1,13,42,8.00,675.00,2.00,6.00,30.00,660.00,1.00,14.00,989,4,8,1,0,1,4327,12,19,3,0,1
623.00,0,12,9,16,22,50,1,1,8,18,393.00,2627.48,98.00,91.00,168.00,2985.71,5.00,159.00,6796,22,11,1,2,1,3082,7,2,0,1,1
624.00,0,19,0,2,0,3,0,1,0,1,658.00,1098.78,254.00,76.00,224.00,1455.80,63.00,141.00,0,0,0,0,0,0,127,0,2,0,0,1
625.00,1,10,0,3,0,5,0,2,0,3,38.00,797.37,32.00,0.00,21.00,1400.00,16.00,1.00,115,1,2,0,0,1,0,0,0,0,0,0
626.00,0,4,0,0,0,0,0,0,0,0,82.00,786.59,2.00,80.00,167.00,882.04,3.00,164.00,0,0,0,0,0,0,0,0,0,0,0,0
627.00,0,16,0,0,0,0,0,0,0,0,970.00,1839.59,165.00,57.00,492.00,2922.56,125.00,123.00,0,0,0,0,0,0,50,1,0,0,0,1
628.00,0,20,3,11,4,16,1,2,4,9,224.00,1783.93,114.00,13.00,180.00,2330.00,52.00,52.00,342,8,5,5,0,2,39,1,0,0,0,1
629.00,0,1,0,0,0,0,0,0,0,0,37.00,6851.35,1.00,36.00,119.00,4197.48,5.00,109.00,0,0,0,0,0,0,0,0,0,0,0,0
630.00,0,5,0,0,0,0,0,0,0,0,850.00,1814.82,214.00,109.00,540.00,1644.44,108.00,296.00,0,0,0,0,0,0,0,0,0,0,0,0
631.00,0,7,3,5,3,5,1,1,1,4,285.00,1422.11,126.00,0.00,159.00,2037.74,36.00,0.00,729,1,8,0,0,2,1323,3,7,0,4,2
632.00,0,19,46,193,49,192,1,3,34,113,1103.00,2720.13,308.00,48.00,547.00,2395.61,56.00,289.00,74,0,3,0,0,1,140,3,1,0,0,3
633.00,1,8,0,0,0,0,0,0,0,0,815.00,1512.15,224.00,68.00,387.00,1985.27,99.00,133.00,0,0,0,0,0,0,0,0,0,0,0,0
634.00,1,0,3,23,1,27,1,1,2,22,728.00,2405.36,194.00,11.00,676.00,2333.88,151.00,47.00,256,6,2,0,7,2,1088,12,4,0,1,1
635.00,0,7,1,0,2,0,1,0,3,0,190.00,1871.05,25.00,101.00,1000.00,1741.80,45.00,146.00,0,0,0,0,0,0,0,0,0,0,0,0
636.00,0,0,2,2,1,3,1,1,2,3,725.00,1473.10,227.00,4.00,464.00,1332.54,154.00,6.00,189,2,0,0,0,1,402,3,1,1,0,2
637.00,0,8,5,18,5,11,3,3,4,11,883.00,1757.19,206.00,1.00,87.00,2489.66,44.00,0.00,136,2,1,0,0,2,77,0,2,0,0,1
638.00,0,0,6,0,8,3,1,1,8,3,5.00,420.00,5.00,0.00,0.00,0.00,0.00,0.00,267,2,2,2,0,1,0,0,0,0,0,0
639.00,0,10,33,28,39,30,1,2,25,23,183.00,2160.66,79.00,0.00,142.00,1988.03,77.00,0.00,823,3,5,3,0,1,377,2,3,4,0,1
640.00,0,16,47,100,38,84,3,3,20,47,1036.00,2264.48,199.00,57.00,565.00,3395.58,176.00,159.00,1083,13,6,0,0,3,2283,5,2,0,0,2
641.00,0,41,0,4,0,6,0,2,0,2,147.00,1940.82,63.00,0.00,6.00,300.00,5.00,1.00,16,0,1,0,0,1,94,2,1,0,0,1
642.00,0,9,0,0,0,0,0,0,0,0,371.00,1912.40,130.00,15.00,239.00,1791.21,69.00,106.00,0,0,0,0,0,0,0,0,0,0,0,0
643.00,0,5,2,0,1,0,1,0,2,0,1005.00,2498.81,188.00,19.00,272.00,2867.65,85.00,69.00,177,2,0,0,1,2,0,0,0,0,0,0
644.00,0,34,10,7,12,6,3,4,6,6,726.00,2172.73,167.00,0.00,324.00,4149.07,114.00,1.00,52,1,1,0,0,1,20,0,1,0,0,1
645.00,1,27,16,23,14,19,3,4,11,13,619.00,1746.69,141.00,68.00,409.00,1304.89,96.00,206.00,137,2,1,0,0,2,159,0,3,3,0,1
646.00,0,33,0,0,0,0,0,0,0,0,670.00,2051.19,148.00,0.00,68.00,2669.12,39.00,0.00,0,0,0,0,0,0,0,0,0,0,0,0
647.00,0,7,0,0,0,0,0,0,0,0,603.00,1325.37,158.00,0.00,98.00,1248.98,47.00,0.00,0,0,0,0,0,0,0,0,0,0,0,0
648.00,0,13,0,2,0,2,0,1,0,3,583.00,2285.25,105.00,0.00,468.00,2291.67,95.00,0.00,1007,1,2,0,0,1,12,0,1,0,0,1
649.00,0,4,2,0,3,1,1,1,1,1,307.00,2550.49,89.00,0.00,49.00,3220.41,30.00,0.00,0,0,0,0,0,0,0,0,0,0,0,0
650.00,0,6,1,0,1,0,1,0,2,0,606.00,2399.50,178.00,0.00,232.00,1934.48,85.00,1.00,11,1,0,0,0,1,308,2,0,0,0,1
651.00,1,13,25,50,12,17,2,2,11,19,403.00,1802.98,120.00,42.00,888.00,2972.64,70.00,77.00,6796,11,22,2,1,1,3147,3,7,1,0,2
652.00,1,48,18,24,30,19,2,2,21,19,134.00,2211.94,68.00,0.00,116.00,2694.83,32.00,0.00,300,4,4,3,0,1,227,2,6,4,0,1
653.00,0,17,13,21,11,31,2,3,7,10,14.00,1007.14,0.00,14.00,51.00,2711.76,0.00,51.00,0,0,0,0,0,0,54,0,1,0,0,1
654.00,0,4,0,6,1,7,1,1,1,4,98.00,2366.33,44.00,0.00,114.00,2484.21,33.00,0.00,0,0,0,0,0,0,41,0,1,0,0,1
655.00,0,5,0,0,0,0,0,0,0,0,451.00,1758.09,85.00,78.00,315.00,4207.62,53.00,35.00,0,0,0,0,0,0,0,0,0,0,0,0
656.00,0,4,3,7,3,9,1,1,2,2,335.00,2109.85,128.00,96.00,462.00,1868.18,35.00,310.00,141,2,1,0,0,2,0,0,0,0,0,0
657.00,0,39,8,5,4,8,3,3,5,3,510.00,1384.71,223.00,80.00,1685.00,1836.50,281.00,164.00,150,1,2,1,0,2,231,3,0,0,0,2
658.00,0,11,6,1,4,1,2,1,3,2,360.00,2203.33,116.00,84.00,303.00,4046.53,60.00,202.00,0,0,0,0,0,0,0,0,0,1,0,1
659.00,0,23,0,0,0,2,0,1,0,2,2069.00,1979.22,301.00,62.00,845.00,1720.12,165.00,299.00,0,0,0,0,0,0,0,0,0,0,0,0
660.00,0,5,0,0,0,0,0,0,0,0,176.00,2307.95,47.00,51.00,310.00,1564.84,110.00,124.00,0,0,0,0,0,0,0,0,0,0,0,0
661.00,0,15,7,16,7,12,1,2,1,7,1098.00,2263.66,143.00,70.00,396.00,2215.91,53.00,183.00,282,4,0,0,0,2,25,0,1,0,0,1
662.00,0,0,0,0,0,0,0,0,0,0,660.00,2696.82,195.00,67.00,692.00,2151.16,65.00,402.00,0,0,0,0,0,0,0,0,0,0,0,0
663.00,0,16,0,3,0,2,0,1,0,3,1443.00,2118.30,297.00,39.00,445.00,2108.76,125.00,69.00,0,0,0,0,0,0,43,0,1,0,0,1
664.00,0,21,1,3,1,2,1,1,2,1,655.00,1078.63,223.00,62.00,880.00,1073.18,223.00,86.00,171,1,2,0,0,1,0,0,0,0,0,0
665.00,0,0,4,15,5,12,3,3,5,9,1846.00,1966.90,262.00,60.00,1037.00,2043.59,233.00,186.00,837,2,5,0,0,2,102,0,1,0,0,1
666.00,1,16,14,15,10,13,1,2,4,11,886.00,1484.42,294.00,83.00,1449.00,1904.76,261.00,278.00,342,8,8,2,0,1,1458,3,14,4,2,2
667.00,0,5,1,0,1,0,1,0,2,0,775.00,1865.42,167.00,30.00,385.00,1661.30,106.00,105.00,0,0,0,0,0,0,0,0,0,0,0,0
668.00,0,8,1,0,1,0,1,0,1,0,1130.00,1716.64,240.00,64.00,410.00,3016.83,139.00,154.00,40,0,1,0,1,1,116,1,2,2,0,2
669.00,0,2,0,0,1,0,1,0,1,0,148.00,1939.86,48.00,55.00,382.00,1603.66,104.00,213.00,83,1,0,0,0,1,0,0,0,0,0,0
670.00,0,37,6,11,7,6,1,1,2,2,11.00,3272.73,0.00,11.00,68.00,948.53,0.00,68.00,173,3,3,1,0,2,154,2,1,0,0,1
671.00,0,7,3,10,3,10,1,1,2,5,266.00,1805.64,89.00,7.00,407.00,3070.76,137.00,5.00,0,0,0,0,0,0,0,0,0,0,0,0
672.00,0,25,1,7,3,13,2,4,2,12,346.00,1839.88,159.00,0.00,494.00,2009.51,114.00,0.00,384,2,3,1,0,4,163,0,2,0,0,2
673.00,0,11,4,6,3,3,2,2,3,4,896.00,1916.18,242.00,68.00,562.00,3459.61,54.00,145.00,0,0,0,0,0,0,17,1,0,0,1,2
674.00,0,10,0,0,0,0,0,0,0,0,0.00,0.00,0.00,0.00,1.00,15000.00,0.00,1.00,0,0,0,0,0,0,0,0,0,1,0,1
676.00,0,9,5,6,5,14,3,1,5,7,1219.00,2352.75,260.00,52.00,726.00,2847.52,196.00,130.00,223,1,3,0,0,1,126,3,3,0,0,2
677.00,1,39,29,28,18,36,2,2,20,22,742.00,1332.21,279.00,37.00,1614.00,1409.85,351.00,45.00,354,7,5,1,3,5,725,8,8,1,4,4
678.00,0,25,3,4,2,4,1,1,3,8,402.00,2732.09,155.00,21.00,248.00,1421.37,85.00,46.00,711,20,4,0,1,1,761,8,1,0,0,2
679.00,0,15,0,0,0,0,0,0,0,0,2.00,750.00,0.00,2.00,0.00,0.00,0.00,0.00,0,0,0,0,0,0,0,0,0,0,0,0
680.00,0,5,1,0,1,0,1,0,1,0,378.00,1232.54,195.00,24.00,69.00,808.70,5.00,64.00,0,0,0,0,0,0,0,0,0,0,0,0
681.00,0,0,1,34,3,28,1,4,2,29,36.00,4975.00,24.00,2.00,102.00,2382.35,51.00,6.00,487,4,7,8,0,4,1296,4,15,5,0,2
682.00,1,14,8,26,8,29,3,3,5,11,1661.00,1942.87,360.00,43.00,1436.00,2159.96,308.00,155.00,587,14,11,0,3,5,335,5,6,0,0,2
683.00,0,13,47,60,48,54,2,3,30,31,621.00,1635.27,170.00,50.00,270.00,3800.00,42.00,119.00,744,4,6,1,0,3,140,3,0,0,0,1
684.00,1,4,0,0,0,0,0,0,0,0,671.00,1311.77,265.00,72.00,285.00,1338.95,90.00,162.00,0,0,0,0,0,0,0,0,0,0,0,0
685.00,0,12,1,1,3,1,1,1,4,2,642.00,1651.40,241.00,61.00,184.00,965.22,46.00,130.00,2,0,1,0,0,1,0,0,0,0,0,0
686.00,0,7,0,0,0,0,0,0,0,0,710.00,2181.97,201.00,32.00,825.00,1181.09,183.00,30.00,0,0,0,0,0,0,0,0,0,0,0,0
687.00,0,13,8,6,10,5,2,3,9,6,341.00,2324.34,97.00,43.00,829.00,2554.52,209.00,69.00,120,4,0,0,0,2,328,1,1,0,1,2
689.00,0,22,2,0,1,0,2,0,2,0,729.00,1524.28,195.00,75.00,278.00,1925.18,16.00,212.00,0,0,0,0,0,0,3,0,1,0,0,1
690.00,0,3,0,0,0,0,0,0,0,0,30.00,6600.00,3.00,27.00,63.00,7752.38,0.00,63.00,0,0,0,0,0,0,0,0,0,0,0,0
691.00,0,10,0,0,0,0,0,0,0,0,830.00,2111.20,187.00,39.00,647.00,1460.59,166.00,146.00,0,0,0,0,0,0,218,1,0,0,0,1
692.00,0,32,0,4,0,4,0,1,0,3,206.00,1807.28,80.00,0.00,26.00,1638.46,13.00,1.00,261,6,2,2,1,1,83,1,2,1,0,2
694.00,0,10,7,1,12,4,2,2,10,3,233.00,1915.88,126.00,16.00,9.00,2800.00,1.00,7.00,4,0,1,0,0,1,120,2,3,0,0,1
695.00,0,33,4,5,2,2,2,3,2,3,0.00,0.00,0.00,0.00,7.00,514.29,4.00,0.00,17,1,0,0,0,1,94,1,0,0,0,1
696.00,0,12,5,0,6,0,1,0,4,0,1.00,300.00,0.00,1.00,1.00,33900.00,0.00,1.00,0,0,0,0,0,0,636,1,0,1,0,1
697.00,0,4,21,34,18,29,1,1,12,12,6.00,13650.00,0.00,6.00,5.00,14340.00,0.00,5.00,239,3,2,1,0,1,61,0,2,0,0,1
698.00,0,0,2,10,3,16,1,1,3,19,342.00,1253.51,141.00,63.00,535.00,2549.16,99.00,127.00,0,0,0,0,0,0,544,2,4,0,1,1
699.00,0,5,2,2,4,2,1,2,2,3,429.00,1185.31,179.00,68.00,199.00,1417.09,32.00,154.00,109,0,3,0,1,1,63,1,4,0,2,3
700.00,1,13,9,2,7,2,1,1,4,1,487.00,2154.21,166.00,18.00,330.00,3083.64,65.00,28.00,2,0,1,0,1,1,0,0,0,0,0,0
701.00,1,16,0,4,1,1,1,2,1,3,1115.00,2271.39,225.00,58.00,336.00,1268.75,53.00,205.00,854,7,0,0,0,3,20,0,1,0,0,1
702.00,0,14,4,5,3,8,1,2,2,7,1137.00,2095.78,292.00,39.00,753.00,2432.27,188.00,165.00,342,3,7,1,2,2,81,2,1,0,1,2
703.00,0,0,32,10,32,12,2,3,18,8,628.00,1228.66,261.00,88.00,466.00,937.34,29.00,425.00,228,2,1,0,0,2,66,0,1,0,0,1
704.00,0,1,4,2,2,2,1,1,3,3,260.00,1550.77,124.00,40.00,136.00,1952.21,56.00,61.00,0,0,0,0,0,0,776,0,1,0,0,1
705.00,1,1,0,0,0,0,0,0,0,0,60.00,2060.00,3.00,57.00,99.00,1960.61,2.00,97.00,0,0,0,0,0,0,0,0,0,0,0,0
707.00,1,17,26,42,30,40,3,2,24,15,54.00,1561.11,21.00,18.00,110.00,1800.00,10.00,91.00,28,2,0,0,0,1,54,1,2,0,0,1
709.00,1,15,3,0,2,1,1,1,1,1,31.00,2961.29,9.00,3.00,74.00,1033.78,18.00,6.00,0,0,0,0,0,0,173,2,1,0,0,1
710.00,0,2,0,0,0,0,0,0,0,0,2.00,1050.00,1.00,0.00,0.00,0.00,0.00,0.00,0,0,0,0,0,0,0,0,0,0,0,0
711.00,0,22,1,9,1,10,1,3,2,8,0.00,0.00,0.00,0.00,1.00,300.00,1.00,0.00,130,2,0,0,0,2,4,0,2,1,0,1
812.00,1,11,1,2,4,3,1,1,5,3,498.00,1817.47,202.00,20.00,74.00,1317.57,13.00,59.00,104,2,1,2,0,2,0,0,0,0,0,0
845.00,0,26,7,2,6,1,1,2,6,2,18.00,766.67,15.00,0.00,0.00,0.00,0.00,0.00,96,1,1,0,0,2,120,1,2,2,0,2