user,gender,fb_friends,sms_sent_S-H,sms_sent_O-S-H,sms_rec_S-H,sms_rec_O-S-H,sms_unq_people S-H,sms_unq_people O-S-H,sms_convo_S-H,sms_convo_O-S-H,bt_interactions_S-H,bt_avg_duration_S-H,bt_avg_RSSI_S-H,bt_unq_people_S-H,bt_outside_interactions_S-H,bt_interactions_O-S-H,bt_avg_duration_O-S-H,bt_avg_RSSI_O-S-H,bt_unq_people_O-S-H,bt_outside_interactions_O-S-H,calls_duration_S-H,calls_made_S-H,Calls Received S-H,Missed As Caller S-H,Missed As Callee S-H,Unique People S-H,Duration O-S-H,Calls Made O-S-H,Calls Received O-S-H,Missed As Caller O-S-H,Missed As Callee O-S-H,Unique People O-S-H
0,0,19,4,58,8,66,2,1,4,14,866,"2705,89","−88,29",251,50,575,"1429,04","−90,98",135,107,204,3,2,0,0,2,52,0,4,0,0,1
2,0,7,0,0,0,0,0,0,0,0,149,"2206,71","−87,18",54,12,87,"2862,07","−82,23",16,39,0,0,0,0,0,0,0,0,0,0,0,0
3,0,18,47,100,46,101,3,3,29,31,567,"2076,72","−89,15",208,100,688,"2342,44","−89,73",186,208,394,6,4,0,0,3,281,3,3,0,1,4
4,0,30,23,59,15,54,5,6,14,28,423,"2417,73","−86,73",126,41,839,"1990,23","−88,65",171,100,500,7,10,4,0,7,668,6,7,2,0,3
5,0,26,14,7,12,6,1,2,9,5,1411,"2084,9","−90,51",217,70,687,"2336,24","−89,92",116,105,126,0,2,0,3,1,2,1,0,0,0,1
6,1,18,27,19,20,14,2,2,18,20,1331,"2417,81","−88,97",314,67,577,"4274,35","−87,39",145,67,171,6,2,0,1,2,233,2,2,0,1,3
7,1,6,0,0,0,0,0,0,0,0,105,"1291,43","−87,47",74,17,57,"3526,32","−86,76",31,14,0,0,0,0,0,0,0,0,0,0,0,0
8,0,6,2,11,3,14,2,3,3,7,180,"6301,67","−84,35",46,74,197,"7370,56","−83,26",35,99,85,2,2,0,0,2,116,1,1,1,0,2
9,0,2,1,0,0,0,1,0,1,0,130,"2088,46","−89,45",0,130,208,"2837,02","−90,87",0,208,0,0,0,0,0,0,0,0,0,0,0,0
10,0,8,0,0,0,0,0,0,0,0,594,"1605,56","−90,53",127,41,230,"902,61","−90,25",75,81,0,0,0,0,0,0,0,0,0,0,0,0
11,0,9,0,1,0,1,0,1,0,2,338,"1731,66","−90,53",47,126,1415,"1633,36","−93,71",44,247,0,0,0,0,0,0,2,0,1,0,0,1
12,0,21,27,41,28,45,2,3,15,20,1624,"1726,29","−89,2",327,82,1876,"2045,15","−89,74",315,180,141,2,2,1,0,2,210,3,3,4,0,3
13,0,78,26,42,21,43,7,6,11,36,1433,"1338,17",−89,396,87,1759,"1707,9","−89,94",336,151,604,5,1,1,2,4,1021,5,4,4,6,6
14,0,0,3,12,2,10,1,1,2,6,919,"1539,83","−89,96",230,32,1098,"1644,81","−88,99",259,52,33,1,0,0,0,1,0,0,0,0,0,0
15,0,62,0,15,0,19,0,5,0,9,841,"2735,67","−86,96",218,71,467,"2646,68","−84,94",181,94,159,1,5,0,1,3,309,3,4,2,0,5
16,0,7,0,0,0,0,0,0,0,0,209,"2483,25","−91,05",19,46,654,"3649,08","−91,14",21,83,0,0,0,0,0,0,4,1,0,0,0,1
17,0,11,0,0,0,0,0,0,0,0,715,"1920,42","−88,92",212,126,454,"1880,62","−89,78",114,221,36,1,1,0,0,1,0,0,0,0,0,0
18,0,9,19,40,13,45,2,3,9,22,794,"1804,91","−88,08",142,16,236,"1592,8","−88,2",84,16,0,0,0,0,0,0,0,0,0,0,0,0
19,0,10,9,8,6,2,2,2,4,3,687,"1701,75","−88,51",243,93,381,"3368,5","−88,75",44,304,1085,5,7,0,0,1,3068,11,4,0,0,2
20,0,0,141,172,212,284,2,2,66,94,288,2525,"−86,96",100,75,395,"3607,59","−87,29",96,124,885,11,21,1,3,2,1079,7,20,1,0,1
21,1,0,204,282,132,170,1,1,63,93,67,"4455,22","−85,54",7,44,177,"5627,12","−87,79",39,71,883,21,10,3,1,1,1079,20,7,0,1,1
22,0,13,4,1,4,0,2,1,4,1,1177,"1706,71","−88,99",154,110,928,"3069,83","−89,59",135,186,40,1,0,1,0,1,153,1,2,0,1,2
23,0,8,16,28,13,25,1,2,11,19,614,"2168,4","−89,17",172,68,515,"3296,5","−88,98",97,155,0,0,0,0,0,0,87,7,1,1,0,2
24,0,0,3,6,3,5,1,1,2,4,166,"1913,86","−86,76",58,103,108,"1716,67","−86,38",2,105,81,0,1,1,0,1,199,1,0,0,0,1
25,0,12,1,10,1,15,1,4,2,10,904,"1458,85","−87,87",255,31,1599,"1465,29","−88,04",307,130,0,0,0,0,0,0,215,2,2,0,0,3
27,0,21,28,20,32,23,4,4,22,24,804,"1994,03","−90,26",176,15,299,"3201,67","−89,11",75,6,115,3,3,1,0,2,100,1,1,1,0,2
28,0,14,5,2,6,2,1,2,4,3,84,"2289,29","−86,52",45,2,242,"2184,3","−87,7",85,15,0,0,0,0,0,0,259,3,5,0,2,2
29,0,30,2,0,1,0,1,0,2,0,1234,"1771,56","−88,36",254,98,503,"1725,45","−86,11",138,220,0,0,0,0,0,0,0,0,0,0,0,0
30,0,24,0,0,0,0,0,0,0,0,826,"2203,87","−85,94",212,99,162,"1029,63","−87,08",34,121,0,0,0,0,0,0,0,0,0,0,0,0
32,1,11,0,0,0,0,0,0,0,0,841,"1536,03","−89,03",205,26,96,"3190,62","−82,92",13,59,0,0,0,0,0,0,0,0,0,0,0,0
33,0,25,13,39,18,39,2,2,7,15,120,960,"−89,4",47,41,237,"1848,1","−85,13",53,91,48,1,0,0,0,1,331,3,5,0,0,2
34,0,8,0,0,0,0,0,0,0,0,1208,"2095,28","−87,74",269,118,640,"1970,16","−90,14",96,353,0,0,0,0,0,0,0,0,0,0,0,0
35,0,3,1,7,0,8,1,1,1,5,413,"1818,16","−91,12",110,100,933,"1071,7","−89,83",285,159,0,0,0,0,0,0,2,0,1,0,0,1
36,1,33,39,176,28,159,3,5,20,65,483,"1558,39","−88,98",142,19,478,"2863,18",−88,127,15,1515,5,9,1,1,2,4104,12,11,0,3,4
37,0,39,29,91,41,109,3,6,19,45,290,"1553,79","−85,78",100,93,608,"1880,43","−87,55",140,55,1648,16,6,1,0,3,4251,22,12,3,0,3
38,0,32,0,0,0,0,0,0,0,0,544,"2279,23","−88,55",153,63,94,"2080,85","−87,52",29,55,5,1,0,0,0,1,0,0,0,0,0,0
39,0,33,24,61,15,55,6,4,28,46,1046,"1677,82","−90,99",156,41,374,"2286,1","−86,45",105,91,989,8,4,0,1,1,4503,19,13,0,3,2
40,0,0,0,0,0,0,0,0,0,0,95,"1749,47","−92,15",0,95,202,"1706,44","−93,94",4,196,0,0,0,0,0,0,0,0,0,0,0,0
41,1,10,0,0,0,0,0,0,0,0,1380,"2465,65","−89,46",243,82,605,"3742,81","−86,93",101,157,0,0,0,0,0,0,0,0,0,0,0,0
42,0,13,2,0,1,0,1,0,1,0,1060,"1900,19","−89,56",272,92,371,"1901,08","−88,27",143,93,100,1,1,0,0,1,0,0,0,0,0,0
43,0,14,0,8,1,7,1,1,1,5,304,"1583,88","−88,01",107,150,421,"1274,11","−90,27",17,404,0,0,0,0,0,0,2,1,0,0,0,1
44,0,7,0,0,0,0,0,0,0,0,1246,"2329,7","−89,63",249,61,815,"3531,53","−90,87",113,114,0,0,0,0,0,0,0,0,0,0,0,0
45,0,2,0,0,0,0,0,0,0,0,525,1556,"−89,3",135,75,243,"2480,25","−89,94",21,221,0,0,0,0,0,0,0,0,0,0,0,0
46,1,26,21,8,18,7,2,3,9,4,420,"1767,14","−89,04",154,59,559,"2132,74","−89,17",116,102,536,0,8,0,0,1,120,2,3,0,0,2
47,0,10,19,9,32,21,2,4,16,19,412,"1940,53","−89,35",126,59,933,"2622,19","−89,78",128,76,2085,27,11,2,0,2,1894,10,19,0,1,3
48,1,16,79,89,54,50,1,2,46,45,1436,"2296,59","−89,05",283,86,1105,"3376,83","−87,88",225,297,2279,9,11,3,1,2,2146,19,14,6,0,2
49,0,38,95,77,127,123,6,5,76,69,1563,"2135,51","−88,97",410,54,594,"2935,86","−87,12",216,85,3808,21,14,1,3,4,2289,16,25,0,8,5
50,0,10,3,2,3,1,1,1,2,2,1442,"1625,66","−88,97",346,112,762,"1869,29","−90,74",240,256,159,0,1,0,0,1,0,0,0,0,0,0
51,1,14,33,29,23,31,2,2,23,22,540,"1541,67","−87,58",224,73,1058,"2445,94","−88,28",276,172,368,2,2,3,0,2,87,1,7,0,0,1
52,0,65,7,15,10,19,4,8,6,13,1391,"1508,2","−88,16",360,138,2552,"2373,08","−88,77",316,373,46,1,2,1,1,3,548,8,4,0,0,10
53,1,6,0,0,0,0,0,0,0,0,584,"2229,97","−87,33",198,73,519,"2653,76","−87,61",179,159,0,0,0,0,0,0,0,0,0,0,0,0
54,1,23,0,3,0,2,0,2,0,2,1594,"1417,38","−90,14",233,20,377,"1869,23","−90,31",127,151,0,0,0,0,0,0,0,0,0,0,0,0
55,0,15,18,7,20,6,1,2,1,4,785,"1473,63","−91,26",186,59,795,"1546,04","−91,33",190,63,0,0,0,0,0,0,0,0,0,0,0,0
57,0,7,4,5,3,12,1,3,2,8,1142,"2362,96","−88,22",269,62,1178,"1936,5","−92,76",178,54,38,0,3,0,0,3,0,0,0,0,1,1
58,0,22,7,16,3,9,2,3,4,9,756,"3229,37","−86,32",169,73,677,"3189,22","−87,14",104,123,4,1,0,0,0,1,353,2,3,0,0,3
59,0,7,2,6,6,4,1,2,3,2,145,"2168,28","−88,32",43,31,262,"5398,85","−89,4",53,49,233,2,1,0,12,2,0,0,0,0,0,0
61,1,19,10,16,11,14,1,1,5,6,2011,"1980,66","−89,08",352,87,392,"3358,16","−85,29",103,156,0,0,0,0,0,0,0,0,0,0,0,0
62,0,3,0,5,0,6,0,1,0,2,313,"3092,01","−89,39",55,131,748,"5733,69","−90,45",62,253,0,0,0,0,0,0,67,1,0,0,0,1
63,0,8,8,2,10,3,2,1,6,3,948,"1606,96","−89,37",211,33,376,"2281,12","−86,59",96,140,320,2,2,0,0,1,71,0,2,0,0,1
64,0,16,0,12,1,22,1,4,1,10,827,"2307,13","−88,78",252,43,1290,"3141,4","−90,42",197,87,77,0,2,0,0,2,3,0,1,0,0,1
65,0,15,2,0,1,0,1,0,2,0,699,"2521,46","−88,49",208,86,522,"1963,22","−88,65",113,234,0,0,0,0,0,0,70,0,1,0,0,1
66,1,8,0,1,0,1,0,1,0,1,39,"738,46","−89,07",8,30,66,"1940,91","−88,21",14,31,134,1,1,0,1,1,20,1,0,0,0,1
67,0,6,19,3,15,2,1,1,4,1,542,"2230,63","−89,25",144,136,476,"1807,56","−91,43",58,362,850,1,3,0,1,1,14,0,1,0,0,1
68,1,17,1,5,0,5,1,2,1,6,152,"1383,55","−88,53",55,43,257,"1617,9","−88,73",100,33,37,1,1,0,0,1,0,0,0,0,0,0
69,0,32,12,6,10,5,4,4,12,5,848,"1765,68","−88,63",275,63,1340,"3199,03","−88,15",191,168,459,5,10,2,1,5,347,4,3,0,0,3
70,0,0,2,6,4,4,1,1,4,6,799,"1484,61","−89,6",174,88,914,"1939,82","−90,26",135,286,0,0,0,0,0,0,130,0,1,0,0,1
71,0,12,0,2,0,1,0,1,0,1,178,"1946,63","−79,44",20,156,643,"1679,16","−82,97",68,445,0,0,0,0,0,0,41,1,0,0,0,1
72,0,19,4,2,4,1,1,1,4,1,1615,"2272,01","−89,14",325,94,1087,1577,"−91,19",232,100,0,0,0,0,0,0,143,1,0,0,0,1
73,0,13,2,10,5,12,1,2,3,3,467,"1770,45","−90,06",149,13,668,"2573,35","−89,11",166,9,0,0,0,0,0,0,143,0,1,0,0,1
74,1,30,7,8,6,8,2,2,4,4,803,"2172,85","−87,39",174,36,171,"2289,47","−88,52",28,114,43,5,0,0,0,1,14,1,1,0,0,1
75,1,65,8,18,21,19,2,3,14,17,655,"1297,1","−89,69",206,62,741,"1871,66","−90,3",142,107,197,1,0,0,3,1,152,0,2,0,0,1
76,0,15,7,11,8,14,2,2,9,11,687,"1789,52","−90,19",155,35,321,"2246,73","−88,21",114,73,0,0,0,0,0,0,48,1,1,0,0,2
77,0,1,0,0,0,0,0,0,0,0,20,555,"−88,9",3,17,46,"1571,74","−86,98",10,33,0,0,0,0,0,0,0,0,0,0,0,0
78,0,16,0,0,0,0,0,0,0,0,1028,"2191,34","−87,5",209,51,840,"2370,36","−89,13",166,97,0,0,0,0,0,0,0,0,0,0,0,0
79,0,18,0,12,0,13,0,1,0,6,1144,"1724,74","−88,6",292,95,939,"1592,65","−88,67",231,153,0,0,0,1,0,1,542,3,3,0,0,2
80,0,22,0,0,0,0,0,0,0,0,649,"1722,8","−89,13",185,123,426,"1519,01","−90,38",56,301,0,0,0,0,0,0,72,0,1,0,1,1
81,0,62,0,0,0,1,0,1,0,1,1031,"1117,94","−88,83",302,114,1557,"1925,82","−88,78",284,188,0,0,0,1,0,1,36,1,0,0,0,1
82,0,2,3,5,3,6,1,1,2,4,170,"1478,82","−89,27",66,12,185,"1895,68","−88,97",64,73,81,1,0,0,1,1,199,0,1,0,0,1
83,0,20,0,2,0,1,0,1,0,1,654,"1322,94","−90,38",163,50,1058,"2814,27","−91,35",138,89,61,0,1,0,0,1,0,0,0,0,0,0
84,0,6,0,0,0,0,0,0,0,0,654,"2107,8","−89,52",224,60,203,"3560,1","−86,55",86,70,0,0,0,0,0,0,0,0,0,0,0,0
85,0,25,36,11,26,8,3,3,10,3,566,"1273,14","−85,67",142,12,488,"2004,1","−84,71",94,34,1942,12,3,0,0,3,374,6,1,0,0,2
86,0,3,0,0,0,0,0,0,0,0,304,"1252,3","−88,09",111,38,133,"1357,89","−85,99",54,43,0,0,0,0,0,0,0,0,0,0,0,0
87,0,13,0,0,0,0,0,0,0,0,842,"1497,86","−90,46",279,96,372,"1348,39","−89,43",148,69,0,0,0,0,0,0,0,0,0,0,0,0
88,0,34,5,20,3,16,3,6,5,14,1780,"2166,07","−90,06",332,91,1922,"1551,2","−89,89",318,162,140,7,1,0,0,3,373,4,7,1,0,6
89,0,0,7,1,8,2,1,1,3,1,130,"1686,92","−88,13",47,41,150,4526,−88,13,109,24,1,0,0,0,1,45,0,2,0,0,1
90,1,25,240,155,272,180,5,6,72,70,1319,"1854,13","−87,17",348,86,838,"3041,17","−86,39",170,122,6532,23,25,3,0,3,4391,11,16,0,0,3
91,0,13,264,164,233,145,2,3,61,53,566,"2596,64","−87,46",161,73,814,"2870,27","−88,72",103,77,4591,24,17,0,1,1,1940,10,9,0,0,2
92,0,0,6,14,5,15,3,3,5,9,1651,"2344,22","−88,25",287,106,1619,"1815,75","−90,1",316,269,188,0,4,1,0,3,200,2,3,1,1,4
93,1,8,70,118,93,167,1,1,19,21,447,"2353,02","−87,09",166,14,201,"1735,82","−87,85",73,16,0,0,0,0,2,1,587,2,0,0,0,1
94,0,13,3,6,7,10,2,1,3,2,742,"2095,96","−88,69",174,12,473,"3507,4","−86,6",123,33,45,2,0,2,0,1,228,0,1,0,0,1
95,0,10,17,14,34,20,4,7,15,20,1329,"2247,4","−87,83",234,106,1274,"2117,66","−88,86",252,200,366,6,11,0,0,4,1310,4,10,0,0,4
96,1,61,13,15,10,14,4,4,7,14,150,1030,"−90,61",43,39,1104,"1617,12","−88,12",191,94,482,10,3,0,0,5,459,7,3,1,0,3
97,0,15,20,19,14,15,3,3,8,15,1262,"1731,06","−90,06",319,79,200,2172,"−86,83",93,52,162,1,4,0,0,2,89,2,0,0,0,1
98,0,2,8,4,8,2,1,1,3,2,834,"1351,08","−87,87",268,118,392,"2497,19","−85,43",94,216,1698,6,3,1,1,2,207,1,1,0,0,2
99,0,24,0,3,0,4,0,1,0,2,1055,"1918,58","−91,97",222,81,433,"2241,34","−90,91",133,152,0,0,0,0,0,0,0,0,0,0,0,0
100,1,40,18,48,23,54,6,9,16,30,1816,"2793,17","−86,66",316,55,1183,"3358,58","−87,66",246,85,218,4,2,0,2,4,125,4,2,0,0,5
101,0,0,0,0,0,0,0,0,0,0,414,"1161,59","−90,58",157,91,907,"1577,07","−87,41",198,210,0,0,0,0,0,0,0,0,0,0,0,0
102,0,6,21,43,25,36,2,1,10,14,674,"1961,13","−88,42",195,108,488,"1985,04","−89,82",117,169,2,0,1,0,1,1,420,5,7,0,0,1
103,0,1,0,0,0,0,0,0,0,0,84,"3228,57","−82,07",0,84,118,"3101,69","−86,08",0,118,0,0,0,0,0,0,0,0,0,0,0,0
104,1,39,38,87,36,79,2,4,21,25,600,"2406,5","−87,28",205,58,371,"3747,17","−89,25",62,182,194,5,0,1,0,2,1679,5,0,1,0,1
105,0,8,0,18,0,13,0,2,0,6,1325,"1940,15","−90,89",223,106,1104,"2732,07","−91,36",186,157,0,0,0,0,0,0,240,3,4,1,0,3
106,0,15,20,0,27,0,2,0,9,0,904,"2231,08","−88,31",234,78,225,2536,"−85,59",27,126,1031,5,11,0,1,3,745,4,1,0,1,3
107,1,27,0,0,0,0,0,0,0,0,817,"1457,41","−89,63",277,81,678,"1355,75","−90,3",200,141,0,0,0,0,0,0,0,0,0,0,1,1
108,0,42,4,13,4,14,2,5,4,9,652,"2233,9","−89,68",202,81,823,"1754,07","−90,12",186,146,184,1,0,0,0,1,437,6,3,0,0,2
110,1,3,0,0,0,0,0,0,0,0,52,"12871,15","−75,84",1,51,72,"8991,67","−78,41",0,72,0,0,0,0,0,0,0,0,0,0,0,0
111,0,25,3,2,3,4,1,1,1,4,523,"1961,19","−88,6",212,46,391,"2858,82","−87,4",105,71,146,2,2,0,1,2,298,5,0,0,4,2
112,1,8,0,0,0,1,0,1,0,1,388,"2828,35","−88,42",126,39,241,"1330,71","−90,44",6,235,0,0,0,0,0,0,0,0,0,0,0,0
113,1,6,0,0,0,0,0,0,0,0,713,"1657,78","−88,6",191,31,215,"2042,79","−86,72",66,116,0,0,0,0,0,0,0,0,0,0,0,0
114,0,7,48,10,64,9,2,2,16,8,1528,"2164,99",−89,276,58,491,"3591,45","−88,11",124,48,22,0,1,0,0,1,0,0,0,0,0,0
115,0,30,25,38,22,32,1,1,12,25,503,"1363,42","−88,65",185,35,181,"2040,33","−89,07",61,54,26,0,1,1,0,1,0,0,0,0,0,0
116,0,5,5,16,4,10,2,2,6,12,509,"1827,11","−87,18",214,88,598,"2160,7","−88,87",178,170,415,4,11,0,3,2,39,0,1,0,0,1
117,0,11,0,0,0,0,0,0,0,0,0,0,0,0,0,27,"3411,11","−82,4",1,26,0,0,0,0,1,1,532,2,2,0,0,1
118,0,31,0,4,3,3,1,2,3,4,1331,"1867,84","−88,2",138,34,158,"2439,87","−86,9",69,16,43,0,1,0,0,1,0,0,0,0,0,0
119,0,7,19,70,25,55,1,3,16,26,1004,"2320,52","−88,67",219,77,1428,"2129,62","−89,99",230,149,57,2,2,0,0,2,252,4,1,0,0,2
120,0,3,23,26,23,35,2,2,18,22,1252,"2048,96","−90,23",201,73,252,4225,"−87,16",41,159,128,2,1,0,0,1,72,3,2,0,0,1
121,0,12,14,13,11,17,3,1,9,4,736,"2110,6","−88,29",215,30,94,"3220,21","−87,35",25,61,190,3,0,1,0,1,2290,1,0,0,0,1
122,0,33,1,63,1,61,1,2,2,13,1167,"2149,36","−89,53",126,65,867,"1573,7","−88,14",167,83,3,0,1,0,0,1,192,1,2,1,0,2
123,1,18,6,3,3,1,2,1,3,3,959,"1200,31","−89,86",298,81,956,"2014,96","−91,99",131,127,0,0,0,0,0,0,0,0,0,0,0,0
124,0,0,0,0,0,0,0,0,0,0,303,"2174,26","−89,47",96,60,143,"2672,73","−85,97",33,96,0,0,0,0,0,0,0,0,0,0,0,0
125,0,1,0,0,0,0,0,0,0,0,369,"1633,33","−89,98",71,69,162,"1338,89","−90,24",2,160,0,0,0,0,0,0,0,0,0,0,0,0
126,0,5,8,2,8,2,1,1,6,2,328,"1789,94","−87,84",130,120,396,"1871,21","−90,92",109,229,39,1,2,0,0,1,0,0,0,0,0,0
127,0,4,0,0,0,0,0,0,0,0,655,"1719,39","−88,76",203,135,545,"1868,26","−90,16",100,298,0,0,0,0,0,0,0,0,0,0,0,0
128,0,20,10,5,13,5,3,3,9,4,826,"1663,8","−90,35",259,55,526,"2219,77","−90,85",131,142,0,0,0,2,0,1,199,2,0,0,1,2
129,0,8,3,2,1,5,1,2,3,4,459,"2520,92","−87,95",135,28,343,"1811,37","−91,86",74,42,17,1,0,0,0,1,3,1,0,0,2,1
130,0,18,0,0,0,0,0,0,0,0,1168,"1665,92","−89,11",263,54,1076,"1723,88","−89,77",242,132,0,0,0,0,0,0,0,0,0,0,0,0
131,1,24,0,16,0,12,0,3,0,7,114,"1081,58","−91,16",37,30,502,"1925,5","−90,92",114,30,61,1,0,0,0,1,1052,1,3,0,0,2
132,1,16,0,0,0,0,0,0,0,0,1253,"1614,21","−89,7",362,105,557,"1965,35","−88,73",145,172,0,0,0,0,0,0,0,0,0,0,0,0
133,0,21,31,28,35,18,4,3,16,8,705,"1859,57","−87,37",198,17,452,"1232,52","−88,17",152,40,488,5,6,1,2,4,102,1,0,0,0,1
135,1,23,0,3,0,1,0,1,0,2,29,"8472,41","−80,58",2,27,101,"5391,09","−84,54",5,96,0,0,0,0,0,0,2,0,1,1,0,1
136,0,18,138,180,135,191,3,4,73,81,1512,"2077,18","−89,75",255,113,1431,"3097,69","−91,65",177,218,432,1,6,0,0,3,10298,8,14,0,1,4
137,1,27,138,183,135,170,4,4,74,82,1297,"1953,12","−90,35",270,85,927,"3257,93","−90,31",192,86,237,4,1,3,0,2,10248,7,8,3,0,2
138,0,12,0,0,0,0,0,0,0,0,527,"1620,11","−87,26",93,134,304,"2081,25","−91,4",30,265,0,0,0,0,0,0,0,0,0,0,0,0
139,0,31,12,60,22,61,3,2,14,25,832,"2512,5","−87,12",165,11,236,"3461,44","−84,69",81,18,1841,4,2,0,0,2,275,2,2,0,0,1
140,0,16,11,14,10,12,2,2,9,11,1450,"2483,79","−87,45",258,88,548,"2528,1","−83,16",114,235,4,2,0,0,0,1,131,5,1,0,0,2
141,0,12,33,87,39,85,2,3,17,42,269,"1667,29","−88,45",97,51,271,"1852,03","−89,56",64,69,61,1,0,0,0,1,6,0,1,0,0,1
142,0,14,0,0,0,0,0,0,0,0,−1,−1,−1,−1,−1,−1,−1,−1,−1,−1,0,0,0,0,0,0,2,0,1,0,0,1
144,0,16,15,34,16,38,2,4,15,13,1021,"1785,31","−89,64",241,44,1162,"2315,58","−89,15",162,120,284,3,2,0,1,2,742,9,7,0,1,2
145,0,2,3,11,6,10,1,1,7,6,972,"1386,11","−90,72",264,92,336,"2066,96","−91,61",94,179,3425,4,2,2,4,1,1032,1,0,0,0,1
146,1,25,21,48,21,58,4,4,23,37,652,"2050,31","−88,57",144,24,240,2650,"−87,47",76,43,3425,2,4,4,2,1,1206,2,1,0,0,3
147,0,18,5,9,8,10,1,1,3,5,846,"1320,57","−90,66",213,13,378,"1073,02","−90,21",82,9,463,7,2,0,0,1,253,6,1,0,0,1
148,0,31,0,2,0,0,0,1,0,2,1310,"2078,47","−90,36",238,57,501,"5368,26","−87,68",103,78,0,0,0,0,0,0,0,0,0,0,0,0
149,0,0,9,54,7,49,1,2,4,26,1636,"2236,43","−88,53",324,104,1178,"2847,45","−88,31",252,350,49,0,2,1,0,2,123,1,2,2,0,1
150,0,2,0,0,0,0,0,0,0,0,75,3192,"−85,4",0,75,207,"2528,99","−87,09",10,197,0,0,0,0,0,0,0,0,0,0,0,0
151,1,30,8,39,8,43,1,2,2,17,1547,"1689,85","−89,15",306,77,699,"3537,77","−89,72",132,88,28,1,1,0,0,2,0,0,0,0,0,0
152,0,14,26,39,24,41,2,2,13,19,1169,"2354,06","−88,65",264,66,871,"2217,11","−89,11",203,149,411,11,8,0,1,1,38,2,1,0,0,2
153,0,4,1,6,1,6,1,1,1,3,654,"1059,17","−89,12",185,97,401,"1676,56","−84,08",76,264,72,0,2,0,1,1,10,2,0,0,0,1
154,1,24,0,14,0,12,0,1,0,10,1043,"1867,88","−87,62",280,39,770,"2046,23","−87,68",239,62,0,0,0,0,0,0,0,0,0,0,0,0
155,0,15,6,6,8,7,2,2,5,5,1141,"2177,56","−88,21",248,139,598,"1677,09","−89,51",92,358,0,0,0,0,0,0,3,1,0,0,0,1
156,0,8,0,0,0,0,0,0,0,0,697,"2549,78","−90,51",180,75,592,"4201,01","−91,18",143,58,0,0,0,0,0,0,0,0,0,0,0,0
157,1,23,10,14,10,13,3,3,5,9,1210,"2172,64","−88,89",285,82,633,"2864,93","−90,04",155,174,116,4,0,0,0,2,0,0,0,0,0,0
158,1,39,12,9,11,13,2,2,8,7,1239,"2083,05","−88,61",279,57,813,"2996,68","−86,66",241,117,575,2,5,0,2,3,561,4,2,0,0,2
160,0,4,0,0,0,0,0,0,0,0,244,"1401,64","−91,93",32,117,823,"1399,03","−95,25",30,260,0,0,0,0,0,0,0,0,0,0,0,0
161,0,10,1,1,0,11,1,1,1,3,47,"714,89","−90,59",18,17,148,"3881,76","−91,51",40,40,60,0,1,0,0,1,0,0,0,0,0,0
162,1,30,0,0,0,1,0,1,0,1,−1,−1,−1,−1,−1,−1,−1,−1,−1,−1,0,0,0,0,0,0,0,0,0,0,0,0
163,0,12,18,16,25,20,5,4,15,19,802,"2942,77","−87,77",256,42,589,"2283,87","−88,96",180,89,25,0,1,0,0,1,0,0,0,0,0,0
164,1,8,96,50,81,34,3,4,40,27,877,"2138,31","−86,15",238,28,535,"1994,02","−87,74",175,56,11,1,0,0,0,1,0,0,0,0,0,0
165,1,10,2,3,1,4,2,1,3,4,433,"1670,44","−88,25",182,9,374,"2827,54","−90,85",68,40,18,0,1,0,0,1,47,1,1,0,0,1
167,0,7,0,3,0,3,0,1,0,1,1218,"1857,88","−90,1",237,60,610,"1504,92","−90,83",160,50,0,0,0,0,0,0,26,1,3,2,1,1
168,0,6,0,0,0,0,0,0,0,0,910,"1445,27","−90,75",203,0,283,"1097,17","−89,72",148,4,0,0,0,0,0,0,0,0,0,0,0,0
169,0,14,0,6,0,6,0,1,0,3,531,"3044,07","−89,15",189,42,112,"9168,75",−79,30,55,218,4,2,2,1,2,785,6,0,0,1,1
170,0,0,16,16,18,16,2,3,7,7,1067,"1731,12","−89,09",211,21,614,"2263,68","−87,59",159,95,0,0,0,0,0,0,0,0,0,0,0,0
171,0,32,17,17,15,17,2,2,13,12,382,"1671,2","−87,19",172,20,270,"967,78","−88,35",103,79,329,4,1,0,0,2,19,1,0,0,0,1
172,0,7,34,67,40,80,1,3,14,37,1168,"2042,21","−88,29",192,75,719,"2251,04","−87,94",218,130,982,4,7,0,0,2,1698,2,5,0,0,3
173,0,32,4,11,2,12,2,2,3,9,945,"2165,08","−88,95",261,68,697,"2590,67","−88,39",201,156,600,4,4,0,1,3,799,2,6,0,0,4
174,1,23,0,12,3,21,1,4,1,12,960,"2861,56","−87,82",122,90,365,"2552,88","−88,37",62,244,339,0,3,0,0,2,20,1,0,0,0,1
176,1,63,379,728,324,640,5,11,99,202,1463,"1746,07","−89,78",337,98,1979,"2107,88","−90,38",246,186,376,3,3,0,0,2,1743,6,9,0,0,4
177,1,20,4,16,3,13,1,2,1,5,1419,"2694,29","−86,78",304,59,858,"2710,84","−88,01",151,160,21,1,0,0,0,1,13,1,0,0,0,1
178,0,25,24,35,30,24,4,4,16,18,922,"1915,51",−89,206,16,454,"2045,15","−87,1",134,82,87,2,2,2,0,3,527,0,2,0,0,2
179,0,9,39,40,40,38,3,4,24,27,799,"1607,76","−87,56",288,99,1063,"2397,74","−88,21",263,148,258,3,3,1,2,4,19,1,0,0,0,1
180,0,19,1,20,3,18,2,1,3,4,1109,"1990,98","−89,39",206,57,1457,"1902,75","−88,37",305,162,98,0,3,0,0,1,352,0,5,0,0,3
181,0,24,0,0,0,0,0,0,0,0,610,"2201,8","−89,38",242,34,682,"3225,66","−90,69",210,70,0,0,0,0,0,0,0,0,0,0,0,0
182,0,18,0,1,0,0,0,1,0,1,860,"2368,6","−88,63",246,15,286,"6162,59","−84,37",93,46,0,0,0,0,0,0,0,0,0,0,0,0
183,1,22,4,1,2,1,2,1,5,2,1107,"1913,55","−88,01",312,79,771,"3567,7","−87,36",215,115,7,1,2,0,0,2,0,0,0,0,0,0
184,0,6,0,0,0,0,0,0,0,0,21,"1914,29","−87,65",0,21,63,"1990,48","−85,67",1,60,0,0,0,0,0,0,0,0,0,0,0,0
185,0,10,0,0,3,0,2,0,3,0,829,"1966,47","−86,66",266,107,367,"1911,99","−89,38",67,251,645,9,11,1,0,3,59,1,1,0,0,2
186,0,62,2,4,3,6,1,2,1,5,403,"1295,29","−88,33",129,36,641,"1256,16","−90,15",148,137,99,1,1,0,1,1,45,1,2,0,0,2
187,1,12,4,2,5,1,1,1,7,1,309,"2496,12","−86,24",102,48,319,"3025,39","−87,85",89,114,0,0,0,0,0,0,0,0,0,0,0,0
188,0,17,2,12,3,15,1,1,2,3,728,"2171,29","−88,46",225,63,952,"2422,37","−90,4",192,109,53,0,1,0,0,1,17,0,1,0,0,1
189,1,16,0,0,0,0,0,0,0,0,688,"2119,19","−88,78",201,28,287,"2563,07","−88,25",78,52,0,0,0,0,0,0,0,0,0,0,0,0
190,0,53,10,6,8,7,3,4,5,8,1084,"1905,44","−88,9",326,61,1653,"1553,9","−90,77",258,104,402,7,4,0,1,5,131,3,3,1,1,5
191,0,9,0,1,0,1,0,1,0,1,674,"1967,36","−86,91",219,86,806,"2337,1",−89,259,88,0,0,0,0,0,0,23,0,1,0,0,1
192,0,20,19,15,13,16,2,2,12,10,635,"1853,86","−87,89",230,74,819,"1167,03","−90,29",245,65,41,0,1,0,0,1,0,0,0,0,0,0
193,0,25,47,33,43,30,3,2,22,22,804,"2158,58","−88,83",316,54,284,"4136,62","−87,27",98,71,63,0,2,0,1,2,0,0,0,0,0,0
194,0,18,21,44,26,51,2,3,15,25,480,"1982,5","−87,77",184,87,598,"3878,43","−88,12",160,108,70,2,0,0,0,1,39,0,1,0,0,1
195,1,19,11,1,13,3,1,1,6,2,1380,"2842,61","−87,34",305,73,594,"2643,43","−87,13",105,109,70,0,2,0,0,1,0,0,0,0,0,0
196,1,16,0,0,0,0,0,0,0,0,1091,"2566,36","−89,67",225,44,482,"4874,69","−86,29",117,50,0,0,0,0,0,0,0,0,0,0,0,0
197,1,0,6,15,5,14,2,2,4,11,1256,"2346,5","−87,89",111,112,577,"1871,23","−85,57",126,317,191,1,2,0,0,1,306,3,2,0,0,1
198,0,9,0,0,0,0,0,0,0,0,1044,"3139,66","−88,38",210,35,508,"2499,21","−92,37",104,132,0,0,0,0,0,0,0,0,0,0,0,0
199,0,9,2,0,2,0,1,0,2,0,742,"1440,97","−89,54",207,88,135,"2253,33","−78,1",22,111,28,0,1,0,0,1,0,0,0,0,0,0
200,0,32,3,17,5,12,2,2,4,7,605,"1491,57","−90,31",209,81,404,"2571,53","−91,25",83,177,100,0,1,0,0,1,4,2,0,0,1,1
201,0,21,0,13,0,12,0,1,0,6,1407,"1795,74","−88,5",322,64,459,"3003,27","−86,3",158,75,0,0,0,0,0,0,10,1,1,0,0,1
203,0,7,9,16,12,14,1,1,6,9,817,"2185,19","−88,48",236,57,202,"1584,65","−85,43",102,58,41,1,0,0,0,1,0,0,0,0,0,0
204,0,10,0,5,0,5,0,1,0,4,360,"2780,83","−86,85",142,54,283,"2405,3","−89,06",66,154,54,1,0,0,0,1,48,0,1,0,0,1
205,0,15,3,0,4,0,1,0,2,0,922,"2173,21","−86,22",250,107,616,"1875,49","−86,42",178,142,0,0,0,0,0,0,0,0,0,0,0,0
206,0,6,0,0,0,0,0,0,0,0,589,"1894,23","−87,07",197,64,541,"3181,33","−88,64",82,124,295,1,5,1,0,1,0,0,0,0,0,0
207,0,28,5,7,6,5,2,2,5,5,2061,"1773,36","−89,6",341,77,1064,"1373,12","−89,03",223,189,253,9,5,0,3,3,269,7,4,0,1,3
208,0,33,16,18,18,28,5,5,15,16,1345,"2054,5","−87,24",343,91,497,"6479,88","−86,17",107,164,710,4,9,0,2,5,557,3,14,0,0,5
209,0,9,0,0,0,0,0,0,0,0,728,"2029,95","−90,76",163,81,650,"2241,69","−91,54",133,217,0,0,0,0,0,0,0,0,0,0,0,0
210,0,9,2,1,4,7,1,2,2,5,607,"2287,81","−86,39",138,67,586,"2000,17","−92,4",31,116,574,2,14,0,1,3,38,1,0,0,0,1
211,1,20,3,2,4,3,3,1,4,1,670,"1663,43","−88,98",187,16,314,"2101,91","−87,02",103,31,0,0,0,0,0,0,9,1,0,0,0,1
212,0,13,10,3,9,2,1,1,3,2,230,"1450,43","−90,95",111,20,200,"1099,5","−94,07",17,53,90,1,2,0,0,1,47,1,1,0,0,1
213,0,12,10,14,6,14,1,1,2,5,211,"1811,37","−88,07",82,7,93,"2864,52","−84,47",24,19,0,0,0,0,0,0,0,0,0,0,0,0
214,0,6,0,9,0,10,0,1,0,7,402,"1655,22","−90,48",107,122,258,"1156,98","−92,73",34,212,157,4,1,0,0,1,0,0,0,0,0,0
215,0,8,1,0,2,1,2,1,2,1,1473,"1828,51","−89,78",319,45,1324,"1613,29","−91,67",202,132,17,0,1,0,0,1,0,0,0,0,0,0
216,0,7,0,0,0,0,0,0,0,0,796,"1599,12","−90,35",187,112,656,"1610,67","−89,31",139,186,0,0,0,0,0,0,0,0,0,0,0,0
217,1,45,15,11,18,14,6,3,10,5,443,"2613,32","−85,61",153,83,586,"1547,1","−88,64",145,121,0,0,0,0,0,0,74,1,2,0,0,3
218,1,23,109,128,87,119,3,3,39,49,729,"2007,82","−86,94",191,7,152,"6684,87","−75,68",51,5,1031,2,3,0,1,1,338,3,3,0,0,2
219,0,60,0,0,0,1,0,1,0,1,124,"2080,65","−89,56",64,12,35,"2468,57","−92,77",14,18,0,0,0,0,0,0,0,0,0,0,0,0
220,0,17,8,2,9,4,2,3,5,3,656,"1195,88","−90,39",192,9,1032,"2341,86","−91,33",186,60,365,5,1,0,1,5,111,1,1,0,0,1
221,0,66,13,41,30,44,7,10,19,31,1077,"1741,23","−89,23",258,60,1428,"2332,77","−89,41",194,68,649,10,11,1,1,5,1565,25,4,17,1,17
222,0,9,0,2,0,2,0,1,0,1,1670,"1855,33","−89,49",225,49,754,"2448,14","−88,03",124,169,250,3,1,0,0,1,88,1,0,0,0,1
223,0,5,0,0,0,0,0,0,0,0,535,"2648,97","−88,26",177,56,435,"5691,72","−86,61",50,172,0,0,0,0,0,0,0,0,0,0,0,0
224,0,4,2,8,0,6,1,1,1,2,487,"2616,84","−89,21",135,27,612,"4168,63","−88,8",138,90,0,0,0,0,0,0,30,0,2,0,0,1
225,1,11,6,39,15,40,5,5,10,28,1188,"2456,82","−87,72",161,70,357,"1919,33","−87,98",83,197,1546,11,3,1,1,5,813,4,9,1,1,3
226,0,28,0,0,0,0,0,0,0,0,235,"1318,72","−88,82",93,2,128,"1368,75","−86,53",72,10,0,0,0,0,0,0,0,0,0,0,0,0
227,0,19,12,22,4,14,4,4,8,12,1121,"1941,03","−87,41",112,44,253,"2384,58","−89,79",43,172,102,1,1,0,0,2,0,0,0,0,0,0
228,0,14,0,0,0,0,0,0,0,0,862,"2064,85","−89,71",252,69,422,"2155,45","−89,22",133,133,29,0,1,0,0,1,0,0,0,0,0,0
229,0,13,6,4,4,4,2,1,4,2,717,"2237,66","−86,4",187,44,703,"2182,36","−88,52",131,134,0,0,0,0,0,0,0,0,0,0,0,0
230,0,5,0,0,0,0,0,0,0,0,801,"1756,93","−88,73",153,57,348,"2193,97","−87,06",120,92,0,0,0,0,0,0,0,0,0,0,0,0
231,0,8,0,0,0,0,0,0,0,0,801,"1754,31","−88,29",190,47,809,"1642,4","−89,88",236,144,0,0,0,0,0,0,0,0,0,0,0,0
232,0,1,0,4,0,4,0,1,0,3,718,"2871,31","−88,76",184,46,188,"7432,98","−84,8",38,107,0,0,0,0,0,0,0,0,0,0,0,0
233,0,14,0,0,1,0,1,0,1,0,383,"2634,2","−88,53",106,73,185,"1540,54","−88,95",5,179,0,0,0,0,0,0,0,0,0,0,0,0
234,0,11,4,0,4,0,1,0,2,0,243,"1961,73","−87,4",75,40,128,"3103,12","−83,24",16,106,0,0,0,0,0,0,0,0,0,0,0,0
235,1,24,12,25,11,29,4,4,11,12,1562,"2184,51","−89,88",359,74,1450,"2513,59","−90,85",251,121,181,2,2,0,0,2,454,3,2,0,3,2
236,0,34,0,10,0,4,0,3,0,4,249,"1754,22","−86,84",123,30,640,"2418,75","−86,29",180,43,7,1,0,0,1,2,0,0,0,0,0,0
237,0,10,24,89,31,106,2,2,10,33,895,"2895,08","−87,91",269,101,726,"2477,27","−88,68",152,278,262,0,5,0,0,2,351,3,6,0,0,1
238,0,16,0,4,0,3,0,1,0,2,1598,"1714,39","−91,22",332,77,410,"1999,76","−90,57",144,145,0,0,0,0,0,0,0,0,0,0,0,0
239,1,17,2,0,1,0,1,0,2,0,1160,"1748,28","−88,09",297,123,920,"2061,52","−86,9",186,331,17,1,0,0,0,1,0,0,0,0,0,0
240,0,15,4,1,7,0,1,1,2,1,411,"3280,29","−86,77",136,27,382,"8456,54","−88,88",82,35,25,1,0,0,0,1,0,0,0,0,0,0
241,0,11,0,0,0,0,0,0,0,0,69,"1278,26","−91,42",26,5,88,"1114,77","−88,43",47,7,0,0,0,0,0,0,0,0,0,0,0,0
242,0,15,20,53,14,47,2,2,11,22,788,"2152,16","−87,88",232,79,750,2414,"−85,06",159,337,48,0,1,0,0,1,158,3,2,0,0,1
243,0,16,4,13,3,7,1,2,1,7,1473,"2311,41","−87,46",268,63,1106,"1901,72","−88,4",223,132,1218,6,2,0,2,3,14,2,0,0,0,2
244,0,15,1,6,2,7,1,3,1,3,1525,"1743,34","−88,63",329,36,642,"2330,84","−88,46",197,184,93,2,1,0,1,2,95,2,0,0,0,2
246,0,9,0,15,0,12,0,1,0,3,705,"2682,55","−88,25",171,51,577,"2373,48","−91,33",91,209,53,1,0,0,0,1,0,0,0,0,0,0
247,1,3,0,0,0,0,0,0,0,0,688,"1870,2","−90,3",172,98,246,"3917,07","−87,62",51,151,0,0,0,0,0,0,0,0,0,0,0,0
248,0,8,0,0,0,0,0,0,0,0,805,"1671,8","−90,06",109,31,193,"1559,07","−89,03",68,77,46,0,1,0,0,1,5,0,1,0,0,1
249,0,23,9,3,13,1,1,1,7,2,752,"3086,97","−86,85",180,43,704,"5007,1","−87,11",98,111,0,0,0,0,0,0,0,0,0,0,0,0
250,0,4,17,19,16,24,2,2,12,16,939,"1342,81","−88,37",342,129,946,"1218,08","−89,05",200,184,198,4,2,0,0,1,84,6,3,0,0,2
251,0,5,0,0,0,0,0,0,0,0,729,"1587,24","−88,07",94,48,190,"1102,11","−92,04",14,176,0,0,0,0,0,0,0,0,0,0,0,0
252,0,7,1,0,1,0,1,0,1,0,498,"2068,07","−86,43",165,89,165,"2994,55","−83,59",25,125,338,2,1,0,0,2,28,1,0,0,1,1
253,0,5,1,10,1,16,1,2,1,9,458,"1760,04","−89,04",185,40,133,"3378,95","−85,63",55,50,55,0,1,0,0,1,0,0,0,0,0,0
254,0,21,3,16,2,12,3,3,4,10,1684,"2076,66","−89,24",322,73,1012,"1637,85","−89,66",238,292,196,9,4,1,0,4,54,6,4,0,1,3
256,0,13,6,0,6,1,2,1,4,1,257,"2179,38","−88,4",84,24,240,"2262,5","−86,59",78,42,0,0,0,0,0,0,190,3,1,2,0,3
258,0,10,1,0,0,0,1,0,1,0,314,"1171,34","−89,06",122,5,256,"1196,48","−89,67",125,22,317,4,0,1,0,1,188,0,4,1,2,1
259,0,14,4,3,3,2,1,1,1,1,598,"1529,6","−88,86",174,10,753,"1482,47","−88,64",153,57,2,1,0,0,0,1,30,0,1,0,0,1
260,1,17,0,8,1,9,1,1,1,6,1128,"2124,2","−89,52",289,75,483,"3545,96","−87,67",46,306,90,1,1,0,0,1,558,2,5,1,0,1
261,0,11,0,0,0,0,0,0,0,0,587,"1692,16","−89,4",155,61,343,"2094,75","−91,54",44,204,5,0,1,0,0,1,0,0,0,0,0,0
262,1,34,5,2,3,0,2,2,4,1,778,"1536,63","−89,3",217,56,1562,"2964,28","−89,41",213,112,169,6,0,0,1,2,498,6,1,0,0,6
263,1,71,9,11,4,7,2,4,6,7,617,"1344,41","−88,45",244,66,1929,"2160,96","−88,37",297,55,1347,19,5,0,3,10,603,11,1,0,0,9
264,0,2,0,0,0,0,0,0,0,0,1088,"2133,36","−89,86",296,44,384,"2468,75","−89,68",144,72,0,0,0,0,0,0,0,0,0,0,0,0
265,1,11,7,0,5,1,2,1,6,1,456,"2330,92","−87,57",139,91,654,"2538,99","−89,28",160,209,99,0,2,0,0,1,75,0,2,0,1,2
266,0,23,13,40,16,39,4,3,13,15,471,"1881,53","−87,03",127,52,722,"2313,99","−89,4",118,98,934,6,11,0,0,3,626,4,7,1,1,3
267,0,27,4,6,5,11,2,5,6,11,1545,"1431,26","−89,91",299,96,794,"1719,14","−89,09",172,187,610,8,3,0,0,2,649,5,4,0,0,3
268,0,44,36,43,33,56,3,8,26,41,978,"1660,12","−89,25",307,64,969,"2591,95","−87,39",211,141,1080,8,8,0,1,5,1999,10,12,0,0,4
269,0,20,5,13,6,13,3,6,6,12,948,"1596,2","−88,63",205,26,515,"3221,36","−89,99",102,48,771,4,6,0,2,4,220,3,1,0,0,1
271,0,0,18,15,20,16,1,1,11,12,431,"2090,26","−87,63",144,35,360,"1523,33","−87,68",127,66,63,1,1,0,0,1,73,1,0,0,0,1
272,0,33,12,25,12,32,4,5,7,11,1200,"1861,5","−89,38",294,30,830,"2147,35","−88,58",208,53,353,6,3,0,0,1,435,6,2,0,0,2
273,0,14,4,12,1,9,2,2,3,9,903,"1752,49","−87,43",203,29,622,"1811,09","−88,5",142,62,142,4,4,1,0,2,307,2,1,0,0,2
274,1,22,61,204,57,206,3,2,40,116,1680,"1826,61","−89,9",243,65,507,"2911,24","−86,3",92,289,0,0,0,1,0,1,144,3,2,0,0,3
275,1,15,0,5,0,4,0,1,0,4,601,"2385,52","−89,03",225,98,256,"2029,69","−89,66",33,215,0,0,0,0,0,0,0,0,0,0,0,0
276,0,15,3,9,5,15,1,2,5,9,961,"1898,02","−87,97",269,24,692,"2996,97","−89,49",113,31,0,0,0,0,0,0,0,0,0,0,0,0
277,1,15,0,0,0,0,0,0,0,0,287,"3724,39","−89,24",76,15,122,"2033,61","−89,81",48,59,0,0,0,0,0,0,0,0,0,0,0,0
278,0,0,45,122,43,106,2,2,24,54,1087,"2183,07","−89,77",296,41,713,"2232,12","−89,81",211,87,405,11,7,1,0,2,248,13,9,1,0,3
279,0,11,415,1033,433,979,1,1,62,92,1161,"1599,48","−89,53",266,98,670,"2238,36","−86,86",170,239,228,2,1,0,0,1,2350,1,2,0,0,1
280,0,51,0,23,0,26,0,5,0,13,1015,"1613,5","−88,44",306,62,1103,"1881,87","−88,59",232,114,95,1,2,0,0,2,1207,5,4,0,0,4
281,1,9,0,0,0,0,0,0,0,0,941,"1945,06","−89,38",193,41,631,"1284,63","−91,86",117,116,0,0,0,0,0,0,0,0,0,0,0,0
282,0,18,0,4,0,7,0,3,0,6,1833,"2156,79","−89,7",225,36,523,"1447,23","−88,61",141,108,31,2,3,0,0,1,0,0,0,0,0,0
283,0,15,5,7,5,7,2,2,5,3,1497,"1799,8","−89,62",331,39,1301,"1948,27","−89,33",290,129,463,1,2,2,0,3,47,0,2,1,0,2
284,1,12,2,0,1,0,1,0,2,0,558,"1312,37","−90,11",187,30,288,"1404,17","−89,56",86,78,0,0,0,0,0,0,0,0,0,0,0,0
285,0,14,0,2,0,2,0,1,0,2,723,"2736,51","−87,15",242,62,366,"3529,51","−86,81",66,167,0,0,0,0,0,0,31,0,2,0,0,1
286,0,12,0,6,0,6,0,1,0,3,743,"1377,25","−90,5",206,99,1120,"3075,54","−89,85",162,140,0,0,0,0,0,0,0,0,0,0,0,0
287,0,11,0,0,0,0,0,0,0,0,1364,"1967,82","−89,72",236,133,1043,"2393,38","−90,68",132,388,0,0,0,0,0,0,0,0,0,0,0,0
288,0,29,49,107,50,111,4,3,31,27,562,"3330,43","−85,22",168,20,250,"4219,2","−86,22",89,84,426,0,11,1,4,3,4062,4,7,2,2,5
289,0,2,93,73,79,63,2,2,33,34,728,"2085,58","−89,22",214,97,1344,"1880,58","−91,57",179,292,3771,54,26,0,1,2,2769,28,14,0,0,2
290,0,17,0,14,0,15,0,2,0,7,798,"1776,69","−88,2",168,13,406,"1846,55","−87,11",144,17,76,1,0,0,0,1,0,0,0,0,0,0
291,1,24,2,33,2,36,1,5,3,18,1000,"2125,8","−88,31",203,37,450,"2296,67","−86,32",158,30,0,0,0,0,0,0,19,0,1,1,0,2
292,0,7,1,6,0,1,1,2,1,7,1277,"2299,22","−89,01",268,36,578,"2008,65","−89,44",155,27,28,1,0,0,0,1,0,0,0,0,0,0
293,1,11,0,0,0,0,0,0,0,0,183,"2683,61","−85,12",66,77,287,"2794,08","−84,04",73,167,0,0,0,0,0,0,0,0,0,0,0,0
294,0,37,23,56,17,42,2,2,11,23,536,"1807,28","−88,11",202,45,1017,"1872,86","−88,33",241,124,76,1,2,0,1,2,0,0,0,0,0,0
295,0,15,0,0,0,0,0,0,0,0,575,"1456,7","−90,09",168,105,648,"2087,96","−88,3",127,201,35,0,1,0,0,1,50,0,2,0,0,2
296,1,12,59,290,75,440,1,1,17,26,512,"1467,19","−89,53",155,19,299,"1936,45","−88,42",122,14,0,0,0,0,0,0,0,0,0,0,0,0
297,0,18,8,5,5,3,1,1,7,6,698,"1505,16","−89,28",228,106,786,"1922,9","−89,33",190,212,270,8,6,0,0,2,155,4,1,0,0,1
298,1,2,0,0,0,0,0,0,0,0,317,"1430,91","−89,32",138,92,268,"1833,58","−86,12",56,172,0,0,0,0,0,0,0,0,0,0,0,0
299,0,21,111,224,103,220,5,4,33,62,819,"2077,66","−87,45",252,9,511,"1397,85","−87,47",155,18,287,5,1,0,1,2,1029,7,5,0,0,3
300,1,65,38,63,41,48,4,4,26,37,599,"2362,94","−85,87",154,41,711,"3083,12","−87,73",142,76,716,9,10,0,0,3,1493,18,5,0,0,2
301,0,35,36,40,32,47,4,4,19,32,772,"2121,76","−87,98",283,48,1335,"2527,42","−88,72",208,70,924,16,15,2,0,4,1892,6,28,0,0,2
302,0,4,0,0,0,0,0,0,0,0,881,"2078,55","−88,69",178,34,274,"5109,85","−86,69",94,74,0,0,0,0,0,0,0,0,0,0,0,0
303,0,3,0,0,0,0,0,0,0,0,457,"1943,76","−85,23",112,36,107,"2730,84","−80,72",31,67,0,0,0,0,0,0,0,0,0,0,0,0
304,0,16,75,35,84,43,5,5,38,24,712,"2174,16","−86,71",216,22,500,"2259,6","−89,29",145,94,77,2,2,0,0,4,0,0,0,0,0,0
306,0,33,6,0,5,0,1,0,4,0,1445,"1977,51","−88,7",290,56,838,"3076,25","−90,54",117,121,0,0,0,0,0,0,636,0,1,0,1,1
307,0,7,0,0,0,0,0,0,0,0,494,"1704,66","−89,68",117,50,201,"1368,66","−89,5",73,84,0,0,0,0,0,0,0,0,0,0,0,0
308,1,20,23,34,13,29,3,2,8,5,1369,"1886,12","−88,51",287,95,870,"1646,21","−89,86",238,194,516,4,2,0,0,2,252,0,3,0,0,2
309,0,7,0,0,0,0,0,0,0,0,1621,"2231,4","−88,07",318,68,558,"2503,23","−88,2",113,155,0,0,0,0,0,0,0,0,0,0,0,0
310,0,11,19,2,20,3,3,2,14,3,381,"2000,79","−86,94",111,60,574,"1763,94","−90,4",137,74,62,1,5,0,0,2,56,1,0,0,0,1
311,1,22,12,2,8,6,2,2,4,3,892,2513,"−88,18",281,39,1581,"2133,21","−89,8",308,113,0,0,0,0,1,1,54,1,0,0,0,1
313,0,9,0,0,0,0,0,0,0,0,98,"1787,76","−91,57",0,98,246,"2782,93","−92,04",1,245,0,0,0,0,0,0,0,0,0,0,0,0
314,0,7,24,58,23,54,2,2,16,39,557,"1284,02","−90,31",175,119,580,"1447,24","−89,76",63,432,128,1,2,0,0,1,283,4,6,0,0,2
315,0,31,3,0,3,0,1,0,1,0,689,"1604,93","−89,24",168,75,344,"1663,08","−89,93",87,182,0,0,0,0,0,0,0,0,0,0,0,0
316,0,7,0,0,0,0,0,0,0,0,14,"1371,43","−95,69",0,14,30,1890,"−92,91",0,30,0,0,0,0,0,0,0,0,0,0,0,0
317,0,15,6,3,5,5,1,2,4,3,700,"1565,14","−89,33",219,31,160,"1361,25","−88,61",95,24,0,0,0,0,0,0,94,0,1,0,0,1
318,0,5,0,0,0,0,0,0,0,0,633,"2400,47","−88,32",194,74,676,"1802,66","−90,61",109,115,0,0,0,0,0,0,0,0,0,0,0,0
319,0,0,0,0,0,0,0,0,0,0,466,"2490,77","−89,17",106,74,207,"2753,62","−90,46",35,157,0,0,0,0,0,0,0,0,0,0,0,0
320,1,11,0,0,0,0,0,0,0,0,69,"4060,87","−84,23",1,68,73,"2112,33","−85,84",0,73,0,0,0,0,0,0,0,0,0,0,0,0
321,1,0,17,7,9,9,2,1,7,7,117,"7635,9","−86,24",32,51,158,"11067,72","−88,42",18,114,919,2,1,0,0,1,920,2,1,1,0,1
323,0,25,0,3,0,1,0,1,0,2,314,"1951,91","−88,23",89,36,776,1500,"−90,42",163,261,0,0,0,0,0,0,7,2,0,0,0,1
324,0,72,16,32,11,33,5,6,10,24,821,"1784,29","−87,86",259,50,1395,"1736,77","−88,64",219,90,410,4,2,1,0,2,230,2,11,0,8,5
325,0,7,2,0,6,4,1,2,4,3,1395,"2132,47","−87,5",384,77,1153,"2384,91","−87,68",223,169,82,2,2,0,0,2,211,1,0,0,0,1
326,1,13,4,5,8,2,1,1,3,2,260,"2246,54","−87,73",81,2,267,"1848,31","−89,17",121,8,0,0,0,1,0,1,54,0,1,0,0,1
327,0,9,0,1,0,0,0,1,0,1,748,"2010,56","−89,49",169,25,340,"1615,59","−90,1",85,60,0,0,0,0,0,0,54,2,0,0,1,1
328,0,7,0,0,0,0,0,0,0,0,598,"1841,14","−89,17",170,91,290,"4844,48","−88,54",42,166,0,0,0,0,1,1,0,0,0,0,0,0
329,0,4,0,0,0,0,0,0,0,0,64,"7312,5","−84,17",8,36,126,"8026,19","−85,94",7,59,0,0,0,0,0,0,0,0,0,0,0,0
330,1,32,1,5,3,8,2,2,2,5,1214,"2188,47","−88,59",282,51,551,"3702,36","−86,86",91,168,52,2,1,0,2,2,0,0,0,0,0,0
332,0,6,3,2,3,1,1,2,1,3,32,"4303,12","−85,72",13,8,12,3400,"−89,69",1,7,0,0,0,0,0,0,0,0,0,0,0,0
333,0,21,2,0,4,1,1,1,2,1,−1,−1,−1,−1,−1,−1,−1,−1,−1,−1,23,1,0,0,0,1,89,0,2,0,0,1
334,0,15,13,7,16,5,1,1,6,2,1290,"1678,37","−88,87",222,11,439,"1278,59","−88,69",156,31,31,1,3,0,0,1,0,0,0,0,0,0
335,1,9,62,116,62,130,2,2,35,64,551,"1913,79","−89,1",191,5,121,"6265,29","−87,31",51,23,405,7,11,0,0,1,225,8,11,0,1,1
336,0,21,0,1,0,3,0,2,0,2,842,"3156,77","−88,98",212,65,612,"3162,75","−88,71",194,135,0,0,0,0,0,0,0,0,0,0,0,0
337,0,5,1,15,1,14,1,1,2,10,91,"2821,98","−87,94",35,25,25,2400,"−91,17",1,24,702,1,3,0,1,1,421,5,2,1,1,1
338,1,12,0,0,0,0,0,0,0,0,705,"2442,13","−88,53",212,58,279,"2970,97","−87,42",93,56,0,0,0,0,0,0,0,0,0,0,0,0
339,0,19,2,22,4,21,2,3,3,10,1107,"2291,33","−88,34",304,54,367,"4274,39","−84,12",126,98,175,3,5,1,0,3,20,0,1,0,0,1
340,0,3,33,15,34,22,1,1,17,15,152,"2808,55","−87,53",48,42,405,"2426,67","−89,86",73,120,1,0,1,0,0,1,147,0,2,0,0,1
341,0,12,8,2,7,1,1,1,3,1,788,"2356,6","−87,96",115,3,254,"4243,7","−86,37",79,9,117,1,3,0,0,2,69,3,0,0,0,2
342,1,51,13,22,13,21,4,6,14,19,948,"2101,27","−89,49",272,81,651,"2538,25","−91,09",122,213,600,2,7,0,1,5,91,1,2,0,0,3
343,0,8,0,0,0,0,0,0,0,0,429,"2265,73","−88,64",77,80,801,"3093,63","−91,43",44,204,121,0,5,1,0,1,0,0,0,0,0,0
344,0,24,9,11,6,18,2,3,3,7,1275,"2647,53","−88,5",263,83,908,"2184,91","−89,65",187,221,304,1,6,0,2,3,82,1,3,0,2,3
345,0,14,1,0,2,0,1,0,1,0,460,"2077,83","−88,76",126,68,447,2500,"−90,69",53,117,3,1,0,0,0,1,0,0,0,0,0,0
346,0,17,0,0,0,0,0,0,0,0,64,"1382,81","−94,11",0,64,143,"3656,64","−91,89",3,140,0,0,0,0,0,0,246,1,0,0,0,1
347,0,8,0,0,0,0,0,0,0,0,105,"4808,57","−83,72",3,101,127,"3895,28","−82,44",2,124,0,0,0,0,0,0,0,0,0,0,0,0
348,0,18,0,3,2,5,1,3,1,5,383,"2548,83","−89,09",150,17,996,"1793,37","−89,62",187,78,30,0,1,0,0,1,65,0,1,0,0,1
349,0,5,0,0,0,0,0,0,0,0,1008,"1784,23","−90,1",223,44,522,"1801,72","−91,33",164,54,0,0,0,0,0,0,0,0,0,0,0,0
350,0,24,4,4,5,3,1,1,3,2,939,"1510,22","−89,46",234,34,265,"1644,91","−88,78",86,44,0,0,0,0,0,0,3,0,1,0,0,1
351,0,30,18,26,9,18,2,5,5,10,486,"2159,26","−89,41",134,99,428,"4007,24","−87,95",124,150,29,1,0,0,0,1,915,9,4,2,1,4
352,0,18,2,1,2,1,1,1,1,1,552,"1454,35","−89,35",161,39,701,"1363,05","−88,76",203,177,53,0,2,0,0,1,0,0,0,0,0,0
353,0,12,0,0,0,0,0,0,0,0,1135,"2242,2","−88,61",308,76,372,"2408,06","−88,34",104,140,0,0,0,0,0,0,0,0,0,0,0,0
354,1,16,10,6,14,5,1,1,4,4,862,"1879,7","−88,32",271,94,387,"2790,7","−86,03",95,172,342,8,8,0,2,1,1057,10,1,0,4,1
355,1,10,6,0,3,2,1,1,2,2,480,"1672,5","−88,12",131,3,286,"2049,65","−86,05",83,7,0,0,0,0,0,0,58,1,0,0,0,1
356,0,19,17,5,13,1,2,1,4,3,934,"2381,37","−86,87",308,103,340,"1611,18","−90,08",46,262,650,16,4,1,2,3,21,0,1,0,0,1
357,1,19,27,92,26,85,3,2,19,17,716,"1937,01","−87,63",224,53,489,"2622,09","−85,79",113,75,1162,0,12,0,0,3,80,1,2,1,0,2
358,1,48,12,35,11,29,4,5,12,19,994,"2136,52","−88,92",265,50,862,"1732,13","−89,07",196,223,1918,1,5,0,3,2,2420,8,1,0,1,2
359,0,18,18,24,13,25,4,3,11,13,1263,"2160,57","−87,64",261,34,1042,"2630,33","−88,43",207,83,347,3,4,0,1,2,69,1,2,0,0,1
360,0,14,1,2,1,3,1,2,1,3,407,"1496,31","−89,81",138,44,635,"1071,02","−89,15",178,125,35,0,1,1,0,1,331,4,5,0,0,2
361,0,1,0,1,1,1,1,1,1,2,544,"1966,54","−88,8",132,64,394,"2716,75","−86,32",94,160,0,0,0,0,0,0,0,0,0,0,0,0
362,0,5,2,0,3,0,2,0,3,0,418,"1276,08","−88,27",142,74,315,"1089,52","−90,32",63,225,0,0,0,0,0,0,0,0,0,0,0,0
363,0,10,4,9,6,11,2,1,4,5,1332,"1649,55","−88,45",279,75,534,"2738,2","−88,21",112,158,157,0,2,0,0,2,0,0,0,0,0,0
364,0,6,21,43,19,49,1,3,9,17,697,1633,"−90,48",177,66,1171,"893,34","−91,12",210,218,2,1,0,1,0,1,556,9,7,0,0,4
365,1,13,0,1,0,2,0,1,0,1,543,"1645,86","−86,52",167,45,306,"2286,27","−86,68",50,60,0,0,0,0,0,0,0,0,0,0,0,0
366,0,0,1,0,1,0,1,0,1,0,808,"1337,75","−89,1",270,77,1014,"957,99","−90,1",196,199,0,0,0,0,0,0,0,0,0,0,0,0
367,0,7,0,8,1,4,1,3,1,8,466,"2781,12","−90,42",133,7,154,"2382,47","−91,31",64,14,53,0,1,0,0,1,0,0,0,0,0,0
368,1,16,9,18,14,18,4,4,10,19,717,"1907,11","−88,67",256,43,780,"2285,77","−88,71",190,51,0,0,0,0,0,0,0,0,0,0,0,0
369,0,3,0,0,0,0,0,0,0,0,301,"1816,94","−88,18",116,65,373,"2507,77","−88,91",156,94,0,0,0,0,0,0,0,0,0,0,0,0
370,0,13,9,11,6,7,1,1,3,4,243,"1467,9","−91,04",94,48,673,"1120,21","−91,55",148,103,0,0,0,0,0,0,0,0,0,0,0,0
371,1,50,22,42,21,48,6,8,19,39,966,"1898,14","−87,61",281,52,994,"2128,67","−89,02",223,129,188,3,1,0,0,4,98,0,1,0,0,1
372,0,21,21,5,19,5,4,2,15,4,1256,"1926,35","−88,49",388,47,749,"2870,23","−90,96",176,107,439,2,4,0,0,2,95,1,3,0,0,3
373,0,60,0,4,0,5,0,2,0,3,1039,"2527,05","−88,13",230,48,1658,"2018,58","−89,21",210,116,278,0,5,0,0,2,150,0,3,0,0,2
374,0,23,6,7,10,11,2,2,9,9,498,"1895,18","−89,77",130,76,795,"1875,85","−87,85",196,180,492,6,10,0,0,4,191,1,5,0,0,2
375,0,9,0,0,0,0,0,0,0,0,568,"1576,58","−89,75",208,74,466,"3613,52","−88,08",82,99,0,0,0,0,0,0,0,0,0,0,0,0
376,0,19,57,9,41,9,1,1,12,7,526,"2577,38","−88,25",194,23,504,"3725,6","−89,13",136,22,22,1,0,0,0,1,0,0,0,0,0,0
378,0,30,1,19,1,17,1,5,2,11,1632,"2173,9","−88,99",234,77,1591,"1828,1","−88,84",287,258,48,0,6,2,1,3,244,7,4,6,0,3
379,0,8,30,34,34,27,1,2,5,11,702,"2089,32","−89,34",192,2,158,"2456,96","−85,85",74,0,141,5,2,0,1,2,46,2,2,0,0,1
380,0,0,2,2,4,2,1,1,3,3,1023,"1396,48","−89,5",333,71,336,"1839,29","−89,77",93,140,0,0,0,0,0,0,776,1,0,0,0,1
381,0,27,2,0,1,1,1,1,1,1,43,"3683,72","−77,06",21,14,286,"1947,9","−84,25",97,52,28,1,1,0,0,2,375,2,0,0,8,1
382,0,5,77,88,92,103,2,1,33,35,410,1980,"−87,36",145,3,162,"6403,7","−78,03",55,6,1031,3,2,1,0,1,300,2,3,0,0,1
383,1,8,8,9,5,8,3,3,5,7,1426,"2595,02","−87,82",303,65,804,"3210,82","−86,51",200,213,197,0,3,3,0,2,58,1,2,0,0,1
384,0,4,0,0,0,0,0,0,0,0,862,"1656,26","−88,28",268,116,639,"1546,01","−90,02",184,258,0,0,0,0,0,0,0,0,0,0,0,0
385,0,29,0,0,0,0,0,0,0,0,128,"1403,91","−90,49",50,12,131,"2161,83","−90,46",52,21,0,0,0,0,0,0,0,0,0,0,0,0
386,0,8,6,8,4,11,2,1,4,5,1486,"2299,26","−87,96",285,65,821,"2757,73","−84,08",195,306,207,2,1,1,0,2,115,0,3,0,1,2
387,0,11,0,0,0,0,0,0,0,0,30,1190,"−88,36",2,28,96,1500,"−90,72",0,96,0,0,0,0,0,0,0,0,0,0,0,0
388,0,20,42,10,42,7,3,3,21,8,1110,"2438,92","−87,43",280,83,425,"2300,47","−83,96",134,133,204,8,0,0,0,3,0,0,0,0,0,0
389,0,3,0,1,0,2,0,1,0,2,594,"1448,99","−89,69",232,26,300,1465,"−87,18",88,134,0,0,0,0,0,0,0,0,0,0,0,0
390,0,17,49,48,44,56,2,2,29,28,632,"1181,49","−89,44",224,78,371,"2054,72","−89,73",59,101,488,3,3,0,1,1,140,0,3,0,0,1
391,0,7,35,95,39,123,2,2,14,32,379,"2312,93","−88,15",124,34,259,"4089,96","−88,12",78,46,0,0,0,0,0,0,598,1,1,0,0,1
392,0,19,0,1,0,3,0,1,0,2,314,"1344,27","−90,06",138,8,131,"1822,9","−87,85",33,67,0,0,0,0,0,0,7,0,2,0,0,1
393,0,26,0,0,0,4,0,2,0,2,2,300,"−94,5",2,0,10,1440,"−90,88",1,2,0,0,0,0,0,0,0,0,0,0,0,0
394,1,15,2,5,4,7,2,3,3,6,1542,2200,"−87,72",311,38,669,"2118,83","−91,17",104,70,388,8,3,0,1,3,0,0,0,0,0,0
395,1,16,3,10,2,9,2,2,3,6,740,"1721,76","−88,01",184,65,604,"2042,88","−87,61",140,199,6,1,0,0,0,1,68,0,1,0,1,2
396,0,17,0,1,0,0,0,1,0,1,797,"2028,86","−87,61",227,12,465,"1454,84","−91,93",128,17,19,1,1,0,0,2,0,0,0,0,0,0
397,0,6,9,8,12,8,2,2,4,7,1006,"1765,11",−90,212,41,1258,"2021,07","−90,87",244,107,147,5,2,0,0,2,237,1,3,0,0,3
398,0,26,0,0,0,0,0,0,0,0,18,"583,33","−89,42",0,18,12,2925,"−85,32",0,12,0,0,0,0,0,0,0,0,0,0,0,0
399,0,13,17,5,17,5,2,1,7,1,1130,"1897,7","−88,56",280,62,725,"1849,66","−89,4",222,132,0,0,0,2,0,1,0,0,0,0,0,0
400,0,9,0,0,0,0,0,0,0,0,442,"1254,3","−86,86",184,63,158,"1902,53","−78,45",40,94,0,0,0,0,0,0,0,0,0,0,0,0
401,0,56,3,79,9,85,3,9,6,53,985,"2491,37","−87,58",274,38,1391,"3161,54","−88,57",226,60,786,4,5,1,0,4,1896,10,19,5,1,10
402,0,22,2,2,2,0,1,1,3,1,1098,"1411,48","−88,62",211,64,452,"1987,17","−87,02",79,189,112,3,4,0,2,1,11,1,0,0,0,1
403,0,24,9,8,7,8,2,3,3,8,1715,"1761,34","−89,4",292,74,1091,"2490,47","−89,95",120,337,247,2,6,0,0,2,33,1,2,0,0,2
404,1,10,0,0,0,0,0,0,0,0,561,"1537,97","−89,51",172,52,294,"5137,76","−86,21",79,125,0,0,0,0,0,0,0,0,0,0,0,0
405,1,31,38,38,43,38,3,3,17,20,1195,"1726,95","−89,64",275,50,948,"2075,63","−89,36",233,139,1241,22,31,3,1,4,915,11,10,1,0,4
406,0,26,3,3,1,4,1,1,3,2,453,"2134,44","−88,4",168,25,194,"2616,49","−87,25",96,19,83,0,4,0,0,2,211,1,1,0,0,1
407,0,11,0,0,0,0,0,0,0,0,1405,"1954,16","−89,73",220,42,146,"2167,81","−89,27",44,44,0,0,0,0,0,0,0,0,0,0,0,0
408,0,8,1,0,0,0,1,0,1,0,896,"2051,79","−88,94",177,60,297,"3315,15","−84,27",70,85,0,0,0,0,0,0,0,0,0,0,0,0
409,0,8,6,20,2,21,3,2,4,8,364,"1840,38","−87,99",142,120,413,"2000,48","−89,76",94,255,0,0,0,0,0,0,0,0,0,0,0,0
410,0,10,0,0,0,0,0,0,0,0,60,2385,"−87,69",4,56,58,"1805,17","−87,68",3,55,0,0,0,0,0,0,0,0,0,0,0,0
411,0,20,0,0,0,0,0,0,0,0,334,"1773,05","−88,56",132,61,430,"1368,84","−90,14",138,85,0,0,0,0,0,0,0,0,0,0,0,0
412,0,11,0,2,0,2,0,1,0,3,1616,"2242,2","−89,54",284,56,674,"2558,9","−87,01",153,180,0,0,0,0,0,0,23,0,1,0,0,1
413,0,15,8,10,7,15,2,3,2,9,990,"1861,82","−89,29",141,103,432,"1448,61","−89,6",72,303,657,0,5,0,0,2,30,2,0,0,0,2
414,1,10,18,16,21,17,2,3,13,15,593,"2063,07","−88,74",202,11,145,"3053,79","−88,57",61,37,0,0,0,0,0,0,0,0,0,0,0,0
415,1,31,10,31,5,30,3,5,7,9,891,"2631,99","−87,42",216,84,746,"2828,28","−86,72",176,94,120,2,2,0,0,3,0,0,0,0,0,0
416,1,23,0,10,0,8,0,2,0,6,1300,"2797,85","−87,65",280,77,647,"2581,3","−87,58",147,187,18,0,1,0,0,1,51,0,1,0,0,1
417,0,2,0,0,0,0,0,0,0,0,132,"2711,36","−93,84",0,132,358,"2619,55","−93,31",3,355,0,0,0,0,0,0,0,0,0,0,0,0
418,0,0,0,2,0,3,0,1,0,1,844,"1683,41","−89,17",226,7,561,"1425,13","−88,96",179,42,85,0,2,0,0,2,38,0,1,0,0,1
419,0,9,42,50,33,48,2,3,16,15,144,"8841,67","−86,31",45,28,161,"11670,19","−81,58",27,69,819,8,8,2,4,1,85,1,1,0,2,2
420,0,1,14,5,15,6,3,1,10,2,135,"1806,67","−89,72",52,8,101,"938,61","−94,04",19,17,7940,13,21,4,0,2,2736,7,5,4,0,2
421,0,22,5,11,6,14,2,2,3,7,812,"1687,32","−90,45",278,42,749,"2009,88","−90,11",181,142,179,2,3,0,0,2,0,0,0,0,0,0
422,0,0,6,14,4,10,4,5,6,10,979,"2230,23","−88,68",267,73,640,"4783,12","−86,46",181,118,0,0,0,0,0,0,155,2,3,0,0,2
423,0,23,2,3,3,4,1,2,1,2,1062,"1975,14","−87,89",250,39,790,"1754,81","−88,34",234,45,0,0,0,0,0,0,46,4,1,1,2,2
424,0,30,16,8,12,10,5,3,16,13,707,"2096,61","−87,42",205,42,1198,"2308,6","−87,75",214,160,1386,21,6,0,3,4,2030,13,9,1,6,4
425,0,2,0,0,0,0,0,0,0,0,999,"2378,98","−88,6",213,53,261,"3629,89","−88,57",68,143,0,0,0,0,0,0,0,0,0,0,0,0
426,0,8,0,0,0,0,0,0,0,0,133,"1921,8","−86,93",11,122,219,"1726,03","−87,66",8,210,0,0,0,0,0,0,0,0,0,0,0,0
427,0,5,6,3,3,4,2,2,5,6,1443,"1973,39","−89,05",330,35,935,"2454,55","−91,35",132,126,54,1,2,0,0,1,211,0,1,0,0,1
428,0,3,0,0,0,0,0,0,0,0,356,"1627,25","−88,57",184,78,421,"2701,43","−89,73",131,137,295,5,1,0,1,1,0,0,0,0,0,0
429,0,8,0,0,0,0,0,0,0,0,390,"2070,77","−88,12",102,52,209,"2608,13","−89,39",61,107,0,0,0,0,0,0,0,0,0,0,0,0
430,0,2,0,10,0,9,0,1,0,7,398,"1640,95","−89,35",121,110,415,"1737,83","−88,46",79,313,157,1,4,0,0,1,0,0,0,0,0,0
431,0,20,0,0,0,0,0,0,0,0,479,"2441,34","−87,64",188,16,73,"7315,07",−85,30,27,0,0,0,0,0,0,0,0,0,0,0,0
432,0,18,1,0,2,0,1,0,1,0,686,"1934,26","−89,47",232,36,448,"3591,96","−89,64",91,104,0,0,0,0,0,0,0,0,0,0,0,0
433,0,2,0,0,0,0,0,0,0,0,612,"1930,88","−89,78",219,65,296,"3345,61","−85,13",113,83,0,0,0,0,0,0,0,0,0,0,0,0
434,0,1,0,0,0,0,0,0,0,0,631,"2347,23","−88,2",121,69,547,"2754,3","−88,73",109,186,0,0,0,0,0,0,0,0,0,0,0,0
435,0,6,3,4,3,5,1,1,5,5,942,"1837,58","−88,08",152,16,358,"2263,41","−87,51",78,80,78,4,0,0,0,1,0,0,0,0,0,0
436,0,24,8,12,6,14,2,3,6,14,1048,"2462,12","−89,16",136,48,223,"3516,59","−86,76",68,133,94,3,2,1,0,3,5865,5,3,1,0,1
437,0,17,6,3,6,2,2,2,8,4,1044,"1663,51","−88,88",302,102,601,"1214,48","−89,93",204,220,0,0,0,0,0,0,0,0,0,0,0,0
438,0,14,6,1,2,2,1,2,3,2,988,"2552,13","−90,31",258,36,623,"3988,12","−86,58",188,118,206,0,2,0,0,1,0,0,0,0,0,0
439,1,14,0,0,0,0,0,0,0,0,1074,"3291,9","−88,82",124,27,169,"2201,18","−87,57",77,49,0,0,0,0,0,0,0,0,0,0,0,0
440,0,22,1,0,1,0,1,0,1,0,373,"1568,36","−88,83",155,52,261,"2293,1","−86,66",48,133,0,0,0,0,0,0,84,1,2,0,0,1
441,0,13,4,13,3,17,2,3,4,7,1663,"1724,23","−90,17",351,76,923,"2513,76","−87,46",246,188,252,1,1,0,3,3,346,2,4,1,1,3
442,0,9,8,2,9,2,1,1,3,1,271,"2465,31","−88,86",74,0,4,525,"−87,88",4,0,2,0,1,0,0,1,0,0,0,0,0,0
443,1,10,0,0,0,0,0,0,0,0,889,"1758,83","−89,9",219,73,501,"2569,46","−90,39",88,186,0,0,0,0,0,0,0,0,0,0,0,0
444,0,49,4,12,3,20,2,2,5,9,610,"1541,8","−87,84",128,6,200,1506,"−86,57",69,18,226,6,4,2,0,2,2480,1,5,0,0,3
445,0,8,2,3,2,2,1,1,2,1,158,"1410,76","−88,81",53,64,149,"1961,07","−87,05",13,130,28,1,0,0,0,1,127,2,0,0,0,1
446,0,14,10,0,11,1,2,1,5,1,229,"2204,8","−84,83",82,62,308,"3330,19","−84,83",49,139,2532,4,7,1,0,2,357,0,7,1,0,2
447,0,2,0,0,0,0,0,0,0,0,3,2000,"−86,19",0,3,2,3000,"−82,33",0,2,0,0,0,0,0,0,0,0,0,0,0,0
448,0,23,26,90,28,84,4,3,13,41,1467,"2120,65","−87,71",376,61,1216,"2463,4","−92,48",102,186,402,5,2,1,0,4,123,2,1,0,2,1
449,0,12,24,15,17,5,2,1,15,14,1043,"1667,11","−89,77",316,27,620,"4428,39","−89,7",170,30,1549,11,19,0,2,1,676,13,8,1,0,2
450,0,7,0,0,0,0,0,0,0,0,338,"2518,05","−88,34",100,22,227,"2818,94","−88,94",39,145,0,0,0,0,0,0,0,0,0,0,0,0
451,0,4,1,0,1,0,1,0,1,0,333,"1876,58","−87,39",92,118,193,"1737,82","−87,14",12,180,0,0,0,0,0,0,0,0,0,0,0,0
453,0,6,1,0,1,0,1,0,1,0,573,"1883,77","−88,64",251,70,333,"2090,99","−89,58",100,158,125,0,2,0,0,1,0,0,0,0,0,0
455,0,11,0,7,0,3,0,2,0,6,1613,"2166,03","−88,57",210,45,395,"1642,03","−86,99",129,77,31,3,2,0,0,1,10,2,1,2,0,2
456,0,3,0,0,0,0,0,0,0,0,93,"3274,19","−86,64",17,42,242,"3096,69","−88,79",112,55,0,0,0,0,0,0,0,0,0,0,0,0
457,0,34,6,25,4,21,4,7,6,20,243,"1758,02","−85,83",80,24,860,"1607,79","−89,25",204,117,14,1,0,0,0,1,300,2,14,1,1,3
459,0,2,1,13,2,13,2,2,2,12,586,"1801,54","−89,07",202,42,166,"6831,33","−85,45",26,74,90,1,1,0,0,1,640,5,4,0,1,3
460,0,7,0,0,0,0,0,0,0,0,153,"2501,96","−82,31",48,83,274,"2363,87","−84,95",15,259,0,0,0,0,0,0,0,0,0,0,0,0
461,0,10,0,4,0,5,0,3,0,4,866,"2154,39","−88,86",210,53,1129,"2341,28","−87,54",227,94,0,0,0,1,0,1,179,2,0,0,0,2
462,0,19,0,4,0,4,0,1,0,2,511,"2004,31","−87,98",134,15,417,"2048,92","−90,4",103,25,0,0,0,0,0,0,0,0,0,0,0,0
463,0,5,0,0,0,0,0,0,0,0,179,"2307,82","−90,53",45,112,174,"5334,48","−89,92",2,172,0,0,0,0,0,0,0,0,0,0,0,0
464,1,20,8,1,7,0,1,1,4,1,53,"1267,92","−88,54",19,27,66,1050,"−87,65",3,59,72,1,0,0,0,1,0,0,0,0,0,0
465,0,12,38,22,70,39,1,1,37,27,1849,"2192,81","−89,08",274,43,715,"2329,93","−88,96",155,117,405,2,10,0,0,1,317,5,13,0,1,2
466,0,34,2,11,4,10,3,3,4,9,1420,"1517,32","−89,11",191,26,298,"2872,15","−88,36",56,77,601,8,3,0,0,4,32,3,0,0,0,3
467,0,14,0,0,0,0,0,0,0,0,2428,"1586,12","−89,31",324,102,686,"1350,87","−91,03",146,300,15,1,0,0,0,1,0,0,0,0,0,0
468,0,4,3,4,3,7,2,2,3,7,449,"1559,47","−87,46",199,85,306,"2333,33","−84,45",85,177,85,5,1,0,2,2,0,0,0,0,0,0
469,1,29,16,5,17,5,1,1,6,1,830,"1740,72","−88,99",237,9,262,"1675,19","−87,79",101,37,0,0,0,0,2,1,0,0,0,0,0,0
470,1,21,2,4,3,4,1,1,3,8,791,"3160,43","−86,3",233,32,870,"1654,14","−89,51",163,140,920,4,28,1,1,5,766,1,8,0,0,2
471,1,13,0,4,1,5,1,2,1,4,349,"1578,22","−86,22",157,12,286,"2291,96","−87,55",94,62,287,2,4,0,0,2,88,0,1,0,0,1
472,0,72,25,58,27,59,4,9,17,34,394,"1634,77","−89,14",156,43,946,"2093,02","−88,01",166,82,246,4,5,1,0,4,125,3,2,0,1,5
473,0,8,1,3,2,2,1,1,2,3,766,"1536,81","−89,08",223,2,398,"1436,68","−92,52",102,20,189,0,2,0,0,1,156,0,3,0,1,1
474,0,23,90,41,86,31,7,5,57,32,826,"2043,7","−87,34",216,29,573,"1496,86","−89,21",196,23,1025,8,4,0,3,4,507,7,3,0,4,3
475,0,12,22,32,25,38,1,1,12,25,1037,"1636,55","−89,06",256,70,472,"1113,56","−89,86",110,260,0,0,0,0,0,0,0,0,0,0,0,0
476,1,27,1,7,1,12,1,1,2,4,1730,"1868,32","−88,74",244,17,1279,"3311,26","−90,09",232,42,0,0,0,0,2,1,0,0,0,0,7,2
477,1,11,0,16,0,16,0,1,0,4,119,"1900,84","−87,43",59,5,114,"2460,53",−86,59,36,0,0,0,0,0,0,0,0,0,0,0,0
478,0,19,0,0,0,0,0,0,0,0,779,"1675,61","−90,04",221,97,353,"1533,99","−91,95",32,310,35,1,1,1,0,1,0,0,0,0,0,0
479,0,18,4,0,5,1,1,1,1,1,764,"1660,21","−90,15",192,0,134,"1961,19","−85,01",34,0,39,0,4,1,0,1,0,0,0,0,0,0
480,0,13,24,37,18,25,2,1,6,15,632,"1861,23","−86,9",212,12,107,"1474,77","−87,69",65,19,624,4,1,0,0,2,3582,6,2,0,0,1
481,1,0,187,610,142,413,3,4,44,51,920,"2221,63","−88,41",213,43,342,"2075,44","−87,66",81,156,9,0,1,2,0,2,587,0,2,0,0,1
482,0,19,0,20,0,12,0,2,0,9,986,"1283,67","−90,18",148,27,258,"1154,65","−88,36",61,73,0,0,0,0,0,0,2293,4,0,0,0,1
483,0,14,0,0,0,0,0,0,0,0,769,"2684,4","−88,23",181,37,478,"3733,05","−85,81",118,92,0,0,0,0,0,0,133,0,1,0,0,1
484,1,15,9,0,14,0,1,0,5,0,380,"1733,68","−88,44",133,19,199,"2517,59","−83,09",66,48,0,0,0,0,0,0,0,0,0,0,0,0
485,0,101,30,90,27,84,4,9,22,42,1037,"1535,87","−88,59",254,21,1128,"2574,2","−86,45",231,18,513,9,5,0,1,10,363,5,1,0,1,4
486,1,57,2,1,3,1,1,1,1,1,594,"1310,61","−88,76",176,27,505,"1599,8","−89,77",136,87,0,0,0,0,0,0,0,0,0,0,2,1
487,0,31,0,0,0,0,0,0,0,0,673,"1631,95","−90,25",175,23,126,"2009,52","−89,66",30,60,0,0,0,0,0,0,0,0,0,0,0,0
488,0,8,5,14,11,18,1,1,5,10,491,"1716,29","−90,02",146,22,694,"1744,24","−90,87",137,97,0,0,0,0,0,0,0,0,0,0,0,0
489,0,9,3,30,6,21,2,2,3,8,433,"2097,92","−88,53",127,38,624,"2230,29","−89,79",150,219,0,0,0,0,0,0,170,0,2,0,0,1
490,0,18,1,1,1,1,1,1,1,2,423,"1695,74","−88,16",133,31,347,"1883,86","−84,92",113,75,36,1,1,0,0,1,2,1,0,0,0,1
491,0,11,8,6,7,8,2,3,6,7,713,"2758,91","−86,3",235,60,350,"6700,29","−84,39",87,85,425,7,2,0,0,2,599,15,4,0,0,4
492,0,26,38,80,35,68,4,6,16,42,1027,"1407,11","−89,43",247,17,682,"2381,52","−87,71",140,37,850,10,10,1,1,3,1104,5,8,1,0,4
493,0,3,0,0,0,0,0,0,0,0,1146,"2035,6","−88,78",149,48,897,"2896,66","−91,58",67,164,0,0,0,0,0,0,0,0,0,0,0,0
494,0,14,12,14,12,14,3,5,11,13,871,"2779,22","−88,13",259,41,776,"1865,34","−91,49",168,117,34,1,0,0,0,1,0,0,0,1,0,1
495,0,1,9,8,7,9,2,2,8,4,157,"1278,34","−88,49",71,18,95,"3053,68","−89,06",19,74,6928,18,13,1,5,2,2865,5,7,0,4,2
496,0,13,0,0,0,0,0,0,0,0,64,"1148,44","−90,3",42,0,42,"1021,43","−91,59",6,0,0,0,0,0,0,0,0,0,0,0,0,0
497,1,9,0,0,0,0,0,0,0,0,244,"1563,93","−89,68",66,95,524,"1818,32","−90,56",112,291,0,0,0,0,0,0,0,0,0,0,0,0
498,0,2,0,0,0,0,0,0,0,0,414,"2159,42","−90,02",122,53,210,"2031,43","−89,45",33,167,0,0,0,0,0,0,0,0,0,0,0,0
499,1,25,11,25,10,15,3,4,7,28,698,"1846,42","−89,14",169,20,368,"2265,49","−85,19",86,102,140,0,3,0,0,1,651,6,3,1,0,3
500,0,2,0,1,0,1,0,1,0,1,196,"2914,29","−87,64",73,62,173,"4295,38","−86,61",10,163,0,0,0,0,0,0,46,2,1,0,0,2
501,0,2,0,0,0,0,0,0,0,0,554,"3422,38","−87,89",121,54,106,"5844,34","−76,37",21,81,0,0,0,0,0,0,0,0,0,0,0,0
502,0,19,0,0,0,0,0,0,0,0,722,"1849,86","−89,4",234,83,362,"1901,93","−88,8",61,158,134,1,1,1,0,1,20,0,1,0,0,1
503,0,49,1,14,4,7,3,5,4,7,537,"2214,53","−87,86",148,22,532,"2314,29","−87,32",132,41,525,0,3,1,0,2,60,3,0,2,1,2
504,0,12,0,0,0,0,0,0,0,0,304,"1317,43","−90,65",104,58,639,"1370,42","−88,5",180,209,93,2,1,0,0,1,24,0,1,0,0,1
505,0,25,9,14,10,15,2,5,8,10,1517,"1954,45","−89,5",268,92,678,"1883,63","−89,07",200,286,98,3,4,0,0,1,333,0,2,0,0,2
506,0,16,12,5,18,9,2,2,8,4,865,"2489,83","−89,39",286,33,503,"3209,34","−90,3",161,88,275,1,9,0,0,2,0,0,0,0,0,0
507,1,19,18,16,24,10,2,1,15,17,789,"2388,21","−86,23",197,15,459,"2347,71","−86,09",136,43,374,7,8,0,0,2,253,4,2,0,0,1
508,0,10,0,0,0,0,0,0,0,0,584,"2356,85","−87,03",130,7,545,"1418,53","−89,45",177,26,0,0,0,0,0,0,30,0,2,0,0,1
509,0,16,0,4,2,3,1,1,2,4,901,"2768,92","−86,25",216,24,308,"2645,45","−84,72",86,68,0,0,0,0,0,0,0,0,0,0,0,0
510,0,19,0,0,0,0,0,0,0,0,262,"1870,99","−89,34",94,47,149,"1888,59","−89,05",20,105,35,1,1,0,2,2,16,0,1,0,0,1
511,0,0,0,0,0,0,0,0,0,0,35,780,"−87,79",0,35,74,"506,76","−91,95",0,74,0,0,0,0,0,0,0,0,0,0,0,0
512,1,45,108,249,101,229,6,7,31,55,813,"2004,8","−88,32",205,60,1430,"2121,19","−87,56",286,166,86,0,4,0,1,2,974,7,0,0,0,3
513,0,9,11,1,13,1,2,2,6,2,609,"1706,4","−89,75",168,5,751,"1440,88","−90,53",172,23,0,0,0,0,0,0,73,1,1,0,0,2
514,0,11,0,0,0,0,0,0,0,0,1318,"1716,01","−89,57",291,35,691,"1363,68","−90,6",165,232,0,0,0,0,0,0,15,1,1,0,0,1
515,0,2,0,0,0,0,0,0,0,0,490,"2319,18","−87,73",146,29,219,"2421,92","−82,85",70,102,0,0,0,0,0,0,0,0,0,0,0,0
516,0,1,0,0,0,0,0,0,0,0,177,"2003,39","−86,38",63,73,298,"2928,52","−83,01",5,286,0,0,0,0,0,0,0,0,0,0,0,0
517,0,6,0,0,0,0,0,0,0,0,272,"1640,07","−89,64",82,64,265,"4025,66","−87,51",51,124,244,1,1,0,0,1,0,0,0,0,0,0
518,0,5,0,0,0,0,0,0,0,0,789,"1730,42","−89,93",185,5,481,"1532,43","−89,15",118,38,0,0,0,0,0,0,0,0,0,0,0,0
519,0,16,0,10,2,13,1,3,2,5,905,"2370,83","−91,39",227,43,342,"1989,47","−89,22",77,130,0,0,0,0,0,0,43,1,0,0,0,1
520,0,14,0,0,0,0,0,0,0,0,1133,"2547,48","−88,41",182,40,386,"3857,25","−87,52",59,124,0,0,0,0,0,0,0,0,0,0,0,0
521,1,64,23,48,24,42,3,2,19,34,407,"2340,29","−88,75",146,0,397,"3617,38","−86,35",132,0,614,5,2,1,0,2,1546,8,11,1,0,2
522,0,9,0,8,0,7,0,1,0,8,1711,"2073,87","−89,07",227,64,257,"1936,58","−87,03",69,153,7,0,2,0,0,2,6322,5,5,0,1,3
523,0,11,3,0,2,0,1,0,1,0,528,"2402,84","−87,27",181,41,356,"2194,38","−88,51",97,79,0,0,0,0,0,0,0,0,0,0,0,0
524,1,51,7,18,7,25,2,2,3,8,1097,"2302,1","−87,21",261,35,1053,"2891,17","−89,15",170,124,5,1,0,0,0,1,88,0,2,0,1,2
525,1,28,0,0,0,0,0,0,0,0,891,"1339,06","−89,86",274,36,664,"2946,69","−91,27",125,66,0,0,0,0,0,0,0,0,0,0,0,0
526,0,4,0,0,3,0,1,0,1,0,125,"2011,2","−83,47",63,10,99,"3445,45","−86,93",43,24,0,0,0,0,1,1,0,0,0,0,0,0
527,0,9,15,34,16,29,2,3,12,20,509,"2272,1","−88,64",126,50,263,"1949,43","−87,16",15,244,109,3,0,1,0,1,271,6,3,0,0,2
528,1,21,2,2,1,3,2,2,2,4,1227,"2140,59","−88,47",251,55,785,"2280,76","−90,07",114,124,17,0,1,0,0,1,0,0,0,0,0,0
529,1,13,0,0,0,0,0,0,0,0,403,"1978,66","−88,95",124,82,348,"2823,28","−90,9",89,87,0,0,0,0,0,0,0,0,0,0,0,0
530,0,9,0,0,0,0,0,0,0,0,1202,1650,"−90,69",307,76,255,"4843,53","−88,81",14,131,0,0,0,0,0,0,0,0,0,0,0,0
531,0,7,24,35,25,31,2,3,16,24,484,"1758,47","−88,66",203,86,886,"1318,51","−90,14",192,236,200,3,4,0,0,2,75,3,4,0,1,2
532,0,39,2,4,1,3,1,2,1,5,445,"1392,81","−89,5",154,64,1693,"2045,6","−88,93",260,135,86,0,1,0,0,1,0,0,0,0,0,0
533,0,11,6,2,7,3,1,1,3,1,345,"1753,04","−89,63",115,108,334,"1252,1","−90,22",87,173,0,0,0,0,1,1,0,0,0,0,0,0
534,0,21,0,2,0,1,0,1,0,2,693,"1429,87","−89,05",212,16,552,"1242,93","−87,26",175,75,0,0,0,0,0,0,220,4,3,0,0,1
535,0,9,19,19,13,15,3,2,10,13,678,"3084,96","−85,49",211,67,803,"2780,32","−88,44",178,141,20,1,0,0,0,1,0,0,0,0,0,0
536,0,6,6,3,2,6,1,1,2,4,891,"1846,46","−89,76",222,40,263,"2503,8","−88,82",113,63,0,0,0,0,0,0,0,0,0,0,0,0
537,0,18,3,7,3,7,2,2,2,5,630,"1533,33","−88,03",232,76,489,"1615,95","−89,96",115,194,89,4,3,0,0,2,11,1,0,0,0,1
538,0,16,3,2,6,0,1,1,2,2,848,"1756,13","−89,1",229,15,413,"2878,69","−85,37",107,53,0,0,0,0,0,0,58,0,1,0,0,1
539,0,15,3,0,0,0,1,0,1,0,775,"1944,39","−87,75",238,44,551,"1558,26","−91,74",154,68,0,0,0,1,0,1,0,0,0,0,0,0
540,0,19,9,4,8,3,1,1,5,3,312,"2339,42","−85,99",112,0,919,"1653,75","−89,44",217,0,0,0,0,0,0,0,322,1,1,2,0,2
541,0,21,10,11,17,15,2,3,5,8,742,"2078,17","−89,35",180,3,441,"3726,53","−89,62",113,7,53,1,0,0,0,1,147,2,1,0,0,2
543,0,35,9,10,8,8,2,3,2,8,1096,"2269,43","−89,27",244,52,776,"1570,36","−91,51",179,236,107,2,2,2,0,2,0,0,0,0,0,0
544,0,3,0,0,0,0,0,0,0,0,576,"1518,23","−90,06",187,36,390,"3228,46","−89,36",97,78,0,0,0,0,0,0,0,0,0,0,0,0
545,1,21,0,1,3,0,1,1,3,1,1332,"2866,44","−87,7",137,40,292,"3194,18","−85,62",95,97,34,1,0,0,0,1,0,0,0,0,0,0
546,1,19,15,61,7,63,1,2,10,26,709,"1705,22","−87,29",205,33,397,"3569,02","−85,38",119,63,1803,2,3,0,0,1,275,2,2,0,0,1
547,0,9,4,0,3,0,1,0,1,0,1492,"1634,52","−90,34",261,69,699,"1241,2","−89,65",197,161,80,0,2,0,0,2,0,0,0,0,0,0
548,0,2,18,31,18,29,2,2,14,19,322,"1210,25","−89,43",182,0,88,"1142,05","−89,2",60,0,0,0,0,0,0,0,9,0,2,1,0,2
549,0,8,2,18,5,9,2,3,5,9,593,"1956,83","−90,61",158,41,772,"2710,88","−92,49",132,73,249,2,5,0,0,2,80,0,2,0,0,1
550,1,30,0,0,1,0,1,0,1,0,528,"1868,75","−90,23",159,12,421,"1752,97","−88,68",157,35,0,0,0,0,0,0,72,0,1,0,0,1
551,0,12,27,30,14,29,3,4,12,18,501,"2235,33","−87,89",112,55,536,"2091,6","−87,43",140,140,91,2,1,0,0,3,289,7,3,0,0,3
552,0,15,0,5,0,5,0,1,0,5,498,"2219,88","−89,31",149,0,156,1700,"−87,55",72,0,0,0,0,0,0,0,54,0,2,0,0,1
553,0,8,4,0,5,0,1,0,2,0,1440,"3303,54","−88,02",177,21,357,"8159,66","−85,93",96,73,0,0,0,0,0,0,0,0,0,0,2,1
554,0,3,8,3,6,0,1,1,8,3,572,"1682,52","−89,22",191,10,124,"1920,97","−89,13",42,12,267,2,2,0,2,1,0,0,0,0,0,0
555,1,2,0,0,0,0,0,0,0,0,1485,"2247,47","−87,43",343,27,406,"1565,76","−88,11",176,51,0,0,0,0,0,0,0,0,0,0,0,0
556,1,13,15,26,25,40,2,2,9,19,1433,"1864,9","−88,83",392,30,482,"2719,92","−90,71",89,195,473,0,1,0,0,1,3792,2,8,0,0,2
557,1,8,46,55,54,52,4,3,23,19,465,"3036,77","−86,61",153,44,143,"10116,08","−80,19",27,36,873,9,10,4,2,2,37,1,0,1,0,1
558,1,8,9,10,8,12,1,3,5,8,494,"1286,84","−91,34",164,49,861,"2186,41","−91,82",74,76,0,0,0,0,0,0,0,0,0,0,0,0
559,0,11,0,1,0,0,0,1,0,1,872,"2364,91","−87,45",308,18,1008,"3150,6","−89,73",224,64,125,2,0,0,0,1,112,1,1,0,0,2
560,0,15,31,76,37,73,4,4,26,30,1649,"1735,42","−89,43",315,31,1187,"2507,92","−87,47",257,50,876,10,13,1,3,5,1122,14,14,1,1,4
561,0,8,3,10,4,9,2,2,2,8,719,"1368,15","−89,95",145,20,442,"1474,21","−89,13",115,48,1080,7,6,1,1,3,2195,13,4,6,1,3
562,1,16,0,1,0,0,0,1,0,1,180,1520,"−89,24",97,4,9,"2466,67","−86,33",5,4,0,0,0,0,0,0,0,0,0,0,0,0
563,0,16,0,0,0,0,0,0,0,0,1053,"1595,44","−89,5",199,13,484,"989,88","−89,8",174,22,0,0,0,0,0,0,0,0,0,0,0,0
564,0,16,0,8,1,10,1,1,1,5,−1,−1,−1,−1,−1,−1,−1,−1,−1,−1,0,0,0,0,0,0,16,1,1,1,0,1
565,0,1,0,0,0,0,0,0,0,0,244,"2636,07","−89,96",67,79,174,"2046,55","−92,26",10,164,0,0,0,0,0,0,0,0,0,0,0,0
567,0,20,4,18,6,8,3,2,7,9,920,"2200,43","−87,26",201,41,351,"2349,57","−84,33",112,98,247,4,1,0,1,2,258,6,3,2,1,3
568,0,12,2,8,2,7,1,1,2,5,636,"3751,42","−87,34",180,23,687,"3204,8","−90,76",137,46,0,0,0,0,0,0,0,0,0,0,0,0
569,1,18,70,41,38,22,1,2,37,29,1560,"1830,96","−89,59",338,51,953,"3165,27","−88,98",143,59,405,10,2,0,0,1,276,13,4,1,0,1
570,0,6,8,31,8,21,1,1,4,11,344,"1792,15","−88,77",76,19,204,"945,59","−90,7",74,58,0,0,0,0,0,0,0,0,0,0,0,0
571,1,11,4,3,1,1,1,1,4,4,948,"1639,87","−90,01",212,33,148,"835,14","−90,78",27,117,0,0,0,0,0,0,210,2,0,0,0,1
572,0,25,7,16,6,19,3,3,7,7,684,"1794,74","−89,04",110,0,362,"3237,85","−89,32",75,7,987,8,9,0,0,4,570,3,2,0,0,4
573,0,5,0,0,0,0,0,0,0,0,184,"2308,7","−82,77",28,128,349,"1569,63","−82,31",7,326,0,0,0,0,0,0,0,0,0,0,0,0
574,0,22,2,14,1,15,1,3,1,6,51,"1541,18","−87,53",27,4,15,2760,"−91,7",3,12,561,0,3,0,0,1,0,0,0,0,0,0
575,0,16,3,5,3,7,1,3,2,4,598,"2435,12","−88,9",179,37,605,"3377,85","−88,38",189,62,186,2,0,12,0,2,0,0,0,0,0,0
576,0,19,0,0,0,0,0,0,0,0,900,"2325,33","−87,32",205,105,286,"1395,1","−88,17",88,145,0,0,0,0,0,0,0,0,0,0,0,0
578,0,59,366,637,431,727,4,7,111,199,774,"1824,81","−88,73",229,54,930,"2048,39","−89,62",168,155,4177,31,55,1,0,4,4369,23,32,0,0,3
579,0,3,0,0,0,0,0,0,0,0,100,3690,"−85,93",17,67,589,"2219,69","−88,48",59,198,0,0,0,0,0,0,0,0,0,0,0,0
580,0,17,6,27,6,19,3,3,8,14,1246,"2139,73","−90,06",273,68,763,"1978,9","−88,04",217,148,130,0,1,0,0,1,190,4,1,0,1,2
581,0,18,0,0,0,0,0,0,0,0,−1,−1,−1,−1,−1,−1,−1,−1,−1,−1,0,0,0,0,0,0,0,0,0,0,0,0
582,0,16,3,1,2,1,2,1,3,2,627,"2867,94","−88,87",160,32,442,"2889,37","−92,18",65,116,137,2,5,0,0,2,0,0,0,0,0,0
583,0,28,0,7,3,12,1,2,2,8,522,"2298,85","−88,99",156,20,599,"1104,34","−89,7",204,27,7,0,3,0,1,2,966,2,2,0,2,1
584,0,6,37,16,32,25,3,3,7,8,663,"2509,5","−87,99",216,36,459,"1962,09","−83,35",63,365,113,5,3,0,0,3,66,3,2,0,0,2
585,0,5,1,7,2,11,1,2,2,7,1226,"1841,11","−88,7",289,61,823,"2064,64","−88,59",228,186,85,1,3,0,1,1,0,0,0,0,0,0
586,0,9,14,27,17,32,3,3,14,13,367,"1741,96","−89,47",110,9,455,"1315,38","−90,71",149,36,99,2,3,0,1,2,435,3,3,0,1,2
587,0,9,0,0,0,0,0,0,0,0,713,1954,"−87,63",192,0,430,"2058,84","−88,52",143,0,0,0,0,0,0,0,0,0,0,0,0,0
588,1,19,6,15,7,13,3,3,7,13,583,"1575,13","−88,47",164,11,407,"1752,83","−87,02",161,41,0,0,0,0,0,0,41,1,0,0,0,1
589,1,23,3,17,3,22,2,5,4,13,476,"1782,98","−86,53",146,26,483,"2457,14","−84,91",130,79,6,0,1,0,0,1,68,1,1,0,0,2
590,0,44,0,0,0,1,0,1,0,1,113,"825,66","−86,33",56,14,177,"1084,75","−86,61",54,34,0,0,0,0,0,0,0,0,0,0,0,0
591,0,0,0,0,0,0,0,0,0,0,524,"2176,72",−88,176,29,204,"1589,71","−89,07",57,110,0,0,0,0,0,0,0,0,0,0,0,0
592,0,3,1,3,0,2,1,1,1,2,127,"3340,16",−84,41,47,151,"3208,61","−83,26",34,65,31,1,0,0,0,1,68,0,1,0,0,1
593,0,11,0,1,0,2,0,1,0,1,500,"1381,8","−89,36",199,74,565,"1791,5","−89,16",193,106,0,0,0,0,0,0,41,0,1,0,0,1
594,0,4,0,0,0,0,0,0,0,0,65,"3069,23","−89,77",0,65,123,"6653,66","−90,16",1,122,0,0,0,0,0,0,0,0,0,0,0,0
595,0,6,2,2,0,8,1,2,1,4,1195,"1197,99","−88,88",342,122,758,"1806,73","−86,49",190,381,1087,7,6,0,0,2,1966,4,6,0,0,1
596,0,10,10,4,9,4,2,2,7,3,309,"3969,9","−86,86",138,27,99,"11957,58","−80,61",45,41,0,0,0,0,0,0,0,0,0,0,0,0
597,0,9,0,0,0,0,0,0,0,0,380,"1667,37","−89,75",143,17,360,"1380,83","−88,47",123,64,0,0,0,0,0,0,0,0,0,0,0,0
598,0,41,20,13,15,9,7,6,19,16,780,"2421,15","−89,36",120,33,1400,"2061,43","−88,18",203,48,7,1,1,1,0,3,282,4,3,0,0,3
599,0,30,3,0,5,0,2,0,7,0,649,"1761,17","−89,92",223,2,772,"3097,54","−90,62",174,6,17,1,0,0,0,1,0,0,0,0,0,0
600,1,17,2,1,2,2,1,1,2,3,758,"2332,32","−89,56",157,87,640,"3213,75","−89,7",81,214,193,4,0,0,0,2,0,0,0,0,0,0
601,0,11,34,22,33,15,1,1,17,15,105,"2997,14","−88,15",15,81,253,"3470,75","−91,23",39,206,1,1,0,0,0,1,280,3,0,0,0,2
602,0,10,0,0,0,0,0,0,0,0,93,"3135,48","−87,22",14,15,246,"5921,95","−90,92",46,25,0,0,0,0,0,0,0,0,0,0,0,0
603,0,3,0,0,0,0,0,0,0,0,44,"6790,91","−90,47",0,44,151,"5831,13","−89,43",0,151,0,0,0,0,0,0,0,0,0,0,0,0
607,0,6,16,5,13,7,1,1,6,2,510,"1717,06","−89,61",166,60,302,"1984,77","−88,79",75,121,31,3,1,0,0,1,0,0,0,0,0,0
608,0,8,0,3,0,3,0,1,0,1,117,"4143,59","−87,51",55,11,623,"1904,98","−89,95",175,17,0,0,0,0,0,0,0,0,0,0,0,0
610,0,9,0,0,0,0,0,0,0,0,1107,"1798,64","−88,12",264,88,964,"1787,55","−89,82",228,202,0,0,0,0,0,0,0,0,0,0,0,0
611,1,35,26,30,21,23,3,4,13,18,442,"2004,3","−88,94",137,16,652,"1817,02","−88,04",155,64,143,4,3,0,2,3,4,0,1,0,0,1
612,0,15,1,6,1,6,1,1,1,3,621,"1910,63","−88,65",187,56,324,"1553,7","−88,32",115,112,72,2,0,1,0,1,10,0,2,0,0,1
613,0,0,1,1,0,1,1,1,1,2,1163,"1859,07","−88,68",227,54,221,"1964,25","−86,34",50,159,0,0,0,0,0,0,0,0,0,0,0,0
614,1,20,9,14,11,19,1,1,7,12,443,"2876,75","−83,73",161,41,348,"2231,03","−87,05",123,111,20,0,1,0,0,1,0,0,0,0,0,0
615,1,16,26,12,21,17,2,2,16,19,933,"2100,96","−88,57",190,27,592,"3042,57","−86,97",125,115,372,7,7,0,0,1,471,2,5,0,0,2
616,0,12,3,0,4,0,1,0,3,0,709,"1632,02","−88,31",168,9,238,"2229,83","−87,2",85,25,0,0,0,0,0,0,20,1,0,0,0,1
617,1,18,479,1106,455,1131,3,3,79,134,941,"2482,57","−88,41",213,81,597,"3279,4","−89,28",110,175,228,1,2,0,0,1,2948,3,2,0,0,2
619,0,27,0,2,0,2,0,1,0,2,629,2007,"−89,43",184,41,626,"2392,33","−90,97",165,89,0,0,0,0,0,0,0,0,0,0,0,0
620,0,3,0,0,0,0,0,0,0,0,268,"2159,33","−89,4",54,60,345,"2844,35","−91,06",29,66,0,0,0,0,0,0,0,0,0,0,0,0
621,0,19,0,0,0,0,0,0,0,0,670,"1894,03",−89,92,0,77,"2224,68","−86,95",34,0,0,0,0,0,0,0,0,0,0,0,0,0
622,1,20,15,52,9,56,1,1,13,42,8,675,"−92,31",2,6,30,660,"−71,69",1,14,989,4,8,1,0,1,4327,12,19,3,0,1
623,0,12,9,16,22,50,1,1,8,18,393,"2627,48","−86,71",98,91,168,"2985,71","−78,87",5,159,6796,22,11,1,2,1,3082,7,2,0,1,1
624,0,19,0,2,0,3,0,1,0,1,658,"1098,78","−89,6",254,76,224,"1455,8","−88,77",63,141,0,0,0,0,0,0,127,0,2,0,0,1
625,1,10,0,3,0,5,0,2,0,3,38,"797,37","−88,99",32,0,21,1400,"−86,78",16,1,115,1,2,0,0,1,0,0,0,0,0,0
626,0,4,0,0,0,0,0,0,0,0,82,"786,59","−80,69",2,80,167,"882,04","−81,82",3,164,0,0,0,0,0,0,0,0,0,0,0,0
627,0,16,0,0,0,0,0,0,0,0,970,"1839,59","−88,88",165,57,492,"2922,56","−88,84",125,123,0,0,0,0,0,0,50,1,0,0,0,1
628,0,20,3,11,4,16,1,2,4,9,224,"1783,93","−88,22",114,13,180,2330,"−89,87",52,52,342,8,5,5,0,2,39,1,0,0,0,1
629,0,1,0,0,0,0,0,0,0,0,37,"6851,35","−75,62",1,36,119,"4197,48","−82,07",5,109,0,0,0,0,0,0,0,0,0,0,0,0
630,0,5,0,0,0,0,0,0,0,0,850,"1814,82","−89,32",214,109,540,"1644,44","−89,51",108,296,0,0,0,0,0,0,0,0,0,0,0,0
631,0,7,3,5,3,5,1,1,1,4,285,"1422,11","−90,01",126,0,159,"2037,74","−89,05",36,0,729,1,8,0,0,2,1323,3,7,0,4,2
632,0,19,46,193,49,192,1,3,34,113,1103,"2720,13","−87,08",308,48,547,"2395,61","−89,89",56,289,74,0,3,0,0,1,140,3,1,0,0,3
633,1,8,0,0,0,0,0,0,0,0,815,"1512,15","−91,72",224,68,387,"1985,27","−91,61",99,133,0,0,0,0,0,0,0,0,0,0,0,0
634,1,0,3,23,1,27,1,1,2,22,728,"2405,36","−86,75",194,11,676,"2333,88","−90,2",151,47,256,6,2,0,7,2,1088,12,4,0,1,1
635,0,7,1,0,2,0,1,0,3,0,190,"1871,05","−87,56",25,101,1000,"1741,8","−92,46",45,146,0,0,0,0,0,0,0,0,0,0,0,0
636,0,0,2,2,1,3,1,1,2,3,725,"1473,1","−88,85",227,4,464,"1332,54","−89,53",154,6,189,2,0,0,0,1,402,3,1,1,0,2
637,0,8,5,18,5,11,3,3,4,11,883,"1757,19","−89,63",206,1,87,"2489,66","−86,52",44,0,136,2,1,0,0,2,77,0,2,0,0,1
638,0,0,6,0,8,3,1,1,8,3,5,420,"−73,5",5,0,0,0,0,0,0,267,2,2,2,0,1,0,0,0,0,0,0
639,0,10,33,28,39,30,1,2,25,23,183,"2160,66","−87,89",79,0,142,"1988,03","−86,2",77,0,823,3,5,3,0,1,377,2,3,4,0,1
640,0,16,47,100,38,84,3,3,20,47,1036,"2264,48","−87,8",199,57,565,"3395,58","−85,26",176,159,1083,13,6,0,0,3,2283,5,2,0,0,2
641,0,41,0,4,0,6,0,2,0,2,147,"1940,82","−88,52",63,0,6,300,"−84,83",5,1,16,0,1,0,0,1,94,2,1,0,0,1
642,0,9,0,0,0,0,0,0,0,0,371,"1912,4","−87,17",130,15,239,"1791,21","−87,83",69,106,0,0,0,0,0,0,0,0,0,0,0,0
643,0,5,2,0,1,0,1,0,2,0,1005,"2498,81","−86,43",188,19,272,"2867,65","−87,02",85,69,177,2,0,0,1,2,0,0,0,0,0,0
644,0,34,10,7,12,6,3,4,6,6,726,"2172,73","−88,98",167,0,324,"4149,07","−86,14",114,1,52,1,1,0,0,1,20,0,1,0,0,1
645,1,27,16,23,14,19,3,4,11,13,619,"1746,69","−89,12",141,68,409,"1304,89","−90,12",96,206,137,2,1,0,0,2,159,0,3,3,0,1
646,0,33,0,0,0,0,0,0,0,0,670,"2051,19","−90,3",148,0,68,"2669,12","−87,78",39,0,0,0,0,0,0,0,0,0,0,0,0,0
647,0,7,0,0,0,0,0,0,0,0,603,"1325,37","−91,55",158,0,98,"1248,98","−90,45",47,0,0,0,0,0,0,0,0,0,0,0,0,0
648,0,13,0,2,0,2,0,1,0,3,583,"2285,25","−88,21",105,0,468,"2291,67","−90,1",95,0,1007,1,2,0,0,1,12,0,1,0,0,1
649,0,4,2,0,3,1,1,1,1,1,307,"2550,49","−88,42",89,0,49,"3220,41","−86,96",30,0,0,0,0,0,0,0,0,0,0,0,0,0
650,0,6,1,0,1,0,1,0,2,0,606,"2399,5","−88,18",178,0,232,"1934,48","−90,15",85,1,11,1,0,0,0,1,308,2,0,0,0,1
651,1,13,25,50,12,17,2,2,11,19,403,"1802,98","−89,64",120,42,888,"2972,64","−91,39",70,77,6796,11,22,2,1,1,3147,3,7,1,0,2
652,1,48,18,24,30,19,2,2,21,19,134,"2211,94","−87,67",68,0,116,"2694,83","−91,51",32,0,300,4,4,3,0,1,227,2,6,4,0,1
653,0,17,13,21,11,31,2,3,7,10,14,"1007,14","−90,75",0,14,51,"2711,76","−92,91",0,51,0,0,0,0,0,0,54,0,1,0,0,1
654,0,4,0,6,1,7,1,1,1,4,98,"2366,33","−88,92",44,0,114,"2484,21","−92,56",33,0,0,0,0,0,0,0,41,0,1,0,0,1
655,0,5,0,0,0,0,0,0,0,0,451,"1758,09","−91,84",85,78,315,"4207,62","−88,48",53,35,0,0,0,0,0,0,0,0,0,0,0,0
656,0,4,3,7,3,9,1,1,2,2,335,"2109,85","−87,47",128,96,462,"1868,18","−87,71",35,310,141,2,1,0,0,2,0,0,0,0,0,0
657,0,39,8,5,4,8,3,3,5,3,510,"1384,71","−88,86",223,80,1685,"1836,5","−88,46",281,164,150,1,2,1,0,2,231,3,0,0,0,2
658,0,11,6,1,4,1,2,1,3,2,360,"2203,33","−86,83",116,84,303,"4046,53","−85,55",60,202,0,0,0,0,0,0,0,0,0,1,0,1
659,0,23,0,0,0,2,0,1,0,2,2069,"1979,22","−89,47",301,62,845,"1720,12","−86,31",165,299,0,0,0,0,0,0,0,0,0,0,0,0
660,0,5,0,0,0,0,0,0,0,0,176,"2307,95","−87,06",47,51,310,"1564,84","−89,59",110,124,0,0,0,0,0,0,0,0,0,0,0,0
661,0,15,7,16,7,12,1,2,1,7,1098,"2263,66","−90,64",143,70,396,"2215,91","−89,38",53,183,282,4,0,0,0,2,25,0,1,0,0,1
662,0,0,0,0,0,0,0,0,0,0,660,"2696,82","−87,74",195,67,692,"2151,16","−90,12",65,402,0,0,0,0,0,0,0,0,0,0,0,0
663,0,16,0,3,0,2,0,1,0,3,1443,"2118,3","−88,38",297,39,445,"2108,76","−87,01",125,69,0,0,0,0,0,0,43,0,1,0,0,1
664,0,21,1,3,1,2,1,1,2,1,655,"1078,63","−89,06",223,62,880,"1073,18","−89,92",223,86,171,1,2,0,0,1,0,0,0,0,0,0
665,0,0,4,15,5,12,3,3,5,9,1846,"1966,9","−88,85",262,60,1037,"2043,59","−89,34",233,186,837,2,5,0,0,2,102,0,1,0,0,1
666,1,16,14,15,10,13,1,2,4,11,886,"1484,42","−88,41",294,83,1449,"1904,76","−87,11",261,278,342,8,8,2,0,1,1458,3,14,4,2,2
667,0,5,1,0,1,0,1,0,2,0,775,"1865,42","−88,73",167,30,385,"1661,3","−87,72",106,105,0,0,0,0,0,0,0,0,0,0,0,0
668,0,8,1,0,1,0,1,0,1,0,1130,"1716,64","−89,44",240,64,410,"3016,83","−86,45",139,154,40,0,1,0,1,1,116,1,2,2,0,2
669,0,2,0,0,1,0,1,0,1,0,148,"1939,86","−91,01",48,55,382,"1603,66","−88,16",104,213,83,1,0,0,0,1,0,0,0,0,0,0
670,0,37,6,11,7,6,1,1,2,2,11,"3272,73","−88,09",0,11,68,"948,53","−89,93",0,68,173,3,3,1,0,2,154,2,1,0,0,1
671,0,7,3,10,3,10,1,1,2,5,266,"1805,64","−89,32",89,7,407,"3070,76","−88,5",137,5,0,0,0,0,0,0,0,0,0,0,0,0
672,0,25,1,7,3,13,2,4,2,12,346,"1839,88","−88,03",159,0,494,"2009,51","−88,64",114,0,384,2,3,1,0,4,163,0,2,0,0,2
673,0,11,4,6,3,3,2,2,3,4,896,"1916,18","−89,07",242,68,562,"3459,61","−90,42",54,145,0,0,0,0,0,0,17,1,0,0,1,2
674,0,10,0,0,0,0,0,0,0,0,0,0,0,0,0,1,15000,"−74,48",0,1,0,0,0,0,0,0,0,0,0,1,0,1
676,0,9,5,6,5,14,3,1,5,7,1219,"2352,75","−87,19",260,52,726,"2847,52","−86,03",196,130,223,1,3,0,0,1,126,3,3,0,0,2
677,1,39,29,28,18,36,2,2,20,22,742,"1332,21","−87,98",279,37,1614,"1409,85","−88,9",351,45,354,7,5,1,3,5,725,8,8,1,4,4
678,0,25,3,4,2,4,1,1,3,8,402,"2732,09","−86,69",155,21,248,"1421,37","−88,61",85,46,711,20,4,0,1,1,761,8,1,0,0,2
679,0,15,0,0,0,0,0,0,0,0,2,750,"−95,83",0,2,0,0,0,0,0,0,0,0,0,0,0,0,0,0,0,0,0
680,0,5,1,0,1,0,1,0,1,0,378,"1232,54","−90,26",195,24,69,"808,7","−91,88",5,64,0,0,0,0,0,0,0,0,0,0,0,0
681,0,0,1,34,3,28,1,4,2,29,36,4975,"−84,55",24,2,102,"2382,35","−89,1",51,6,487,4,7,8,0,4,1296,4,15,5,0,2
682,1,14,8,26,8,29,3,3,5,11,1661,"1942,87","−88,35",360,43,1436,"2159,96","−87,68",308,155,587,14,11,0,3,5,335,5,6,0,0,2
683,0,13,47,60,48,54,2,3,30,31,621,"1635,27","−89,1",170,50,270,3800,"−86,55",42,119,744,4,6,1,0,3,140,3,0,0,0,1
684,1,4,0,0,0,0,0,0,0,0,671,"1311,77","−88,15",265,72,285,"1338,95","−85,15",90,162,0,0,0,0,0,0,0,0,0,0,0,0
685,0,12,1,1,3,1,1,1,4,2,642,"1651,4","−88,39",241,61,184,"965,22","−88,54",46,130,2,0,1,0,0,1,0,0,0,0,0,0
686,0,7,0,0,0,0,0,0,0,0,710,"2181,97","−89,64",201,32,825,"1181,09","−88,17",183,30,0,0,0,0,0,0,0,0,0,0,0,0
687,0,13,8,6,10,5,2,3,9,6,341,"2324,34","−87,44",97,43,829,"2554,52","−89,07",209,69,120,4,0,0,0,2,328,1,1,0,1,2
689,0,22,2,0,1,0,2,0,2,0,729,"1524,28","−88,87",195,75,278,"1925,18","−88,09",16,212,0,0,0,0,0,0,3,0,1,0,0,1
690,0,3,0,0,0,0,0,0,0,0,30,6600,"−88,38",3,27,63,"7752,38","−87,78",0,63,0,0,0,0,0,0,0,0,0,0,0,0
691,0,10,0,0,0,0,0,0,0,0,830,"2111,2","−89,94",187,39,647,"1460,59","−90,29",166,146,0,0,0,0,0,0,218,1,0,0,0,1
692,0,32,0,4,0,4,0,1,0,3,206,"1807,28","−88,53",80,0,26,"1638,46","−92,18",13,1,261,6,2,2,1,1,83,1,2,1,0,2
693,0,8,0,0,0,0,0,0,0,0,−1,−1,−1,−1,−1,−1,−1,−1,−1,−1,0,0,0,0,0,0,0,0,0,0,0,0
694,0,10,7,1,12,4,2,2,10,3,233,"1915,88","−89,77",126,16,9,2800,"−78,17",1,7,4,0,1,0,0,1,120,2,3,0,0,1
695,0,33,4,5,2,2,2,3,2,3,0,0,0,0,0,7,"514,29","−92,43",4,0,17,1,0,0,0,1,94,1,0,0,0,1
696,0,12,5,0,6,0,1,0,4,0,1,300,−90,0,1,1,33900,"−90,45",0,1,0,0,0,0,0,0,636,1,0,1,0,1
697,0,4,21,34,18,29,1,1,12,12,6,13650,"−75,4",0,6,5,14340,"−74,64",0,5,239,3,2,1,0,1,61,0,2,0,0,1
698,0,0,2,10,3,16,1,1,3,19,342,"1253,51","−88,18",141,63,535,"2549,16","−87,01",99,127,0,0,0,0,0,0,544,2,4,0,1,1
699,0,5,2,2,4,2,1,2,2,3,429,"1185,31","−88,8",179,68,199,"1417,09","−90,69",32,154,109,0,3,0,1,1,63,1,4,0,2,3
700,1,13,9,2,7,2,1,1,4,1,487,"2154,21","−88,4",166,18,330,"3083,64","−90,84",65,28,2,0,1,0,1,1,0,0,0,0,0,0
701,1,16,0,4,1,1,1,2,1,3,1115,"2271,39","−88,65",225,58,336,"1268,75","−89,24",53,205,854,7,0,0,0,3,20,0,1,0,0,1
702,0,14,4,5,3,8,1,2,2,7,1137,"2095,78","−88,44",292,39,753,"2432,27","−89,42",188,165,342,3,7,1,2,2,81,2,1,0,1,2
703,0,0,32,10,32,12,2,3,18,8,628,"1228,66","−88,66",261,88,466,"937,34","−89,18",29,425,228,2,1,0,0,2,66,0,1,0,0,1
704,0,1,4,2,2,2,1,1,3,3,260,"1550,77","−88,64",124,40,136,"1952,21","−86,17",56,61,0,0,0,0,0,0,776,0,1,0,0,1
705,1,1,0,0,0,0,0,0,0,0,60,2060,"−85,43",3,57,99,"1960,61","−88,54",2,97,0,0,0,0,0,0,0,0,0,0,0,0
706,0,86,0,5,0,4,0,3,0,4,−1,−1,−1,−1,−1,−1,−1,−1,−1,−1,41,0,3,2,0,1,189,3,0,0,0,1
707,1,17,26,42,30,40,3,2,24,15,54,"1561,11","−83,83",21,18,110,1800,"−70,39",10,91,28,2,0,0,0,1,54,1,2,0,0,1
709,1,15,3,0,2,1,1,1,1,1,31,"2961,29","−93,23",9,3,74,"1033,78","−96,17",18,6,0,0,0,0,0,0,173,2,1,0,0,1
710,0,2,0,0,0,0,0,0,0,0,2,1050,"−77,58",1,0,0,0,0,0,0,0,0,0,0,0,0,0,0,0,0,0,0
711,0,22,1,9,1,10,1,3,2,8,0,0,0,0,0,1,300,−98,1,0,130,2,0,0,0,2,4,0,2,1,0,1
712,1,15,0,0,0,0,0,0,0,0,−1,−1,−1,−1,−1,−1,−1,−1,−1,−1,0,0,0,0,0,0,0,0,0,0,0,0
714,0,6,3,5,4,11,1,1,1,4,−1,−1,−1,−1,−1,−1,−1,−1,−1,−1,61,0,2,2,0,1,0,0,0,0,0,0
715,0,10,0,0,0,0,0,0,0,0,−1,−1,−1,−1,−1,−1,−1,−1,−1,−1,0,0,0,0,0,0,0,0,0,0,0,0
716,0,0,0,0,0,0,0,0,0,0,−1,−1,−1,−1,−1,−1,−1,−1,−1,−1,0,0,0,0,0,0,0,0,0,0,0,0
717,0,3,0,0,0,0,0,0,0,0,−1,−1,−1,−1,−1,−1,−1,−1,−1,−1,0,0,0,0,0,0,0,0,0,0,0,0
718,0,4,0,0,0,0,0,0,0,0,−1,−1,−1,−1,−1,−1,−1,−1,−1,−1,0,0,0,0,0,0,0,0,0,0,0,0
719,0,9,0,0,0,0,0,0,0,0,−1,−1,−1,−1,−1,−1,−1,−1,−1,−1,0,0,0,0,0,0,0,0,0,0,0,0
720,1,29,2,5,3,5,1,1,4,6,−1,−1,−1,−1,−1,−1,−1,−1,−1,−1,238,2,1,1,0,1,0,0,0,0,0,0
721,0,21,0,0,0,0,0,0,0,0,−1,−1,−1,−1,−1,−1,−1,−1,−1,−1,0,0,0,0,0,0,0,0,0,0,0,0
722,1,13,0,0,0,0,0,0,0,0,−1,−1,−1,−1,−1,−1,−1,−1,−1,−1,0,0,0,0,0,0,0,0,0,0,0,0
723,0,13,0,0,0,0,0,0,0,0,−1,−1,−1,−1,−1,−1,−1,−1,−1,−1,0,0,0,0,0,0,0,0,0,0,0,0
724,0,0,0,0,0,0,0,0,0,0,−1,−1,−1,−1,−1,−1,−1,−1,−1,−1,0,0,0,0,0,0,0,0,0,0,0,0
725,0,3,0,0,0,0,0,0,0,0,−1,−1,−1,−1,−1,−1,−1,−1,−1,−1,0,0,0,0,0,0,0,0,0,0,0,0
726,0,6,0,0,0,0,0,0,0,0,−1,−1,−1,−1,−1,−1,−1,−1,−1,−1,0,0,0,0,0,0,0,0,0,0,0,0
727,0,0,0,0,0,0,0,0,0,0,−1,−1,−1,−1,−1,−1,−1,−1,−1,−1,0,0,0,0,0,0,0,0,0,0,0,0
728,0,13,0,0,0,0,0,0,0,0,−1,−1,−1,−1,−1,−1,−1,−1,−1,−1,0,0,0,0,0,0,0,0,0,0,0,0
729,0,35,0,0,0,0,0,0,0,0,−1,−1,−1,−1,−1,−1,−1,−1,−1,−1,0,0,0,0,0,0,0,0,0,0,0,0
730,1,1,0,0,0,0,0,0,0,0,−1,−1,−1,−1,−1,−1,−1,−1,−1,−1,0,0,0,0,0,0,0,0,0,0,0,0
733,0,74,0,0,0,0,0,0,0,0,−1,−1,−1,−1,−1,−1,−1,−1,−1,−1,0,0,0,0,0,0,0,0,0,0,0,0
734,0,9,0,0,0,0,0,0,0,0,−1,−1,−1,−1,−1,−1,−1,−1,−1,−1,0,0,0,0,0,0,0,0,0,0,0,0
735,1,25,0,0,0,0,0,0,0,0,−1,−1,−1,−1,−1,−1,−1,−1,−1,−1,0,0,0,0,0,0,0,0,0,0,0,0
736,0,14,18,27,16,25,2,2,10,12,−1,−1,−1,−1,−1,−1,−1,−1,−1,−1,375,9,8,6,0,2,274,6,8,2,0,3
737,0,10,0,0,0,0,0,0,0,0,−1,−1,−1,−1,−1,−1,−1,−1,−1,−1,0,0,0,0,0,0,0,0,0,0,0,0
738,0,3,0,0,0,0,0,0,0,0,−1,−1,−1,−1,−1,−1,−1,−1,−1,−1,0,0,0,0,0,0,0,0,0,0,0,0
739,0,3,0,0,0,0,0,0,0,0,−1,−1,−1,−1,−1,−1,−1,−1,−1,−1,0,0,0,0,0,0,0,0,0,0,0,0
740,0,6,0,0,0,0,0,0,0,0,−1,−1,−1,−1,−1,−1,−1,−1,−1,−1,0,0,0,0,0,0,0,0,0,0,0,0
741,0,19,0,0,0,0,0,0,0,0,−1,−1,−1,−1,−1,−1,−1,−1,−1,−1,0,0,0,0,0,0,0,0,0,0,0,0
742,0,8,0,1,0,3,0,1,0,2,−1,−1,−1,−1,−1,−1,−1,−1,−1,−1,0,0,0,0,0,0,0,0,0,0,0,0
743,1,22,19,9,20,9,3,3,11,6,−1,−1,−1,−1,−1,−1,−1,−1,−1,−1,303,2,1,2,0,3,60,0,1,0,0,1
744,0,21,12,10,14,17,2,1,4,3,−1,−1,−1,−1,−1,−1,−1,−1,−1,−1,431,5,3,1,0,2,174,1,1,1,0,2
745,0,4,0,0,0,0,0,0,0,0,−1,−1,−1,−1,−1,−1,−1,−1,−1,−1,0,0,0,0,0,0,0,0,0,0,0,0
750,0,2,0,0,0,0,0,0,0,0,−1,−1,−1,−1,−1,−1,−1,−1,−1,−1,0,0,0,0,0,0,0,0,0,0,0,0
751,0,3,0,0,0,0,0,0,0,0,−1,−1,−1,−1,−1,−1,−1,−1,−1,−1,0,0,0,0,0,0,0,0,0,0,0,0
752,1,26,8,17,10,23,2,2,6,10,−1,−1,−1,−1,−1,−1,−1,−1,−1,−1,75,0,4,0,0,1,21,0,2,0,0,1
753,0,2,0,0,0,0,0,0,0,0,−1,−1,−1,−1,−1,−1,−1,−1,−1,−1,0,0,0,0,0,0,0,0,0,0,0,0
754,0,5,0,0,0,0,0,0,0,0,−1,−1,−1,−1,−1,−1,−1,−1,−1,−1,48,0,1,0,0,1,68,0,1,0,0,1
756,0,5,0,0,0,0,0,0,0,0,−1,−1,−1,−1,−1,−1,−1,−1,−1,−1,0,0,0,0,0,0,0,0,0,0,0,0
757,0,3,0,0,0,0,0,0,0,0,−1,−1,−1,−1,−1,−1,−1,−1,−1,−1,0,0,0,0,0,0,0,0,0,0,0,0
758,0,10,0,0,0,0,0,0,0,0,−1,−1,−1,−1,−1,−1,−1,−1,−1,−1,0,0,0,0,0,0,0,0,0,0,0,0
759,0,6,2,8,2,11,2,1,4,7,−1,−1,−1,−1,−1,−1,−1,−1,−1,−1,0,0,0,0,0,0,0,0,0,0,0,0
760,0,5,1,0,0,0,1,0,1,0,−1,−1,−1,−1,−1,−1,−1,−1,−1,−1,0,0,0,0,0,0,0,0,0,0,0,0
761,0,33,0,0,0,0,0,0,0,0,−1,−1,−1,−1,−1,−1,−1,−1,−1,−1,0,0,0,0,0,0,0,0,0,0,0,0
762,0,14,0,0,0,0,0,0,0,0,−1,−1,−1,−1,−1,−1,−1,−1,−1,−1,0,0,0,0,0,0,0,0,0,0,0,0
763,0,12,0,0,0,0,0,0,0,0,−1,−1,−1,−1,−1,−1,−1,−1,−1,−1,0,0,0,0,0,0,0,0,0,0,0,0
764,0,4,0,0,1,0,1,0,1,0,−1,−1,−1,−1,−1,−1,−1,−1,−1,−1,0,0,0,0,0,0,0,0,0,0,0,0
765,1,1,0,0,0,0,0,0,0,0,−1,−1,−1,−1,−1,−1,−1,−1,−1,−1,0,0,0,0,0,0,0,0,0,0,0,0
766,1,6,2,1,1,2,1,1,1,1,−1,−1,−1,−1,−1,−1,−1,−1,−1,−1,8,0,1,0,0,1,121,0,2,0,0,1
767,0,2,0,0,0,0,0,0,0,0,−1,−1,−1,−1,−1,−1,−1,−1,−1,−1,0,0,0,0,0,0,0,0,0,0,0,0
768,1,13,0,0,0,0,0,0,0,0,−1,−1,−1,−1,−1,−1,−1,−1,−1,−1,0,0,0,0,0,0,0,0,0,0,0,0
769,1,1,0,0,0,0,0,0,0,0,−1,−1,−1,−1,−1,−1,−1,−1,−1,−1,0,0,0,0,0,0,0,0,0,0,0,0
770,1,19,0,0,0,0,0,0,0,0,−1,−1,−1,−1,−1,−1,−1,−1,−1,−1,0,0,0,0,0,0,0,0,0,0,0,0
771,0,19,3,0,4,0,1,0,1,0,−1,−1,−1,−1,−1,−1,−1,−1,−1,−1,27,1,0,0,0,1,0,0,0,0,0,0
772,1,13,19,33,18,25,3,2,7,17,−1,−1,−1,−1,−1,−1,−1,−1,−1,−1,99,0,3,0,0,1,38,1,0,0,0,1
774,0,7,13,11,13,7,1,1,10,8,−1,−1,−1,−1,−1,−1,−1,−1,−1,−1,82,2,2,1,0,1,152,3,0,1,0,1
775,0,16,0,0,0,0,0,0,0,0,−1,−1,−1,−1,−1,−1,−1,−1,−1,−1,0,0,0,0,0,0,0,0,0,0,0,0
776,1,5,0,0,0,0,0,0,0,0,−1,−1,−1,−1,−1,−1,−1,−1,−1,−1,0,0,0,0,0,0,0,0,0,0,0,0
777,1,11,0,0,0,0,0,0,0,0,−1,−1,−1,−1,−1,−1,−1,−1,−1,−1,0,0,0,0,0,0,0,0,0,0,0,0
780,1,16,10,12,12,14,2,2,10,11,−1,−1,−1,−1,−1,−1,−1,−1,−1,−1,332,1,5,1,0,2,145,1,2,0,0,1
781,0,12,0,7,1,4,1,1,1,2,−1,−1,−1,−1,−1,−1,−1,−1,−1,−1,0,0,0,0,0,0,0,0,0,0,0,0
782,0,5,3,5,3,4,1,1,5,5,−1,−1,−1,−1,−1,−1,−1,−1,−1,−1,78,0,4,0,0,1,41,0,1,0,0,1
783,0,1,0,0,0,0,0,0,0,0,−1,−1,−1,−1,−1,−1,−1,−1,−1,−1,0,0,0,1,0,1,0,0,0,0,0,0
784,0,26,0,0,0,0,0,0,0,0,−1,−1,−1,−1,−1,−1,−1,−1,−1,−1,53,1,0,0,0,1,0,0,0,0,0,0
785,0,14,15,5,21,5,3,2,6,4,−1,−1,−1,−1,−1,−1,−1,−1,−1,−1,1402,5,7,2,0,2,1253,5,5,4,0,2
786,0,19,6,10,6,10,2,2,4,2,−1,−1,−1,−1,−1,−1,−1,−1,−1,−1,61,0,2,0,0,1,445,2,1,1,0,2
790,1,13,0,0,0,0,0,0,0,0,−1,−1,−1,−1,−1,−1,−1,−1,−1,−1,0,0,0,0,0,0,0,0,0,0,0,0
791,1,7,0,0,0,0,0,0,0,0,−1,−1,−1,−1,−1,−1,−1,−1,−1,−1,0,0,0,0,0,0,0,0,0,0,0,0
792,0,12,0,0,0,0,0,0,0,0,−1,−1,−1,−1,−1,−1,−1,−1,−1,−1,0,0,0,0,0,0,0,0,0,0,0,0
793,0,2,0,0,0,0,0,0,0,0,−1,−1,−1,−1,−1,−1,−1,−1,−1,−1,0,0,0,0,0,0,0,0,0,0,0,0
795,0,7,0,0,0,0,0,0,0,0,−1,−1,−1,−1,−1,−1,−1,−1,−1,−1,0,0,0,0,0,0,0,0,0,0,0,0
798,0,32,3,18,4,20,2,3,4,10,−1,−1,−1,−1,−1,−1,−1,−1,−1,−1,29,0,1,0,0,1,460,3,2,1,0,3
799,0,6,4,1,2,0,1,1,4,1,−1,−1,−1,−1,−1,−1,−1,−1,−1,−1,189,5,1,0,0,1,80,2,0,0,0,1
800,0,11,0,6,1,3,1,1,1,6,−1,−1,−1,−1,−1,−1,−1,−1,−1,−1,0,0,0,0,0,0,0,0,0,0,0,0
801,0,15,3,0,5,0,3,0,4,0,−1,−1,−1,−1,−1,−1,−1,−1,−1,−1,114,1,2,0,0,1,0,0,0,0,0,0
802,0,6,12,2,14,4,1,1,9,3,−1,−1,−1,−1,−1,−1,−1,−1,−1,−1,126,2,0,3,0,1,2,0,1,0,0,1
803,1,0,0,0,0,0,0,0,0,0,−1,−1,−1,−1,−1,−1,−1,−1,−1,−1,0,0,0,0,0,0,0,0,0,0,0,0
804,0,25,7,3,6,2,1,1,3,1,−1,−1,−1,−1,−1,−1,−1,−1,−1,−1,0,0,0,1,0,1,0,0,0,0,0,0
805,0,4,4,7,2,8,1,2,4,9,−1,−1,−1,−1,−1,−1,−1,−1,−1,−1,320,2,2,0,0,1,57,2,0,0,0,2
807,0,8,0,0,0,0,0,0,0,0,−1,−1,−1,−1,−1,−1,−1,−1,−1,−1,36,1,1,0,0,1,0,0,0,0,0,0
808,0,4,0,0,0,0,0,0,0,0,−1,−1,−1,−1,−1,−1,−1,−1,−1,−1,0,0,0,0,0,0,0,0,0,0,0,0
809,1,32,0,0,0,0,0,0,0,0,−1,−1,−1,−1,−1,−1,−1,−1,−1,−1,0,0,0,0,0,0,17,0,3,0,0,2
810,0,2,0,0,0,0,0,0,0,0,−1,−1,−1,−1,−1,−1,−1,−1,−1,−1,0,0,0,0,0,0,0,0,0,0,0,0
812,1,11,1,2,4,3,1,1,5,3,498,"1817,47","−88,62",202,20,74,"1317,57","−87,93",13,59,104,2,1,2,0,2,0,0,0,0,0,0
813,0,17,3,10,3,10,1,1,2,5,−1,−1,−1,−1,−1,−1,−1,−1,−1,−1,0,0,0,0,0,0,0,0,0,0,0,0
814,0,8,0,0,0,0,0,0,0,0,−1,−1,−1,−1,−1,−1,−1,−1,−1,−1,0,0,0,0,0,0,0,0,0,0,0,0
815,0,5,0,0,0,0,0,0,0,0,−1,−1,−1,−1,−1,−1,−1,−1,−1,−1,0,0,0,0,0,0,0,0,0,0,0,0
816,0,9,0,0,0,0,0,0,0,0,−1,−1,−1,−1,−1,−1,−1,−1,−1,−1,0,0,0,0,0,0,0,0,0,0,0,0
817,0,53,0,0,0,0,0,0,0,0,−1,−1,−1,−1,−1,−1,−1,−1,−1,−1,0,0,0,0,0,0,0,0,0,0,0,0
818,0,23,0,0,0,0,0,0,0,0,−1,−1,−1,−1,−1,−1,−1,−1,−1,−1,0,0,0,0,0,0,0,0,0,0,0,0
819,1,5,0,0,0,0,0,0,0,0,−1,−1,−1,−1,−1,−1,−1,−1,−1,−1,0,0,0,0,0,0,0,0,0,0,0,0
820,1,40,0,0,0,0,0,0,0,0,−1,−1,−1,−1,−1,−1,−1,−1,−1,−1,0,0,0,0,0,0,0,0,0,0,0,0
822,0,0,0,0,0,0,0,0,0,0,−1,−1,−1,−1,−1,−1,−1,−1,−1,−1,0,0,0,0,0,0,0,0,0,0,0,0
823,0,10,0,0,0,0,0,0,0,0,−1,−1,−1,−1,−1,−1,−1,−1,−1,−1,0,0,0,0,0,0,0,0,0,0,0,0
824,0,42,0,0,0,0,0,0,0,0,−1,−1,−1,−1,−1,−1,−1,−1,−1,−1,0,0,0,0,0,0,0,0,0,0,0,0
825,0,1,0,0,0,0,0,0,0,0,−1,−1,−1,−1,−1,−1,−1,−1,−1,−1,0,0,0,0,0,0,0,0,0,0,0,0
826,1,11,0,0,0,0,0,0,0,0,−1,−1,−1,−1,−1,−1,−1,−1,−1,−1,0,0,0,0,0,0,0,0,0,0,0,0
827,0,13,0,0,0,0,0,0,0,0,−1,−1,−1,−1,−1,−1,−1,−1,−1,−1,0,0,0,0,0,0,0,0,0,0,0,0
828,0,14,0,0,0,0,0,0,0,0,−1,−1,−1,−1,−1,−1,−1,−1,−1,−1,0,0,0,0,0,0,0,0,0,0,0,0
830,0,0,11,11,12,15,2,4,10,14,−1,−1,−1,−1,−1,−1,−1,−1,−1,−1,85,2,3,0,0,4,101,1,3,0,0,1
831,0,11,0,0,0,0,0,0,0,0,−1,−1,−1,−1,−1,−1,−1,−1,−1,−1,0,0,0,0,0,0,0,0,0,0,0,0
832,1,29,0,0,0,0,0,0,0,0,−1,−1,−1,−1,−1,−1,−1,−1,−1,−1,0,0,0,0,0,0,0,0,0,0,0,0
833,0,4,0,0,0,0,0,0,0,0,−1,−1,−1,−1,−1,−1,−1,−1,−1,−1,0,0,0,0,0,0,0,0,0,0,0,0
834,0,10,0,0,0,0,0,0,0,0,−1,−1,−1,−1,−1,−1,−1,−1,−1,−1,0,0,0,0,0,0,0,0,0,0,0,0
835,0,13,0,0,0,0,0,0,0,0,−1,−1,−1,−1,−1,−1,−1,−1,−1,−1,0,0,0,0,0,0,0,0,0,0,0,0
838,0,73,0,0,0,0,0,0,0,0,−1,−1,−1,−1,−1,−1,−1,−1,−1,−1,0,0,0,0,0,0,0,0,0,0,0,0
839,1,16,0,0,0,0,0,0,0,0,−1,−1,−1,−1,−1,−1,−1,−1,−1,−1,0,0,0,0,0,0,0,0,0,0,0,0
840,0,11,0,0,0,0,0,0,0,0,−1,−1,−1,−1,−1,−1,−1,−1,−1,−1,0,0,0,0,0,0,0,0,0,0,0,0
841,1,4,0,0,0,0,0,0,0,0,−1,−1,−1,−1,−1,−1,−1,−1,−1,−1,0,0,0,0,0,0,0,0,0,0,0,0
845,0,26,7,2,6,1,1,2,6,2,18,"766,67","−85,93",15,0,0,0,0,0,0,96,1,1,0,0,2,120,1,2,2,0,2
846,0,22,3,12,2,10,2,3,4,8,−1,−1,−1,−1,−1,−1,−1,−1,−1,−1,27,1,0,0,0,1,23,1,0,0,0,1
847,1,0,0,0,0,0,0,0,0,0,−1,−1,−1,−1,−1,−1,−1,−1,−1,−1,0,0,0,0,0,0,0,0,0,0,0,0