digital_school,digital_offschool,social_school,social_offschool
0.10130910959530548,0.095353945545427,0.4301035476214791,-0.05732881165690543
-0.5285865124193615,-0.5044270397128278,-0.9151834874902975,-0.7869589234483032
0.9785536469236269,0.8366194226057067,0.36629350180812015,0.5962061729508243
1.4338772273861822,1.110706098586449,-0.2969332458410178,0.28620210918442074
-0.0872606246672076,-0.18388821221794038,0.6415285441888243,0.06245483832710607
0.4370561823781749,0.25853344348686635,0.9201354017614461,0.22410571990800449
-0.5285865124193615,-0.5044270397128278,-1.0695627627089146,-0.7444609594781144
0.020708181206639587,0.05758018599278082,0.5359615725079725,0.09762402829911135
-0.4237249830718771,-0.5044270397128278,-0.22012243760559547,-0.27354849403690423
-0.5285865124193615,-0.5044270397128278,-0.39518305556609407,-0.6250949568437475
-0.5285865124193615,-0.29414025712958813,-0.09144209340418497,0.6207834180838417
0.31266406016314324,0.4841181944088487,1.064398728652825,1.6822391706635806
1.024721113987827,1.2807178880356844,1.0893514293183388,1.5485225939723433
-0.2718122877316528,-0.3567711970940834,-0.014695841472555232,0.5648894132564669
-0.04204426139022707,0.6915603168438689,0.49005795153386933,0.14294176848376808
-0.5285865124193615,-0.3824129802597108,-0.6561129592830895,-0.17188526184714112
-0.3698012099341109,-0.5044270397128278,0.6166159438841328,0.1824750933888859
-0.15128143116244028,-0.004090333023264947,-0.38067583628031104,-0.6919512139723145
0.364358752760659,0.8020591624299725,0.38603571598123076,0.3325996314664069
2.724089463932757,2.200165743261669,-0.16352868257159336,0.022584053057260616
2.41315154721877,2.1160392076746364,-0.30561128437555046,-0.20587589136665854
-0.14911841262931638,-0.12481002748006825,0.5455281823831755,0.6119579193788923
-0.23154880761110685,0.3230883690848425,0.0772378793480224,0.15462034230681465
-0.25984547370656286,-0.2393351610903805,-0.28550389309279545,-0.7742977606685716
-0.4102252583731722,0.3206230460841064,0.018150812242638592,1.2555229508067784
0.6371814556602599,0.27070505126333755,-0.24377039327250655,-0.5045735884186571
-0.3609709558897846,0.1593427318337642,-1.0309425015672504,-0.6121429537760088
-0.4070503424288319,-0.5044270397128278,0.7768734418249807,0.27169588461021316
-0.5285865124193615,-0.5044270397128278,0.5456780847115115,-0.6736472241418219
-0.5285865124193615,-0.5044270397128278,-0.17251323050741535,-0.6910632122225034
-0.04369780609880239,0.36790193056509823,-1.0358930384628633,-0.5441183125976751
-0.5285865124193615,-0.5044270397128278,1.0312430277802744,0.638811799385994
-0.4237249830718771,-0.2532024377475183,-0.05056256550542976,0.7814275080641526
1.0103733603640315,2.5516342351155994,-0.592234766983361,-0.23156376505025816
1.3517672133484324,2.6051274455535824,-0.26319639518595894,-0.11258366706628793
-0.40429866858249436,-0.5044270397128278,-0.024443952188737128,-0.7922887665156322
1.0352114614366479,2.20936153988413,-0.045141345131482,-0.22560681347045114
-0.5285865124193615,-0.5044270397128278,-0.5834784426412678,-0.4432426477953946
-0.5285865124193615,-0.5044270397128278,0.877192279660741,0.2894556514191921
-0.24808774310947246,-0.5044270397128278,0.7149142840295182,-0.14432353421020228
-0.42371483591334524,-0.25291198891382377,0.19712148743791302,0.2920556149977409
-0.5285865124193615,-0.5044270397128278,0.6286115780985282,0.3146779297624236
-0.5285865124193615,-0.5044270397128278,-0.1698478814869535,-0.18851506045740407
0.2891527237628149,0.12946390157325932,-0.24516558877612116,-0.05579642589421825
1.6063174850831166,1.5126680494775147,-0.28418360991562697,0.21528551593679868
1.6037080597510136,1.81092547855198,1.006857921555485,1.3888455946731137
3.524184282508878,2.848039644085008,1.1470047168611415,0.35317872480011925
-0.24705839937007149,-0.4139841694841417,1.214221792033633,0.9034215240478136
0.43551919813768564,0.26718745737096206,0.06345163861242686,1.046159080563236
0.3326354450986117,1.5748498883541897,1.3897971017868789,2.7293848197314134
-0.5285865124193615,-0.5044270397128278,0.1838016016464652,0.359939670414254
-0.5285865124193615,-0.33857738473454857,0.2523357212621623,-0.029284919300005763
-0.3060501499606489,-0.3123580179578576,-0.02429509313159374,0.15660720419107169
-0.014957958963760704,-0.12133150182964823,0.6405530889209051,0.39038625394729093
-0.14868045451600992,0.29595731761627375,0.44304774700936994,0.17707027984677204
-0.06626134370669552,-0.3306116418710174,-0.8147940130438467,-0.19677794033649898
-0.31885639905788954,-0.344005180986664,1.4485847793167719,0.10506440913405346
-0.5285865124193615,-0.27064379450957776,0.28341386892060916,0.7857881782255278
0.03655673783981782,-0.23752792666857334,-0.026651042903194908,-0.11258108442962216
-0.16232981505874272,0.027648688705367644,0.2620433027297796,0.7763690325660912
-0.4070503424288319,-0.3737888049220485,0.44337135500196473,0.27184250448708064
-0.35373539858826275,-0.2981120877927987,-1.32379769386001,-0.9480922447883242
0.06320416659066075,-0.29446711934053504,0.4836918413367075,0.41057490235433824
-0.2647757437361587,-0.3036789061252624,-0.8785154602085803,-0.5723720538462845
1.017368831446864,0.3903003108367651,0.35498253075252456,1.0316635218799233
-0.37686582992854983,-0.23715411502937073,0.17016280243030912,0.7491142602010352
-0.5285865124193615,-0.2936845979807053,0.021419699803290948,0.777622752402847
-0.37051599803986923,-0.279867216541099,1.2758128551971186,0.5985595940601363
-0.3839954284215104,-0.16415672852405666,-0.5755258354978825,-0.03202858360489269
-0.01872119130267211,-0.14845071028950654,-0.049505298829314884,-0.5473524288666721
0.04661202537865017,0.06311278032881612,-0.06280524476549044,0.13083973478576472
-0.20530573800888444,0.003060018982181445,-0.2667998367721175,-0.2875452615858135
-0.5285865124193615,-0.5044270397128278,-1.4897341942734212,-1.015762515511787
-0.5285865124193615,-0.5044270397128278,0.2888430786430423,0.3099870305733485
-0.43362098701895246,0.10769108740488928,0.7965673122263096,0.6545405055642145
-0.5285865124193615,-0.3735178758742131,0.43551412251436183,0.15726936449893564
-0.43362098701895246,-0.2975273902199368,0.7555783217884655,1.378727587424477
-0.2607582558063244,-0.23962560992407506,-1.0469821193302817,-0.5876497821028235
-0.39420542285653387,-0.42071084481877746,-0.2643555609799222,0.39247150237755374
-0.5285865124193615,-0.5044270397128278,0.16733220663789972,-0.2989920240291083
1.0793243725026644,0.23624478138818314,-0.6671698103710237,-0.3893519576496418
-0.5285865124193615,-0.5044270397128278,-0.7094287732799057,-0.8106581904565356
-0.5285865124193615,-0.5044270397128278,0.5443202676448833,-0.2672442363219216
0.3593140108514916,1.0378532607224793,1.3393042664662391,1.606961467008841
-0.2311630153954364,-0.25769485898656014,-0.8541538278809819,-0.34020097072328676
5.045923948928946,2.7541273807307474,1.0117970374801502,0.48020294601992614
3.895374163959187,1.6774016909610157,0.16140838364840898,0.08888336313596823
0.2654558313868414,0.3671357795237923,1.2992859589209003,1.7470160906533947
0.3721845197801134,0.401520279710987,-0.3916213155853734,-0.7331909050172594
-0.12373048242441484,-0.241132677721778,-0.2817013016472258,-0.113674758416585
1.0883353083990772,1.2106777328008955,0.9505171779935366,1.1467093676409592
0.9093462439062324,0.6029003906881901,-1.028007609051065,0.46080425754825305
0.2987889579924992,0.03690578907622979,0.8184359131639568,-0.5070192883475051
0.37216713340471025,-0.13854085472251385,0.6386383036267148,0.13952634833965433
-0.5285865124193615,-0.4075751270232201,0.497654885766167,0.07764046274144469
0.9035264266298775,1.169871474190329,1.1986003207851863,0.8915939063786636
-0.5285865124193615,-0.5044270397128278,-0.1478698907768476,0.6873226295930228
0.028312634941764333,0.3606898457507038,0.4224914965906751,0.07694512537367748
-0.5285865124193615,-0.5044270397128278,-0.31346764249148135,-0.559964410219115
0.4703223330082516,0.7105280520517063,0.14256026504561164,0.07995954106369325
-0.5285865124193615,0.2696482088799477,0.8437550082324341,0.7693943841072325
0.8164825872989581,0.032703777383448124,0.4991550558193962,-0.44911603067994293
-0.5285865124193615,-0.419009651328457,0.40292678495507317,0.31580529736275553
-0.12551150616194764,0.5138644042344709,0.29358484998325585,0.42919586419348305
-0.5285865124193615,-0.5044270397128278,1.7611242119729644,0.027844338220594345
-0.0781180299694589,-0.004227241402174467,-0.07903926813295613,-0.19953144194038994
-0.5285865124193615,-0.4238763144384204,-0.2319970015896511,-0.34577239394901793
-0.5285865124193615,-0.5044270397128278,-0.21563144385971167,-0.4177319807901458
0.3034195330353201,-0.27587680453874996,0.7980941893435347,-0.04429844360457119
-0.03535103479390872,-0.15242033790591097,-0.39112209201216885,-0.6369864949965385
0.44020515250757913,-0.11142609057491436,0.20002462069700552,0.3772358117316424
-0.43362098701895246,-0.20335623919374726,-1.7706871312170773,-0.843802888873398
-0.26528516026152876,-0.3219325300384222,0.05905188183706858,-0.6847637483337875
0.18288155764902753,0.4713155232007307,0.528372678163186,1.0273791060965727
0.18847094491854827,0.16026033923617183,0.5224155958580281,-0.0735210285297714
0.12946724425908043,0.0743055326947008,-0.034885364378752615,-0.6428199828175201
-0.28535250613747914,0.2296729541390576,0.23428079127566354,0.1886412047012135
-0.2862939390425823,-0.4056747593396844,0.477602713658386,0.31096004289736134
-0.5285865124193615,-0.5044270397128278,-0.3631632689609432,-0.5523691503078844
-0.5285865124193615,-0.5044270397128278,-0.45833127778119587,-0.6274812878127207
-0.13575422933881937,-0.4123754002671083,0.09914271354742454,0.14999039189687285
-0.5285865124193615,-0.5044270397128278,0.5769534697437482,0.4173482425712012
0.006481802546217646,0.024984866902720587,0.21443201996649508,0.09990298721656213
-0.2673056788461776,-0.2000018662947992,-0.32432272807751106,-0.5519851596458671
-0.5285865124193615,-0.5044270397128278,0.41002506012531154,0.7363698947936697
-0.3951182049562954,0.2605477754591352,-1.1193535827547183,-0.335250038792662
-0.5285865124193615,-0.5044270397128278,1.0969739726157393,0.22144945219836612
0.9907044364721014,-0.025403791488872285,-0.25672456753772344,-0.30070712392402577
-0.5285865124193615,-0.29097478750994515,0.5057472357171745,-0.32622767894618393
1.927333986195802,3.4469203123818852,1.1215377408729745,1.1767583817043321
1.8405182094902635,2.996518244257569,0.8027384049303731,0.5346683142992057
-0.5285865124193615,-0.5044270397128278,0.1729780184029055,-0.04181332138248545
0.6626851467558479,0.267525833799097,-0.16242523968095218,-0.457727407032088
-0.03360940685526077,0.16005349235505031,1.0066631008570606,0.36712232942865464
0.19196463296272856,0.39115098367244083,-0.5695908696424131,-0.5486859793851365
0.28828991539761367,0.8328381547081306,0.22170113132277447,0.5667253260709494
0.4929138045660256,-0.09708234186338267,0.5191737152633027,-0.05939984165152673
1.0388142432620149,0.7300712926952049,-0.3355113296555039,-0.5026764293210123
0.06430206774373833,0.0035110436479884608,-0.2972159948700786,-0.6925442636305983
-0.5285865124193615,-0.41559293870117503,0.5436249315705146,0.20612251034449727
-0.0882914399680483,0.18880544906183613,1.350968637945362,1.6128370933074612
-0.5285865124193615,-0.5044270397128278,-0.3946416886393598,-0.31214815085446757
-0.11326607196076811,-0.11473926366307031,0.9176428465985558,0.22749080052375548
0.6584331982019086,0.17932693292806845,0.6697528122987758,0.58494245729965
-0.2549401087671507,-0.23400104925535464,0.0831780887320912,0.12018183938997179
-0.5285865124193615,-0.3234814877018306,0.3232839470351025,0.36438359417781185
-0.24973930033655584,-0.18372671328681078,1.1131930820841716,0.5752002290075623
-0.5285865124193615,-0.5044270397128278,0.29034453686569983,0.1917399163475198
0.18366070364542392,-0.18416883237395654,0.8257691242352356,0.4249554030495176
0.39305198443347483,0.18477514822814178,0.6170438698680525,0.6801374700189265
-0.5285865124193615,-0.5044270397128278,-0.3323533440167921,0.19549149281953238
-0.28950783035951727,-0.3927525367889936,-1.3948559087821273,-0.5342022285033451
0.34824759807060174,-0.030259944165984,0.4055159415577384,0.15845657193177665
0.8461693137648707,0.09988921108349975,0.09875997286971652,-0.026286990649399183
-0.17803192403297718,-0.23054441264020128,-0.558488022603506,-0.4278907163249026
-0.5285865124193615,-0.18370130339907612,0.4583180039261461,-0.10710199720832896
-0.5285865124193615,-0.5044270397128278,-0.3556494043484912,-0.5462090530388104
-0.1300758589123182,0.015203208673171507,0.09505278625154058,0.12708569531380273
-0.16551018667276576,-0.18963040577248497,-0.019586085671565,0.11969376412255578
0.27728973716304767,-0.10097477848330695,-0.5319981102964499,-0.5032221088712706
0.6133758566359392,0.9329227608299974,0.4640598409126372,0.4847939717957154
0.31910205431979244,0.47370422574370397,0.5052049467053448,0.5326653185438012
-0.08359281774654427,0.04211265030511332,0.46679748138421306,0.10376093287024601
3.6100037908209135,4.946330770439139,1.12591594566915,1.5451252330227638
-0.2777342124858872,-0.1568921046472186,0.9492983645792245,0.4982172098646988
0.588680939221468,0.31322165909183386,-0.10719102156429283,-0.13367483294182517
0.8402174276730536,0.21454296716530108,0.593885715511466,0.9302672608638763
-0.10289093316638523,0.1379348106844741,0.32232336147412866,1.3049085606776236
-0.5285865124193615,-0.5044270397128278,0.02032967706479641,0.38405710863613496
-0.5285865124193615,-0.4239023488456323,0.0697383325896867,0.040833292893497464
0.0032125646635032534,-0.41556690429396315,0.75667236597714,0.6331675316737841
-0.5285865124193615,-0.5044270397128278,-1.1381149044628451,-0.9027863771408621
0.6653856968241136,-0.2538067133276972,0.6972618076706167,0.0602850577148889
-0.24188155375419595,-0.025917394270234845,-0.6092825454153072,0.09414267387367506
-0.33638695014949865,-0.42071084481877746,-0.35510373259191014,-0.15367597864118618
-0.2676106214640026,-0.24544876198968318,0.2493347608685248,0.5111959771411789
-0.5285865124193615,-0.5044270397128278,-0.11292121885753775,-0.45027698781051273
0.7122426605625869,0.51921750190418,0.6455544215314947,1.0633758746970086
-0.5285865124193615,-0.29802217746195203,0.3251757960774076,0.5671277192970121
0.010764906178528957,-0.2432483953011374,0.21620196672193998,0.3129026825351695
0.5177205658664431,-0.11151629567025421,0.4703507307055989,-0.12968213547500113
0.12180856393997085,0.15851208207145878,0.13193680605271288,0.35635175169458916
-0.13372475781105356,-0.4123493658598964,1.0707625184920717,0.01590944326678189
-0.5285865124193615,-0.5044270397128278,0.40643127476469953,0.09604077296039318
-0.055998220649359234,0.06677137268618516,0.6422067896772325,0.5803993148072947
-0.5285865124193615,-0.5044270397128278,0.4107324650078441,0.004835019688305776
-0.2748941058285707,-0.5044270397128278,0.21787067920417977,-0.6041648030455383
-0.13835927234295267,-0.10862915612734302,0.10651833390499768,0.006929705197319752
-0.5285865124193615,-0.19340574752140316,0.8114342620227196,0.051425547035747324
-0.17834201984981551,-0.32382515498275666,0.2877942767823404,-0.5332475410344967
-0.3962657629095703,-0.26168952225268255,-0.1033398254791686,-0.21670592052609317
-0.3943202371758751,-0.5044270397128278,0.7557203859389774,0.2712699843240311
-0.20967990052741917,-0.5044270397128278,0.035247304648165355,0.016902295341760885
0.4706890459594219,0.3807890199869236,1.3215516566055059,0.7860727600546634
1.1610950356414405,1.1488526708223648,1.0986181222246536,0.6084568648252872
-0.5285865124193615,-0.5044270397128278,0.1801267887178063,0.40817291775574566
0.4503222715921147,-0.18689912899879835,0.0018226838890799818,-0.2974981868308833
-0.19094701036958683,-0.29480192431200525,-0.3614076235066729,-0.4692224203939336
-0.1488025397609052,-0.24721530174353956,-0.8374228841866397,-0.89405577186781
-0.3657256993597488,-0.3538973259409427,-0.9370619667958909,-0.8141790884517051
-0.2644569484751458,-0.35479272618891206,0.060030098011266686,-0.33039423728386597
-0.1885003753207459,-0.4238763144384204,0.706136664779026,0.7509703815905621
-0.5285865124193615,-0.5044270397128278,0.41115652832247573,0.2615210168035427
0.22774668939963755,0.1595930434355051,0.14940840218524004,0.03888488266789994
1.1802034085756503,0.8678607003053207,-0.3012380558311003,-0.23899211171729948
-0.5285865124193615,-0.4238763144384204,-0.9323967143640435,-0.9387734093891287
0.46638875928227813,-0.08575353180844862,-0.521193275589823,0.39084725058282943
1.6336400848347754,3.2703519013614892,0.4084643504788617,0.6981257211320048
-0.2777134555657557,-0.2857089961395396,0.5959239588178136,0.3330189353272466
-0.5285865124193615,-0.5044270397128278,0.07339532330692797,0.30082581314158063
-0.42055006712753684,-0.23548593097380618,-0.2928672739805712,0.2769647042993978
1.22829452748692,1.0033227421150688,0.4536045700655343,-0.048873629924477274
-0.5285865124193615,-0.5044270397128278,-1.0502862310839243,-0.8484444017761372
0.23482849133665507,-0.07750287795170578,-0.03721050419054954,-0.26325191435875295
-0.3994514020715047,-0.5044270397128278,0.4172843242082722,0.0043115766981734124
-0.27279421434387735,-0.40599239221339856,0.013350256956684445,0.18746029848670273
-0.5285865124193615,-0.5044270397128278,-0.05185290933309537,-0.20147660869689826
-0.5285865124193615,-0.5044270397128278,-0.026078587030839817,0.5665175491788887
-0.5285865124193615,-0.3992657168787628,0.17419438951949656,0.1329398890769726
-0.42371483591334524,-0.5044270397128278,-0.08238729831088698,-0.5215572306532505
-0.39114532123153484,-0.5044270397128278,-0.6551790286715445,-0.5348226264738978
0.35893697949921716,0.3633536337442046,1.1683785728122784,1.0793385929888122
-0.30900526948114965,-0.23861207123972172,-0.6456160351877404,0.0753493247169213
0.3121985330495869,0.6289365964470046,0.9226023664288152,0.7283129196593583
-0.5285865124193615,-0.40760116143043196,1.0232448637831277,0.04810338436648555
-0.28079525638635067,-0.5044270397128278,1.0341908161814923,1.069118054575209
-0.25402355107669433,-0.4239023488456323,-0.17195797943746144,0.3275961383031782
-0.5285865124193615,-0.5044270397128278,-1.3138449143862856,-0.998938276454873
0.007957781583183467,0.2339493587626753,0.4170457161030843,0.9305989662996011
0.3097732518132889,-0.03623190782824799,0.818257969140222,0.7153696149085867
-0.12575699431968745,0.008970154324531271,0.6747030467447811,0.5316139170100436
-0.3964296997600381,-0.36898548023445954,0.12300499253299098,0.21421020862747894
-0.5285865124193615,-0.5044270397128278,0.2706783533168831,-0.10665854527980079
-0.39666447561355145,-0.38259399897669966,-0.3848670579099135,-0.6004317174101055
-0.2950318656048199,-0.41240143467432017,0.2121406266857787,0.371790463445047
0.1831343021422716,0.32207041349501786,0.9799919763165462,0.5981252668557503
-0.5285865124193615,-0.5044270397128278,-0.3618803400928761,-0.5529691395130163
-0.08877752905793919,-0.37916183168568585,0.12576103297187363,-0.4393539662117524
-0.2871424515089843,-0.25788874468488054,-0.28285959439081787,-0.5291434099081228
0.588861960510593,0.44696398957508476,1.101972537147564,1.1350320309073407
-0.266424088138133,0.002016878910451436,-0.6895840598084904,-0.5483585217005963
-0.16278093933668764,-0.2505890019032522,-0.9400281084383633,-0.5754825574305856
-0.28084901264477613,-0.2922996869578517,-0.5145634981837571,-0.01957812882325033
-0.2560769435028314,0.04709696178704486,0.7267024816958703,0.4343087281255247
-0.4033858864827328,-0.5044270397128278,-0.15208276807062043,-0.14518626858880967
0.10949799024350643,0.4819285374747919,0.04937531364878216,1.0572696726412167
1.6164651791827391,1.1429751537655581,0.0611531316523775,1.3085892227418845
-0.5285865124193615,-0.5044270397128278,0.49393870594952766,-0.12107843419228254
-0.07577880594051342,-0.17140503891151299,0.10978660091293513,0.5153978354818248
0.9958257912436748,0.674610841475166,-0.31501015509384017,0.06879655599946077
0.35087019197277186,0.6252316877979106,0.9767426000079169,0.4782706203004131
1.348338430136562,1.9091087911311009,0.4972012083351171,0.7001576984795774
0.6391627186686014,0.31019665328600565,-0.0979829945415875,-0.14911364761964738
-0.039691936554438874,-0.1706492137511652,-0.3674354101095958,-0.3314120667579433
0.39752096211917337,0.5392591597481967,0.38070727807252003,0.28707632238630687
0.1458683883022412,0.05428568170532655,-0.06837040807975871,-0.08529586839115874
0.628299801704764,1.5299823754436819,0.7633696571737534,0.47281800026330184
-0.5285865124193615,-0.3909563067343056,0.49169424755886104,-0.21497400983805381
-0.36019118928550453,-0.2610802487117354,0.14245336438697173,-0.07491950182347715
-0.5285865124193615,-0.5044270397128278,-0.38755332506802476,-0.705137976993027
0.9573005656668273,1.447072076930942,0.4829999436026373,0.3302492233050157
3.117780710733643,3.907882985846066,0.7270833319623327,0.6079333339610387
-0.23574799407221902,0.8507296612201005,0.488952718936856,0.6885677634297277
-0.5285865124193615,-0.5044270397128278,0.061936081085754005,-0.07299412616335145
-0.28328742743457047,-0.2298288217782789,0.6631277469626867,-0.06607316613367817
0.18566339913020347,-0.06879765521824846,0.7005867806790715,1.063050276049531
-0.4070503424288319,-0.5044270397128278,-0.40458059925679646,-0.4953149421218448
-0.5285865124193615,-0.2512819521769508,0.42249062900144047,0.01867685563369259
-0.5285865124193615,-0.3928827088250531,0.28247673821412317,0.6943534035202582
-0.5285865124193615,-0.5044270397128278,1.1096624933868529,1.1774925837350123
1.1497830943201934,1.6134964423252285,-0.04004226382747125,-0.13355855189868726
3.6535083750466386,2.1414100078936875,0.4526264833496602,1.1862782840929216
-0.3926591521992778,-0.26661992533189954,-0.33661479047668136,-0.3458525725489077
-0.39355061773012695,0.2970223929169645,0.13622821813783814,-0.1753105155192302
-0.2956665916742497,-0.3018045728489387,0.5036768522827555,-0.14718770964359496
-0.5285865124193615,-0.5044270397128278,-0.26193022628992213,-0.10341939075095724
0.18451152640632867,-0.04908148910532391,-0.14386210022341211,0.6902869060162496
-0.39846778096869767,-0.25534237728386305,0.14855860165587748,0.3207968649136997
0.16433445994859652,0.9095333500533554,-0.5625440491482543,-0.4862281505275601
0.31502028523123055,-0.09273975406598152,0.4007240643125573,0.631606965291134
-0.5285865124193615,-0.5044270397128278,-0.18142965264349514,-0.28046101193954076
1.3580437627868447,1.736670278809704,-0.05217321737045422,-0.2950029467071281
1.3092701210362996,1.411015879150086,-0.13504958101126646,0.1757683508631922
1.677712001056894,1.7827450058401255,0.30843451070053407,0.7146724067130782
-0.5285865124193615,-0.5044270397128278,-0.03266564758483674,-0.016651857781270124
-0.5285865124193615,-0.5044270397128278,-0.46837568610217933,-0.6593566932652797
1.3342157237492829,0.1426623666083089,-0.0899933453307582,-0.004790089610665606
-0.36098110304831654,-0.297115884384625,0.7294885234646201,0.3052636452986093
-0.5285865124193615,-0.5044270397128278,-0.3872679213893065,-0.5825167203354874
0.3898393577728586,0.08629101522623658,0.9480656800424799,0.7587260938146689
-0.5285865124193615,-0.5044270397128278,1.0558607125695665,0.1347748611843633
0.3896341214774852,-0.20276646029586315,-0.320485117856567,-0.10444762549272292
-0.1460389408659379,-0.19821108169259843,0.3977302408746325,1.282936219745706
-0.5285865124193615,-0.5044270397128278,-0.550096267239899,-0.14483526890548581
0.17192931977098444,0.6488364837956596,0.22041224413668997,0.6524870630982891
-0.4078199618745801,-0.5044270397128278,0.024113669250502623,-0.12030311107961159
-0.5285865124193615,-0.5044270397128278,-1.3258959946203226,-1.027622730480421
-0.36098110304831654,-0.19313501838400843,-0.16881332956879175,-0.7112435966622297
-0.5285865124193615,-0.5044270397128278,0.24910759677941094,-0.007068754580273639
-0.5285865124193615,-0.5044270397128278,-0.06316276750227307,-0.3164164457448568
-0.5285865124193615,-0.5044270397128278,-0.23705938758257022,-0.8462809337470413
0.14104333697819577,-0.041674258958605506,0.6137663942152864,0.5308061467869708
-0.5285865124193615,-0.25392616867637485,-0.6094015118168016,0.6235314943012598
0.5472407406134296,1.117516786154184,0.20345348443245403,0.747702324665404
-0.051285730247625935,-0.1833261594912277,1.1529717980892535,0.915176256202038
-0.27312488182380423,-0.27915639342954796,-0.8442703467069508,-0.5391252082168921
-0.5285865124193615,-0.2590602502235546,-0.21553357654320812,-0.4900038163015821
-0.43362098701895246,-0.5044270397128278,0.15542192907232125,0.053987882941816806
-0.5285865124193615,-0.5044270397128278,0.3279790418687444,-0.07452405432209808
-0.027606728682852535,-0.30557927380879807,0.5919352430465986,0.24768457911077663
-0.4078199618745801,-0.33504221342676765,-0.6147540430817795,-0.9102028563799753
-0.0662952233140029,-0.39963541856690077,0.0479043657318271,-0.3161378859003743
1.093937216227981,1.2607050164072842,-0.4387021099377568,-0.2604797773646158
-0.5285865124193615,-0.34013408513715815,0.531402601784886,0.4658434761915378
-0.08342718090858034,0.07551746282549841,-0.7533728122153563,-0.9799179333584209
-0.5285865124193615,-0.5044270397128278,0.22916100788280802,-0.3418851161108918
0.2503619692877864,-0.028045116229588107,0.6394770735109214,0.11376425697176445
0.07574393671274753,-0.09537035118388473,-0.559842592494018,-0.2097687882604458
-0.032715261208409036,-0.13236457698048804,-0.421343723742454,-0.37897491861324206
0.9000892044034537,0.5013867046224916,0.6186654504507098,0.39840881957788743
-0.26670754669294194,-0.5044270397128278,-0.17285767623630965,0.2812923414040418
0.27251450872990646,0.2163035168964207,0.9245848695041631,0.7608423909002696
-0.2933948867302013,-0.5044270397128278,-0.15675097677149236,-0.2483120042725584
-0.5285865124193615,-0.3496305654716252,-0.9213999363068709,-0.39894563507062164
-0.5285865124193615,-0.5044270397128278,0.2164081878907776,-0.42875119731405203
-0.2912307256121484,-0.11139485818561219,-0.401352787276752,0.35297869768087753
-0.5285865124193615,-0.5044270397128278,0.16494564592323796,-0.10175263074019658
-0.37764559653282986,-0.28603904974213923,0.015219794248607088,-0.578376669555501
-0.0802329176535051,0.9270912968177207,0.13112756836324257,0.2638908757000009
-0.2516949298788272,-0.4222935796285989,-0.3773506937516834,0.4463130474382633
-0.5285865124193615,-0.5044270397128278,0.818634918978677,-0.07235441386796061
0.29476046065929845,0.23712504692086095,0.611227640094852,0.04923348587337273
-0.38798055244572643,-0.28621172614207807,-0.7159307857979411,-0.6304913799006399
0.7559547700564615,-0.27850881660123,0.9415498489887386,-0.03370863042908162
0.9384184763466799,0.3259173994924412,0.10836535733007314,-0.12748578050488446
0.7137535650252078,0.9093419790630325,0.40213363119698786,0.7088238971070883
0.498903585300544,0.08016636063930761,0.4281510276257532,0.5709255412666884
-0.2904211885183411,0.206759759745948,-0.47393233664727824,0.13165996748375383
-0.42371483591334524,-0.41556690429396315,-0.15014754904709537,0.006182848003427929
-0.2989936028199434,-0.5044270397128278,-0.28596187656874333,-0.1674425575675777
0.0017260488652160455,-0.3666373076411502,0.6986521166972983,0.15446635187812185
-0.09339713917837433,0.9651090253197434,-0.0072678678247266315,0.8356644853845631
-0.5285865124193615,-0.4206848104115655,-0.27473918795703534,-0.5431996011185898
-0.42053991996900497,-0.5044270397128278,0.31985479816286255,0.6395896464867569
-0.29064524115426027,-0.21487083952082156,-0.41978493451073384,-0.7171599161814108
0.013213037707484596,-0.030312012980407768,0.11442042579105215,0.20633389088196868
-0.5285865124193615,-0.5044270397128278,-0.35881398844849466,-0.01941507900325784
-0.3585859537082563,-0.37663359022427656,-0.6630966631297175,-0.001067269778164008
0.8779637930069581,0.6137625700104525,0.38737617074588354,0.6624829845437683
0.5553769141930514,0.09525884030034257,0.8118489678397903,0.37669607916895603
-0.14600393576908227,-0.027072222386086753,0.4113387264732086,1.0009231787768844
0.72357847222785,0.14077416727143174,-0.10898561205098395,0.5585134760204369
-0.5285865124193615,-0.5044270397128278,0.05133076010704439,-0.04954381075727943
0.12519394487791857,-0.35640149540594546,-0.1491757200674175,-0.05425201204363839
0.05903278435379372,0.6727063493872685,0.8857147542272943,1.6017774662593487
0.23228852140011463,0.04648174470254738,-0.3312564917878292,-0.7124061265590915
-0.3871804915243826,-0.17905605301488398,0.5819354483994889,-0.2050589211986264
-0.1649256709427478,-0.21555010363875798,-0.6919565386005583,-0.4661375398750316
0.9403587103890525,0.41358713104323125,-0.6423676260747526,-0.25210903060987233
0.14890015324544303,-0.01277389996849142,0.9712797794564412,0.8438840294512664
-0.5285865124193615,-0.5044270397128278,0.7133240129512028,0.6011750203030515
-0.5285865124193615,-0.5044270397128278,-1.1324075298234024,-0.7799588594841559
0.037492449155901546,-0.07459185623518705,0.88402283780496,1.050659524026615
-0.5285865124193615,-0.5044270397128278,-1.2507822125001715,-0.8425788942342375
0.7756171236676015,-0.20687906225007846,0.828066384800949,0.028102732486259115
-0.5285865124193615,-0.41395813507692975,-0.2581793377980094,-0.3103969105470329
0.5977170951061734,0.20601018905710705,0.06509709157032295,-0.3812364909717222
0.033902172600844646,0.44171386946154445,-0.4047686318155177,-0.2911825290173474
-0.5285865124193615,-0.2545070663437639,-0.8319605762301734,-0.7528629446388715
-0.5285865124193615,-0.34010805072994627,-1.6914072775585232,-1.1760935863771376
0.3689628567902697,-0.22824608696845744,0.760617834189437,-0.11866340337821105
-0.1745519692911403,-0.07354546108070692,0.04999423847853401,0.3238024312609645
-0.27762261099165514,-0.4239023488456323,-0.12224787269132051,-0.4105914874654313
0.17758480962006656,0.1442493407811292,0.10669592953468686,0.8271623298985964
-0.5285865124193615,-0.5044270397128278,-1.4847174603787021,-0.9596115543551145
-0.07055480843088861,-0.40952756352117947,0.5511676399594341,0.4566333417379473
-0.5285865124193615,-0.5044270397128278,-0.24518824551896118,-0.6233359382895624
0.6154117125616745,2.9143967287848915,0.41798417559911366,0.8630389030459191
-0.07705459738944163,-0.29935730291526996,0.241735321715646,-0.014749543024284717
0.1998922801398217,0.07440081584275088,0.968395555373758,1.0331173118754142
-0.5285865124193615,-0.5044270397128278,-0.22480544254345147,0.09814972881002368
2.3007266993232958,1.1876352951162912,0.442849457514129,0.688032004873669
-0.07236129036348847,-0.22178158138696846,-0.3535354925574913,-0.5400905816651843
-0.5285865124193615,-0.5044270397128278,0.4054039576483956,-0.7292377752042073
-0.4237249830718771,-0.5044270397128278,0.16085730449203403,-0.27858460819058856
-0.18779238874231036,-0.24074422583613464,0.16434162808414488,0.2031482899026296
-0.5285865124193615,-0.5044270397128278,-0.7296657688754611,-0.9375558657513945
-0.5285865124193615,-0.5044270397128278,-0.3371149366674576,-0.21359474420758118
-0.5285865124193615,-0.2813773227658256,0.873030010387363,0.4234484662212932
0.1671961266393442,0.059726105253247716,0.39047637993068696,0.21130054394818232
-0.087717195900472,-0.13420823387836545,-0.3040790279653196,-0.5805714049753086
0.28581154832453204,0.014517297528052475,0.5846506612410446,0.33162455601165597
-0.4012547074266509,-0.16287451558871213,0.9766445948744789,0.40902774951915033
-0.5285865124193615,-0.5044270397128278,-0.05312111948630249,0.23362189401485128
-0.2658899967610163,-0.29118993635929813,-0.21972494198565473,-0.10923514707272614
0.7502197384632223,0.2236189993905905,0.7846856693885201,0.5088929256237652
2.4207483585952367,0.5713489347104557,-1.0553249204225128,-1.0771292035562108
0.08461359857613418,-0.2729768989783974,0.16706265548701643,0.38524579032393663
-0.06942098753758913,0.3333184898736992,0.5938166653738617,0.5981817736801155
-0.41099487781892036,0.021663880192944455,0.27790227109279164,0.2742307549289562
1.56445363641427,1.2354352257844894,0.007831356112382726,0.8787065742382106
-0.5285865124193615,-0.5044270397128278,0.34394539201918034,-0.10012465665020637
-0.5285865124193615,-0.5044270397128278,-0.28854719070592383,-0.3756567417364611
-0.07451303377336467,-0.15871441229876246,0.6797611530341067,0.3537583159032012
-0.21333102892646522,-0.5044270397128278,-0.09088803555276714,0.07827400824507519
-0.5285865124193615,-0.5044270397128278,-0.38288694122035377,-0.3923159864100706
-0.2617186021758613,-0.35481876059612394,0.0029119255952046452,0.2894595682818537
-0.5285865124193615,-0.5044270397128278,-0.2771971447078232,-0.21620598838888544
-0.41735485686613283,-0.5044270397128278,-0.014304712109788467,-0.019550346568746158
-0.5285865124193615,-0.5044270397128278,0.12463450586755799,-0.13795429593438813
-0.5285865124193615,-0.5044270397128278,-0.0018598559151163374,0.23634796513890616
-0.14479817901787284,-0.3842035969924579,-0.26249828386099644,-0.3608200776736657
0.20520044220753464,1.0153137191202324,0.14366257794993348,-0.16843751647881375
-0.22516544175480185,-0.32512403406527707,0.8053625634129793,0.49029680830300965
-0.19328360478822115,-0.34174285435419155,0.3756962417614937,0.5089667151939853
-0.5285865124193615,-0.5044270397128278,0.1695189797810764,-0.5855371759944334
-0.42053991996900497,-0.3000991588819564,-0.3692519821636811,-0.36632986409259366
0.10179760365169174,0.32541599431854973,1.1065172894686157,0.9132302351575954
-0.22749686495875487,-0.41910207560174406,-0.8191843413905568,-1.29256723442823
-0.5285865124193615,-0.5044270397128278,0.29794140828079385,0.11279312365698776
0.24364380150718734,0.5586624479058472,-0.6605409140038918,-0.7706770138170029
-0.27580688792833224,-0.24278833192385213,-0.7170642126499758,-0.6070958732902432
0.6974531596584455,0.045487605494125366,-0.4205500590412274,-0.1825696102212978
-0.5285865124193615,-0.5044270397128278,-1.2619728504376333,-0.9856187788825104
0.7898301959670406,0.47552271879475877,1.0489855401079675,0.6127275592465351
1.1605469627398728,0.7107745653717435,0.283362674556649,0.24762110387550884
-0.5285865124193615,-0.5044270397128278,-0.5333460516030428,-0.31655876277352396
-0.42053991996900497,-0.5044270397128278,0.00410057766518962,-0.46494704217283356
-0.24625145569235524,-0.5044270397128278,0.21622529026237614,-0.09930852185477122
-0.28420020953433195,-0.023693597253448134,0.568365413587049,-0.25480360302940985
-0.5285865124193615,-0.5044270397128278,-0.5648233138082873,-0.2896310491949523
0.05634228795348857,1.078303720367233,-0.8104612786050791,0.4104028161737767
-0.14803035105247478,0.4283900223518894,-0.13966201953159618,-0.09400298394671808
-0.5285865124193615,-0.5044270397128278,-0.3271166956818852,-0.09272741510102106
-0.43362098701895246,0.02069284161454492,0.20680622341297178,0.68941117641678
-0.5285865124193615,-0.40599239221339856,-0.5202671630343512,-0.42615986740150913
-0.5285865124193615,-0.5044270397128278,-0.15103191956600576,-0.07502314872631202
-0.21298953213567923,-0.4239023488456323,-1.1800135164024248,-1.0170602262646962
0.8005485225666711,0.7056200225596777,0.8671022868846542,0.24467254350236237
0.6005335447434724,0.1750081243831838,0.10908512071849977,-0.40431337506438214
-0.402659300077816,-0.5044270397128278,1.6221938870935286,0.6024075101439008
0.07997558341945615,-0.2953174271663814,0.0381250356284876,-0.08078619261979894
-0.17541633777837298,-0.40952756352117947,-0.16866068098206713,-0.5468491890096955
1.172926167490329,0.23092971271454915,0.3144685090800071,0.3531071910042723
-0.012066975524497994,-0.18563839538305743,-0.6738213752141133,-0.40318600773780433
0.8588983292976988,1.1845945567391787,-0.40593094889720954,0.300243236536213
-0.2222597725637086,-0.19030114681061105,-0.34452336752899493,-0.5345301970560282
2.152190834971562,0.8711983063273483,-0.005410300132647955,-0.09082075797267788
-0.16396389311476628,-0.15226413146263956,0.429965439092862,0.1963248293236944
-0.3152597329727631,-0.2040859066096541,0.4454491668711902,0.7767113688379786
-0.5285865124193615,-0.35424099322186875,-1.044757867571529,-0.6860670194513283
-0.36996514678457876,-0.5044270397128278,0.4010006101213369,0.05772995827784411
-0.179254192020319,-0.4238763144384204,-0.4154431378629416,-0.9245430986245908
0.285228077799229,0.6259256397790718,-0.2963212514603786,-0.8458001816514944
1.4661845941576048,1.9937961692588402,0.186811151285655,-0.1645026990203409
-0.5285865124193615,0.29176032016518044,-0.30077702497432734,-0.6445198953797934
-0.5285865124193615,-0.3652545399152328,0.0820077759872793,0.07310227109681768
-0.3124761256936133,-0.5044270397128278,-0.6320757529457363,-0.5651199735906793
1.682423679396526,1.3124691682784122,0.03385261355449473,0.5110415950791765
-0.41099487781892036,-0.3368761912442282,-0.4373329823003881,-0.13601045576055582
-0.5285865124193615,-0.5044270397128278,-0.3478398328920011,-0.7626419446134567
-0.3347309787795909,-0.3138288723996303,-0.5161334870184303,0.03819718931507961
-0.2862634975669866,-0.0449938608232008,-0.3885114919936719,0.4521682815831364
-0.2617546174837544,-0.29382377388868164,-0.5274826258213919,-0.3143861254937584
0.2816936141513279,0.8882604092820294,0.38822917097905757,0.24452119995747962
1.237483298607548,1.4048031908876535,-0.051984635908475324,-0.052621036694825346
-0.5285865124193615,-0.5044270397128278,0.13076341572823874,0.27925521443727186
0.064352381623717,0.07419458801146711,0.40527397973946994,0.2685223357810311
2.0086777470276798,0.6834340352866016,-1.0443267848685254,-0.6456349802681292
-0.5285865124193615,-0.5044270397128278,-1.341732533749759,-1.1977596265074255
-0.5285865124193615,-0.5044270397128278,-0.36451600654195404,0.41689728876757765
-0.5285865124193615,-0.5044270397128278,-0.2858073781343721,-0.3842105187542524
0.09066961390741443,0.704464338307464,-0.3206923092139029,-0.26347974475128866
-0.5285865124193615,-0.13737947908132328,-0.291731610154909,-0.20774591666399467
-0.5285865124193615,-0.5044270397128278,0.10339494173287038,-0.25542022442969226
-0.35373539858826275,-0.38056203111793396,0.34218368120139325,-0.2343793484849675
0.16694730388980716,0.22428285022307815,-0.3641664509188336,-0.17416135160671092
-0.33195417527332527,-0.38002017302226315,-0.5632949913485901,0.4231226198292552
0.11130046292384323,0.25762706553789894,0.9731774970220191,0.8043302022407999
0.36035987656422214,-0.31069717992640045,0.3458108263102766,0.15419691615695552
0.6285525190354754,0.058938995118386274,-0.09925118833114219,-0.198430120992641
-0.5285865124193615,-0.343469056146588,-0.4646754398579394,-0.17365940422500756
-0.41021511121464027,-0.3941478107611604,0.17496324291704593,-0.352937626254776
-0.2749996213841697,-0.38110388921360483,-0.562254973893666,-0.6656470476853112
-0.5285865124193615,-0.5044270397128278,-1.300472206263178,-1.0475658532625909
1.3256732883507363,1.7741344893579871,0.17951652749241953,1.2634901405804313
-0.2076247435046608,-0.09083479385124646,-0.5193365963286447,-0.06167155219796222
-0.5285865124193615,-0.3451845407644472,0.44073898155445435,0.473066363371047
-0.5285865124193615,-0.5044270397128278,-0.31828912752627847,-0.39409377161854886
-0.5285865124193615,-0.5044270397128278,-0.46821226250404047,0.0401043592174552
-0.3357023450368005,-0.5044270397128278,-0.5183456252925299,-0.15882482407444523
-0.5285865124193615,-0.5044270397128278,-0.3661885413701136,-0.3625513991032473
-0.41021511121464027,-0.09010929706587796,0.2528332360482154,-0.26431382485269084
-0.5285865124193615,-0.5044270397128278,0.2779333170439823,-0.07466415263431436
0.5829047749885803,1.074073122681078,-0.5764379896689595,-0.215146021092711
-0.2786770710975077,1.117149505571894,0.7894341330906937,-0.2863958932844664
-0.4110050249774522,-0.5044270397128278,-0.09134692235696223,-0.31056035612078986
-0.14609092684988617,0.01675769575019352,0.37691123867999654,0.6072535236939701
-0.5285865124193615,-0.5044270397128278,0.07115774204461146,0.04201170846662464
-0.3223791843071918,-0.5044270397128278,-0.9663473706792947,-0.6583445043128309
0.07486062381007368,0.47830912976139983,-0.21676504226488336,-0.19635483859877711
-0.1885105224792778,-0.32509799965806513,0.5327646968326623,0.16789100076405883
-0.5285865124193615,-0.5044270397128278,-0.11354173160886627,-0.23895287856532574
-0.5285865124193615,-0.5044270397128278,0.7099472683248023,-0.1638996771496922
0.4009045255468208,0.411038948468903,0.12436383804871715,0.6961625684551144
-0.27888549320014105,-0.3152058547037864,-0.284488002990446,1.2489305381375089
-0.2699601130379959,-0.4174933063847107,-0.030975661932231946,-0.20540817444013165
-0.5285865124193615,-0.047330344749066944,-0.33676645979908837,-0.05582449808322072
0.07715207883458859,-0.21834619927497756,0.4343306357073514,0.5059024630131355
-0.39116561554859863,-0.39090423791988177,0.08183883320272191,-0.324994276290715
0.10064486760913664,-0.1810602622856476,0.1561512692303756,0.09646456124953001
-0.38795011097013077,-0.28658027819740833,-0.13186581589132035,-0.22825529697977587
-0.3224096257827875,-0.5044270397128278,0.1142146457354574,-0.10651753838277515
-0.33158650431084635,-0.11462698992030812,-0.7228284288889213,0.1582379433576725
-0.07621725597402178,0.10616984375897429,-0.336878920654985,-0.21543633694450698
0.052149857445842066,-0.20527029303304511,0.44902492786866305,0.6131776276141823
-0.5285865124193615,-0.5044270397128278,-0.29976761237519917,-0.15933518383125936
-0.26767337401550084,-0.4239023488456323,0.34369094278936063,-0.17916733001190283
0.2716464202452879,0.279052782377621,-0.15315418286888155,-0.081616855349969
-0.14276821452423377,-0.5044270397128278,0.6905992750913957,0.36300432222638934
-0.08695772361325574,0.1070600564375007,-0.7994566135727952,-0.9724955351282085
0.16283952293241621,-0.016541760240678906,-0.22587821207806213,0.1260876022725246
-0.42371483591334524,-0.3735178758742131,-0.4976652908068462,-0.2524189148162849
0.3858544103358825,0.6546506833635455,-0.2310589606677272,0.11424408641172959
-0.5285865124193615,-0.21841173004237166,-0.546426107920581,-0.8169475278418337
-0.38796025812866264,-0.419009651328457,0.47745395399198864,0.43039905827960356
-0.05561479626211206,-0.4072835285567178,-0.4456015228441784,-0.874704645941822
-0.5285865124193615,-0.5044270397128278,0.7454488882237363,-0.17634555603814314
0.07616273425024182,0.915844742095619,0.7799995060367424,0.14905600701463778
1.2759038442639035,0.13721643638178488,-0.02716615526710163,0.20300917275848315
-0.33158650431084635,-0.19883521616491157,-0.367489337940292,-0.06716346935549955
-0.3561236123422349,-0.16610240269286322,0.26749245081940265,0.6165312574382884
1.6072152869258614,1.7227270888536386,0.6666127036100141,0.7206471952069374
0.5350110263300438,0.8893858781923891,-0.490426892793116,-0.37638775034436434
-0.5285865124193615,-0.4239023488456323,-1.0064463485617035,-1.026630604229545
-0.5285865124193615,-0.5044270397128278,-0.1529086370996464,-0.28978577098646185
-0.5285865124193615,-0.5044270397128278,-0.22158901477713377,-0.4910995052944904
0.22339142245472637,0.35664885941626406,0.1339186081699077,-0.18888106415234032
-0.4038652793259597,-0.3746551193191052,0.15865713613348112,0.07183049587411827
0.7929215566955583,0.6698336409788141,0.8522661745963515,0.2982078404518721
-0.3450760818510194,-0.2753693976469293,-0.7939103834862601,-0.7067252014956695
-0.3800711873484858,-0.21297351965180827,-0.015942893703452476,-0.7425330007933979
0.8934943574422847,0.4137213324327561,-0.6518480008165496,-0.45591879294144855
-0.5285865124193615,-0.5044270397128278,-0.0749016594285532,0.02288043045826227
-0.14218465666015698,-0.20113131994379707,-1.2649638536855794,-0.968712737982474
-0.12007672692267339,-0.24169943763772894,-0.07967092922216193,0.26002339968061916
-0.5285865124193615,-0.5044270397128278,0.6422793763124099,-0.2965045189174376
7.082666046240678,6.338449531538127,0.13481935053182842,0.5028038974262079
-0.5285865124193615,-0.5044270397128278,-0.2732863377077304,0.0639008459290262
0.011899242297617973,0.25622333006667825,0.7005157114064223,0.5277559585407439
0.11746899912407649,-0.41556690429396315,-0.047864533229220185,-0.16483994275576766
-0.1277051905060339,0.08406370258225215,-0.3452174373271908,-0.08566167250093693
0.5713067434822304,0.19099172624632518,0.06844992059152026,0.44455641891427966
-0.18139115454436452,-0.28413414586878344,0.6083737306493118,0.724881839372766
0.33994181753083547,0.3390213094045776,-0.774977577139823,-0.30978668542008814
-0.5285865124193615,-0.5044270397128278,-0.3728310115963936,-0.3558076482936377
-0.14092308844045112,-0.028653149387519818,-0.5318000998033775,-0.2308281812918078
-0.16013946249267383,0.25823506489321774,-0.47848053702079274,-0.08421288882362257
-0.5285865124193615,-0.4238763144384204,-1.2495723715221392,-0.8429194099272143
-0.5285865124193615,-0.5044270397128278,-0.2517413579915422,-0.5301206217680681
-0.2951747811228462,-0.28042535971434296,-0.4268028444366446,-0.5654911829441795
-0.5285865124193615,-0.29397504681439984,-0.05856997353222129,0.1726429420739563
-0.5285865124193615,-0.5044270397128278,-0.5047371967502641,-0.088581805024631
0.3235912771239364,0.39333571911900367,1.0360135310593772,1.0893925506023892
-0.213225250264657,-0.3270504361560246,-0.05654356512255573,0.48369376190565244
-0.5285865124193615,-0.5044270397128278,-0.6357530441351787,-0.3687234221345004
0.7622321706050303,0.6174333274454678,-0.17228121819093165,0.617105738603918
-0.12193482824404643,-0.5044270397128278,-0.3557134404768069,0.12068196924294422
-0.06828387964837317,-0.40723145974229397,0.2986447238930934,0.3437676056191593
0.0748210074544541,0.04456935748594631,-0.339193322057707,-0.03923856744672921
-0.5285865124193615,-0.5044270397128278,-0.8084462153459357,-0.23351103125100853
-0.5285865124193615,-0.5044270397128278,0.22831418342398446,-0.09433535236012666
-0.06815122898912161,-0.39958334975247695,-0.1665931694900758,-0.32383317745454415
-0.5285865124193615,-0.4159105715748892,-0.46853760259545985,-0.09347164691545501
-0.5285865124193615,-0.5044270397128278,0.6648726391558446,0.8280669452337005
0.5396504148678065,0.11169555170019153,-0.5432532504607885,-0.015847297335717547
-0.2567656729666737,-0.23463401573716755,-0.029984503097483267,-0.2573925471947229
-0.4237249830718771,-0.41556690429396315,0.3556047093845605,-0.3522201921885416
-0.173742313116918,-0.2987667525133254,-0.07881843745387024,-0.13156858882563918
0.5300025034921887,0.2995920896391311,-0.017615340761785225,0.14956247724956723
-0.3840055755800423,-0.38024554787702747,-0.45143256614608596,-0.5798991524310464
3.75005265227815,4.933441273085599,0.5458346854124652,0.30736672903111917
-0.5285865124193615,-0.4123754002671083,-0.12247022829439434,0.14649661628954408
-0.5285865124193615,-0.5044270397128278,-0.5012144139609538,-0.499044388883262
-0.5285865124193615,-0.5044270397128278,-0.6848436225553605,-0.9281430601464553
0.37959828474534996,1.8059602952936105,-1.5523342741583452,-1.227693398448334
1.9036562562700023,0.6214100162167832,0.034256881396419026,-0.4063719822583622
-0.5285865124193615,-0.24339526399845315,0.12669131461707359,-0.42411974635144334
-0.3274347824632713,-0.3270244017488127,-1.4687049369944893,-1.126963664716583
-0.5285865124193615,-0.5044270397128278,-0.9307222923834853,-0.6675536496943457
-0.5285865124193615,-0.3761816121594962,0.09567128773723173,0.09219627015827532
0.24740469456896258,-0.12955069208482234,-0.8040956165950367,-0.636465386625637
-0.5285865124193615,-0.5044270397128278,0.18197509568493037,-0.428998037442151
-0.5285865124193615,-0.5044270397128278,0.5450688644127502,0.4063618451187539
0.16544701737245449,0.31903955143900686,-0.9219504780736584,-0.891792807089252
0.4109412603133241,1.5058045903881694,0.7072249579928792,0.31325588803780446
-0.5285865124193615,-0.5044270397128278,0.17300538758959708,-0.15348570607191828
0.057870095708567375,0.6040286328701105,-0.16737280317453151,0.0030642605239810383
-0.3967255336744672,-0.5044270397128278,-0.38759748812272865,0.07361412573751121
-0.22409548392176354,-0.03484567168038366,-0.3570478593308707,-0.37220915521510756
0.11723503173852826,-0.0002772647090937457,-0.2795212306573215,-0.8545032161929772
-0.055594501945048266,-0.4072054253350821,-1.6524481409858303,-1.3754812277079629
0.5121122037662122,0.2031088346592786,-0.9286383785330475,-0.7726889872097222
1.231542949567088,1.0536336475988062,0.32855555242062634,0.4746262109976361
-0.4015825811275866,-0.12456056374563866,-1.0458193259724822,-1.3137323835119719
-0.5285865124193615,-0.5044270397128278,-0.6319132103134919,-0.453214520372634
-0.13109720072696857,-0.5044270397128278,0.05386271830374076,-0.348519781889835
0.03879552134817403,-0.030609097248215804,-0.38089521399257636,-0.2520173590539926
0.25319124307341817,0.15302161516171145,-0.10689377768695117,-0.023876375655837
-0.5285865124193615,-0.5044270397128278,-0.49366500528535423,-0.8606647340319634
-0.5285865124193615,-0.5044270397128278,-0.6797351361194166,-0.9956188700447582
-0.18120311184595936,-0.28286743252892044,-0.603253466787874,-0.46114984736317327
-0.41099487781892036,-0.4238763144384204,-0.737366075024699,-0.8327088061355739
-0.28495379343349797,-0.3051769520156519,-0.3631093791282277,-0.6912101682556171
2.054960820042911,0.8297705508535507,-0.46602484835224495,0.040357740526266755
0.39928444720479767,0.23907004330293258,-0.9737398734900161,-0.8493569209676646
-0.19733037622589183,-0.008934365055873694,-1.4141652763531878,-0.8480711958887532
-0.42371483591334524,-0.2578375006762183,-1.0221141657324226,-0.8742037967020841
-0.5285865124193615,-0.5044270397128278,-0.2766128880030242,-0.3548183266441347
-0.09803846890984573,-0.3932003416987673,-0.0042749180785240926,0.18152656217930574
0.13709727607082095,0.06347417695762697,0.058198332790793644,1.3712030164551914
-0.2831088759397101,-0.3301495159095924,-0.09011759458411311,0.12518637385105738
-0.5285865124193615,-0.41554086988675126,1.1544418903466505,0.813704780393103
-0.5285865124193615,-0.5044270397128278,-0.6031570954695306,-0.24690811721800443
-0.03220826631650607,-0.1437384321488744,0.30716501873908175,-0.12614799298862278
-0.5285865124193615,-0.5044270397128278,0.2864549319651726,0.7349430997358928
-0.5285865124193615,-0.27708529747765,0.6545530643009768,-0.19916973258117338
-0.199893064790883,-0.4175193407919226,-0.06926544572545061,0.32848703005424507
0.35695617470349716,-0.04922176722502247,0.9049418480422063,0.878573820984511
0.2947198720251708,0.7354950801927501,0.5095564076567769,1.4903461770838702
-0.4102252583731722,-0.5044270397128278,-0.20366932186959197,-0.2541424320184995
-0.2896015042660019,-0.21034690573221893,0.41288918016304993,0.18735373260564303
-0.28663991773998665,-0.5044270397128278,-0.6754033484996304,0.04358820427130136
0.01680597730151437,-0.17756882936456397,-0.8893058508357461,-1.01254931019285
-0.3975053002787473,-0.36666334204836215,-0.8884973249237692,-0.24718064497004993
0.27558218904104875,0.1615394843156045,-0.6963267538083187,-0.41689523551752233
-0.29264377093126287,-0.1095745737703614,0.3654972043308346,0.03386464990746997
-0.5285865124193615,-0.419009651328457,-1.7706871312170773,0.541812700824048
0.07717487230829584,0.050176881147862416,0.5818713976796034,0.4921964060883226
0.8893111141253784,0.9044491206026144,0.007159085973097903,1.1578837447180226
0.5088632731151552,0.23246777278130587,-0.3027351147848566,-0.6155171959966513
-0.5285865124193615,-0.5044270397128278,-1.5728888499413782,-1.3754812277079629
-0.42053991996900497,-0.5044270397128278,-0.5477513001054873,-1.024702996005539
0.37576266633568417,1.1050571871343542,-0.4644871191775503,-0.8176595571717427
1.1416474992864516,0.4849370790252708,0.9363212942100517,1.3136711134790937
0.963069944781159,0.315130224790263,-0.18802868246527243,-0.22884722357487108
-0.5285865124193615,-0.5044270397128278,0.18575846200757593,-0.2482810957466099
-0.2585169935905371,-0.41556690429396315,0.10397141856638616,-0.6013939042679651
-0.5285865124193615,-0.5044270397128278,-0.0554850498112979,0.0104670338795389
0.12785331373463452,0.05717939272629166,-0.42983957484313146,0.3881761850875465
-0.31567839062152053,-0.38286492802453503,0.10079835695714337,-0.2792738141472111
-0.5285865124193615,-0.5044270397128278,0.055347144787621955,-0.16228559778858317
-0.5285865124193615,-0.35342357214132103,0.008648412175546141,0.21023076178963507
-0.16098683137437242,-0.10965591218743839,-0.9986436118737657,-1.1032668862905608
-0.057214134915402115,-0.0508008941883359,-0.7118507255105067,-0.9887110811613141
-0.1798884095874866,-0.12226409245182086,-1.7706871312170773,-1.2919748709085719
-0.3609709558897846,-0.29679940114371856,-1.6899608641963044,2.9531204865910463
0.08905091700312817,-0.08586698033887333,1.584984502405686,0.47183866444277306
-0.39036555462725475,0.11133576220916971,-0.4189657673422921,-0.0023385392969270703
-0.19641426216717067,0.11036111785194438,-0.24548563681134944,-0.5108627163900307
-0.22037741362432617,-0.41910207560174406,-0.38748453457170573,-0.468792650359924
0.20070224987624832,-0.20801173521223093,0.453048263473707,-0.2222617145403295
0.14308288586593143,-0.0024705642551310636,0.4639789692357865,0.5318670339874103
0.35706996679065317,-0.06873883946980316,0.2501843338285157,0.3794338350371135
-0.3872007858414464,-0.17937253625579042,-0.6112710785665497,-0.673929867017719
-0.5285865124193615,-0.5044270397128278,-0.8036742949254514,-0.772288953245782
0.32774195452331806,0.07199322755936254,-1.1702144139320594,-0.7763827531575463
-0.4110050249774522,-0.20717560773796642,-0.9887544189241964,-1.1178978429307733
-0.5285865124193615,-0.5044270397128278,-1.5124124336443252,-1.3754812277079629
-0.14197714864329725,-0.04619958346442053,-1.7706871312170773,-1.3332231955865386
-0.07632491637546575,-0.40403995571543916,-0.3495460616741537,-0.9443957913468232
-0.07040476189570856,-0.047146896685123785,-1.5338256150611733,-1.3754812277079629
