method,k,silhouette,eps,min_samples,clusters,noise,noise_percentage
K-Means,2.0,0.4218097737340081,,,,,
K-Means,3.0,0.351088714475284,,,,,
K-Means,4.0,0.3287751727082581,,,,,
K-Means,5.0,0.34359725413735803,,,,,
K-Means,6.0,0.3447928503241878,,,,,
K-Means,7.0,0.3277047300997758,,,,,
K-Means,8.0,0.2732291111059249,,,,,
Hierarchical,2.0,0.3205774430977017,,,,,
Hierarchical,3.0,0.3320064534435826,,,,,
Hierarchical,4.0,0.29806573304236117,,,,,
Hierarchical,5.0,0.30037449362419366,,,,,
Hierarchical,6.0,0.25086780605498904,,,,,
Hierarchical,7.0,0.2531623257695436,,,,,
Hierarchical,8.0,0.2520140352659555,,,,,
DBSCAN,,0.16765167381368046,0.2,3.0,26.0,514.0,65.31130876747142
DBSCAN,,0.027974042703302452,0.2,4.0,9.0,582.0,73.95171537484117
DBSCAN,,0.1874638176023197,0.2,5.0,4.0,608.0,77.2554002541296
DBSCAN,,0.39147697268278975,0.2,6.0,5.0,621.0,78.90724269377382
DBSCAN,,0.4705886535768925,0.2,7.0,5.0,629.0,79.92376111817026
DBSCAN,,0.48451315210993023,0.2,8.0,4.0,644.0,81.8297331639136
DBSCAN,,0.5410669789888425,0.2,9.0,2.0,660.0,83.86277001270648
DBSCAN,,0.53485361550844,0.2,10.0,2.0,661.0,83.98983481575604
DBSCAN,,-0.0046198190187003154,0.3,3.0,29.0,317.0,40.27954256670902
DBSCAN,,0.06559210170198912,0.3,4.0,17.0,384.0,48.792884371029224
DBSCAN,,0.18086303883031227,0.3,5.0,7.0,443.0,56.289707750952985
DBSCAN,,0.17382386057186505,0.3,6.0,5.0,472.0,59.974587039390094
DBSCAN,,0.23512039225922038,0.3,8.0,2.0,517.0,65.69250317662008
DBSCAN,,0.2605347633016447,0.3,11.0,2.0,563.0,71.53748411689962
DBSCAN,,0.28442906990486444,0.3,12.0,3.0,567.0,72.04574332909785
DBSCAN,,-0.008376428694854703,0.4,3.0,15.0,200.0,25.412960609911057
DBSCAN,,0.008375850255530316,0.4,4.0,6.0,248.0,31.512071156289707
DBSCAN,,0.20137455573412694,0.4,5.0,3.0,274.0,34.81575603557815
DBSCAN,,-0.02554040779579244,0.4,7.0,5.0,319.0,40.53367217280813
DBSCAN,,0.21663776926782402,0.4,8.0,3.0,339.0,43.07496823379924
DBSCAN,,0.5358033759445597,0.4,9.0,2.0,372.0,47.26810673443456
DBSCAN,,0.43482994893227916,0.4,10.0,3.0,387.0,49.174078780177894
DBSCAN,,0.2565708552253448,0.4,11.0,2.0,426.0,54.129606099110546
DBSCAN,,0.4650575282067705,0.4,14.0,2.0,459.0,58.32274459974587
DBSCAN,,0.14464618202185273,0.5,3.0,7.0,123.0,15.628970775095299
DBSCAN,,0.08301277695579112,0.5,4.0,6.0,142.0,18.04320203303685
DBSCAN,,0.2897656686243831,0.5,5.0,4.0,169.0,21.47395171537484
DBSCAN,,0.31641448184996934,0.5,6.0,3.0,193.0,24.52350698856417
DBSCAN,,0.43027385181448546,0.5,7.0,2.0,206.0,26.17534942820839
DBSCAN,,0.22057987488362416,0.6,3.0,7.0,90.0,11.435832274459974
DBSCAN,,0.23703517946201394,0.6,4.0,4.0,107.0,13.595933926302415
DBSCAN,,0.2515376548993642,0.6,6.0,2.0,128.0,16.264294790343076
DBSCAN,,0.23862291007212363,0.6,7.0,3.0,139.0,17.662007623888183
DBSCAN,,0.2779860610161672,0.6,8.0,2.0,150.0,19.05972045743329
DBSCAN,,0.4170909317300479,0.6,10.0,2.0,170.0,21.601016518424395
DBSCAN,,0.42169450887348175,0.6,11.0,2.0,173.0,21.98221092757306
DBSCAN,,0.27357188081068834,0.7,3.0,8.0,54.0,6.861499364675986
DBSCAN,,0.3160334879492191,0.7,4.0,4.0,71.0,9.021601016518424
DBSCAN,,0.3719570807654517,0.8,3.0,5.0,40.0,5.082592121982211
DBSCAN,,0.45541374823782466,0.8,4.0,2.0,53.0,6.734434561626429
DBSCAN,,0.45874394255429257,0.8,5.0,2.0,55.0,6.98856416772554
DBSCAN,,0.3618448187737432,0.9,3.0,5.0,32.0,4.066073697585769
DBSCAN,,0.4668958424787432,0.9,4.0,2.0,47.0,5.972045743329097
DBSCAN,,0.4668958424787432,0.9,5.0,2.0,47.0,5.972045743329097
DBSCAN,,0.45316864681853664,0.9,6.0,2.0,51.0,6.480304955527319
DBSCAN,,0.44240417577030233,0.9,7.0,2.0,52.0,6.607369758576874
DBSCAN,,0.31285357506613204,0.9,11.0,2.0,70.0,8.89453621346887
DBSCAN,,0.3868611165267507,1.0,3.0,4.0,24.0,3.0495552731893265
DBSCAN,,0.5161673607500443,1.0,4.0,2.0,39.0,4.955527318932655
DBSCAN,,0.4418977747114803,1.0,8.0,2.0,48.0,6.099110546378653
DBSCAN,,0.44420597210794743,1.0,9.0,2.0,50.0,6.353240152477764
DBSCAN,,0.44490823568194254,1.0,10.0,2.0,51.0,6.480304955527319
DBSCAN,,0.5040202438647022,1.1,6.0,2.0,28.0,3.5578144853875475
DBSCAN,,0.6189790637720934,1.4,3.0,2.0,13.0,1.6518424396442184
DBSCAN,,0.6189790637720934,1.5,3.0,2.0,13.0,1.6518424396442184
DBSCAN,,0.6317096616089976,1.6,5.0,2.0,12.0,1.5247776365946633
